Account,ALT_SRC,Base Currency,BB Industry Group,BB Industry Sector,BB Industry Subgroup,BB_YK_IDENTIFIER,Bloomberg Identifier,Business Unit,Column 2,Cost,CounterParty,Currency,CUSIP,Desk,DTD BankDebt Interest,DTD Bond Interest P&L,DTD CDS Interest,DTD Cost TransFx,DTD Dividend Interest P&L,DTD External Financing PL,DTD FC Adjustment P&L,DTD Miscellaneous PL,DTD Non Trading PL,DTD Private Fixed Income,DTD REPO Interest,DTD Swap Interest,DTD Total P&L,DTD Total P&L %,DTD Trading P&L,End Date Accr Base Balance,End Date Accr Local Balance,End Date Dirty MV,Executing Counterparty,Financial Type,FiscalYearEndMonth,FSV LEVEL,Fund,Fund Group,Fund Group Description,Future Master Description,Fx,ID_BB_GLOBAL,ID_BB_Unique,ISIN,Issuer Name NM,Issuer Country,Issuer Region,Loan Amount,LOANXID,Local Cost,Market Value %,Market Value Base + Accrued Base Balance,Market Value Local + Accrued Local Balance,Market Value Base,Market Value Local,MTD BankDebt Interest,MTD Bond Interest P&L,MTD CDS Interest,MTD Cost TransFx,MTD Dividend Interest P&L,MTD External Financing PL,MTD FC Adjustment P&L,MTD Miscellaneous PL,MTD Non Trading PL,MTD Private Fixed Income,MTD REPO Interest,MTD Swap Interest,MTD Total P&L,MTD Total P&L %,MTD Trading P&L,NM Strategy,PB Root,PB Country,PB Country Desc,PB Description,Position,Position Block,Previous Month End Market Value Base,Previous Month End Market Value Local,Previous Year End Market Value Base,Previous Year End Market Value Local,Price,PriceSource,Primary Exchange,Prior Day NAV Estimate,Prior Month End NAV Estimate,Prior Month End Price,Prior Year End NAV Estimate,Prior Year End Price,QTD BankDebt Interest,QTD Bond Interest P&L,QTD CDS Interest,QTD Cost TransFx,QTD Dividend Interest P&L,QTD External Financing PL,QTD Miscellaneous PL,QTD Non Trading PL,QTD Private Fixed Income,QTD REPO Interest,QTD Swap Interest,QTD Total P&L,QTD Total P&L %,QTD Trading P&L,Quantity,Related Security,SEDOL,Side Pocket,Start Date Accr Base Balance,Start Date Accr Local Balance,Start Date Dirty MV,Strategy,Symbol,Symbol Description,Total Return Swap,Trade Factor,Trader Name,TRS Quantity,Ultimate Issuer Description,Ultimate Issuer,Underlying ISIN,YTD BankDebt Interest,YTD Bond Interest P&L,YTD CDS Interest,YTD Cost TransFx,YTD Dividend Interest P&L,YTD External Financing PL,YTD FC Adjustment P&L,YTD Miscellaneous PL,YTD Non Trading PL,YTD Private Fixed Income,YTD REPO Interest,YTD Swap Interest,YTD Total P&L,YTD Total P&L %,YTD Trading P&L,Unnamed: 136
BNPP-IPB-NMMF,,USD,,,,USD Curncy,USD,NMMF,,-636.630655,PARIUK,DOL.C-USAA,,NMCL,0,0,0,0,0,0,0,0,0,0,0,0,0,0,0,0,0,-636.630655,,CURRENCY,12,,NMMF,,,,1,,IX244867-0,,United States CCY,US,North America,0,,-636.630655,-2.94E-05,-636.630655,-636.630655,-636.630655,-636.630655,0,0,0,0,0,0,0,0,0,0,0,0,0,0,0,HAHY7,HAHY7,XX,,New PB,-636.630655,HAHY7:XXNMMFNMCL0001,-636.630655,-636.630655,0,0,1,BloombergBFIX,,2149429186,2088428191,1,1461916275,,0,0,0,0,0,0,-636.630655,0,0,0,0,-636.630655,-0.000434194,0,-636.630655,,,,0,0,-636.630655,Hybrid,DOL.C-USAA,UNITED STATES DOLLARS,0,1,Henry Chan,0,,,,0,0,0,0,0,0,0,-636.630655,0,0,0,0,-636.630655,-0.000178434,0,
BNPP-IPB-NMMF,420815619,USD,,,,,,NMMF,,-1027431.189,PARIUK,TRY.C-TIAA,,NMCL,0,0,0,0,0,0,0,0,0,0,0,0,551.483259,-0.028661296,551.483259,0,0,4630.095506,,FORWARD,12,,NMMF,,,,0.020877,,,,,,,0,,-49212495,0.000213665,4630.095506,221775,4630.095506,221775,0,0,0,0,0,0,0,0,0,0,0,0,4630.095506,0.013550061,4630.095506,HAHY7,HAHY7,XX,,New PB,-1000000,HAHY7:XXNMMFNMCL0001,0,0,0,0,48.99072,BloombergBVAL,,2149429186,2088428191,,1461916275,,0,0,0,0,0,0,0,0,0,0,0,4630.095506,0.003157813,4630.095506,-1000000,,,,0,0,4078.612246,Hybrid,USDTRY091626-196789440,TD 08/03/2026 VD 09/16/2026 SELL USD VS .BUY TRY @ 49.21249500,0,1,Henry Chan,0,,,,0,0,0,0,0,0,0,0,0,0,0,0,4630.095506,0.001297716,4630.095506,
BNPP-IPB-NMMF,420815621,USD,,,,,,NMMF,,-1027454.217,PARIUK,TRY.C-TIAA,,NMCL,0,0,0,0,0,0,0,0,0,0,0,0,551.476806,-0.028660961,551.476806,0,0,4653.123328,,FORWARD,12,,NMMF,,,,0.020877,,,,,,,0,,-49213598,0.000214728,4653.123328,222878,4653.123328,222878,0,0,0,0,0,0,0,0,0,0,0,0,4653.123328,0.013617452,4653.123328,HAHY7,HAHY7,XX,,New PB,-1000000,HAHY7:XXNMMFNMCL0001,0,0,0,0,48.99072,BloombergBVAL,,2149429186,2088428191,,1461916275,,0,0,0,0,0,0,0,0,0,0,0,4653.123328,0.003173518,4653.123328,-1000000,,,,0,0,4101.646523,Hybrid,USDTRY091626-196790774,TD 08/03/2026 VD 09/16/2026 SELL USD VS .BUY TRY @ 49.21359800,0,1,Henry Chan,0,,,,0,0,0,0,0,0,0,0,0,0,0,0,4653.123328,0.00130417,4653.123328,
BNPP-IPB-NMMF,420815623,USD,,,,,,NMMF,,-1027460.564,PARIUK,TRY.C-TIAA,,NMCL,0,0,0,0,0,0,0,0,0,0,0,0,551.475027,-0.028660869,551.475027,0,0,4659.470072,,FORWARD,12,,NMMF,,,,0.020877,,,,,,,0,,-49213902,0.000215021,4659.470072,223182,4659.470072,223182,0,0,0,0,0,0,0,0,0,0,0,0,4659.470072,0.013636026,4659.470072,HAHY7,HAHY7,XX,,New PB,-1000000,HAHY7:XXNMMFNMCL0001,0,0,0,0,48.99072,BloombergBVAL,,2149429186,2088428191,,1461916275,,0,0,0,0,0,0,0,0,0,0,0,4659.470072,0.003177847,4659.470072,-1000000,,,,0,0,4107.995045,Hybrid,USDTRY091626-196790880,TD 08/03/2026 VD 09/16/2026 SELL USD VS .BUY TRY @ 49.21390200,0,1,Henry Chan,0,,,,0,0,0,0,0,0,0,0,0,0,0,0,4659.470072,0.001305949,4659.470072,
BNPP-IPBFX-NMMF,128960,USD,,,,,,NMMF,,-5931643.013,PARIUK,BRL.C-BSAA,,NMCL,0,0,0,0,0,0,0,0,0,0,0,0,36046.76435,-1.873396841,36046.76435,0,0,-105145.7766,,FORWARD,12,,NMMF,,,,0.19233,,,,,,,0,,-30841044,-0.004852163,-105145.7766,-546696.0024,-105145.7766,-546696.0024,0,0,0,0,0,0,0,0,0,0,0,0,-119362.8137,-0.349317494,-119362.8137,HAHY7,HAHY7,XX,,New PB,-6000000,HAHY7:XXNMMFNMCL0001,14217.03708,72148.61976,0,0,5.23129,BloombergBVAL,,2149429186,2088428191,5.128149,1461916275,,0,0,0,0,0,0,0,0,0,0,0,-105145.7766,-0.071711411,-105145.7766,-6000000,,,,0,0,-141192.541,Hybrid,USDBRL091626-196354929,TD 07/23/2026 VD 09/16/2026 SELL USD VS .BUY BRL @ 5.14017400,0,1,Henry Chan,0,,,,0,0,0,0,0,0,0,0,0,0,0,0,-105145.7766,-0.029470088,-105145.7766,
BNPP-IPBFX-NMMF,420815449,USD,,,,,,NMMF,,-1981438.279,PARIUK,BRL.C-BSAA,,NMCL,0,0,0,0,0,0,0,0,0,0,0,0,12038.01222,-0.625631023,12038.01222,0,0,-30824.65126,,FORWARD,12,,NMMF,,,,0.19233,,,,,,,0,,-10302310,-0.001422465,-30824.65126,-160270,-30824.65126,-160270,0,0,0,0,0,0,0,0,0,0,0,0,-39827.76468,-0.116556694,-39827.76468,HAHY7,HAHY7,XX,,New PB,-2000000,HAHY7:XXNMMFNMCL0001,9003.113423,45689,0,0,5.23129,BloombergBVAL,,2149429186,2088428191,5.128311,1461916275,,0,0,0,0,0,0,0,0,0,0,0,-30824.65126,-0.021022996,-30824.65126,-2000000,,,,0,0,-42862.66347,Hybrid,USDBRL091626-196625592,TD 07/30/2026 VD 09/16/2026 SELL USD VS .BUY BRL @ 5.15115500,0,1,Henry Chan,0,,,,0,0,0,0,0,0,0,0,0,0,0,0,-30824.65126,-0.008639483,-30824.65126,
BNPP-IPBFX-NMMF,420815451,USD,,,,,,NMMF,,-1982076.813,PARIUK,BRL.C-BSAA,,NMCL,0,0,0,0,0,0,0,0,0,0,0,0,12041.40207,-0.625807198,12041.40207,0,0,-30186.11727,,FORWARD,12,,NMMF,,,,0.19233,,,,,,,0,,-10305630,-0.001392999,-30186.11727,-156950,-30186.11727,-156950,0,0,0,0,0,0,0,0,0,0,0,0,-39833.83738,-0.116574466,-39833.83738,HAHY7,HAHY7,XX,,New PB,-2000000,HAHY7:XXNMMFNMCL0001,9647.720107,48960.25,0,0,5.23129,BloombergBVAL,,2149429186,2088428191,5.128335,1461916275,,0,0,0,0,0,0,0,0,0,0,0,-30186.11727,-0.020587504,-30186.11727,-2000000,,,,0,0,-42227.51934,Hybrid,USDBRL091626-196627040,TD 07/30/2026 VD 09/16/2026 SELL USD VS .BUY BRL @ 5.15281500,0,1,Henry Chan,0,,,,0,0,0,0,0,0,0,0,0,0,0,0,-30186.11727,-0.008460516,-30186.11727,
BNPP-IPBFX-NMMF,420816639,USD,,,,,,NMMF,,1007787.422,PARIUK,BRL.C-BSAA,,NMCL,0,0,0,0,0,0,0,0,0,0,0,0,-6109.61838,0.317524748,-6109.61838,0,0,-1655.957118,,FORWARD,12,,NMMF,,,,0.19233,,,,,,,0,,5239900,-7.64E-05,-1655.957118,-8610,-1655.957118,-8610,0,0,0,0,0,0,0,0,0,0,0,0,-1655.957118,-0.004846189,-1655.957118,HAHY7,HAHY7,XX,,New PB,1000000,HAHY7:XXNMMFNMCL0001,0,0,0,0,5.23129,BloombergBVAL,,2149429186,2088428191,,1461916275,,0,0,0,0,0,0,0,0,0,0,0,-1655.957118,-0.001129394,-1655.957118,1000000,,,,0,0,4453.661262,Hybrid,USDBRL091626-197303684,TD 08/14/2026 VD 09/16/2026 SELL BRL VS .BUY USD @ 5.23990000,0,1,Henry Chan,0,,,,0,0,0,0,0,0,0,0,0,0,0,0,-1655.957118,-0.000464129,-1655.957118,
BNPP-IPBFX-NMMF,420816633,USD,,,,,,NMMF,,1007629.712,PARIUK,BRL.C-BSAA,,NMCL,0,0,0,0,0,0,0,0,0,0,0,0,-6108.781126,0.317481235,-6108.781126,0,0,-1498.246916,,FORWARD,12,,NMMF,,,,0.19233,,,,,,,0,,5239080,-6.91E-05,-1498.246916,-7790,-1498.246916,-7790,0,0,0,0,0,0,0,0,0,0,0,0,-1498.246916,-0.004384647,-1498.246916,HAHY7,HAHY7,XX,,New PB,1000000,HAHY7:XXNMMFNMCL0001,0,0,0,0,5.23129,BloombergBVAL,,2149429186,2088428191,,1461916275,,0,0,0,0,0,0,0,0,0,0,0,-1498.246916,-0.001021833,-1498.246916,1000000,,,,0,0,4610.53421,Hybrid,USDBRL091626-197303854,TD 08/14/2026 VD 09/16/2026 SELL BRL VS .BUY USD @ 5.23908000,0,1,Henry Chan,0,,,,0,0,0,0,0,0,0,0,0,0,0,0,-1498.246916,-0.000419926,-1498.246916,
BNPP-IPBFX-NMMF,420816645,USD,,,,,,NMMF,,1004987.681,PARIUK,BRL.C-BSAA,,NMCL,0,0,0,0,0,0,0,0,0,0,0,0,-6094.755088,0.316752284,-6094.755088,0,0,1143.783622,,FORWARD,12,,NMMF,,,,0.19233,,,,,,,0,,5225343,5.28E-05,1143.783622,5947,1143.783622,5947,0,0,0,0,0,0,0,0,0,0,0,0,1143.783622,0.003347304,1143.783622,HAHY7,HAHY7,XX,,New PB,1000000,HAHY7:XXNMMFNMCL0001,0,0,0,0,5.23129,BloombergBVAL,,2149429186,2088428191,,1461916275,,0,0,0,0,0,0,0,0,0,0,0,1143.783622,0.000780082,1143.783622,1000000,,,,0,0,7238.538709,Hybrid,USDBRL091626-197303991,TD 08/14/2026 VD 09/16/2026 SELL BRL VS .BUY USD @ 5.22534300,0,1,Henry Chan,0,,,,0,0,0,0,0,0,0,0,0,0,0,0,1143.783622,0.000320578,1143.783622,
BNPP-IPBFX-NMMF,420816637,USD,,,,,,NMMF,,1007783.575,PARIUK,BRL.C-BSAA,,NMCL,0,0,0,0,0,0,0,0,0,0,0,0,-6109.597959,0.317523687,-6109.597959,0,0,-1652.110528,,FORWARD,12,,NMMF,,,,0.19233,,,,,,,0,,5239880,-7.62E-05,-1652.110528,-8590,-1652.110528,-8590,0,0,0,0,0,0,0,0,0,0,0,0,-1652.110528,-0.004834932,-1652.110528,HAHY7,HAHY7,XX,,New PB,1000000,HAHY7:XXNMMFNMCL0001,0,0,0,0,5.23129,BloombergBVAL,,2149429186,2088428191,,1461916275,,0,0,0,0,0,0,0,0,0,0,0,-1652.110528,-0.001126771,-1652.110528,1000000,,,,0,0,4457.487431,Hybrid,USDBRL091626-197304038,TD 08/14/2026 VD 09/16/2026 SELL BRL VS .BUY USD @ 5.23988000,0,1,Henry Chan,0,,,,0,0,0,0,0,0,0,0,0,0,0,0,-1652.110528,-0.000463051,-1652.110528,
BNPP-IPBFX-NMMF,420816641,USD,,,,,,NMMF,,1004991.143,PARIUK,BRL.C-BSAA,,NMCL,0,0,0,0,0,0,0,0,0,0,0,0,-6094.773466,0.316753239,-6094.773466,0,0,1140.32169,,FORWARD,12,,NMMF,,,,0.19233,,,,,,,0,,5225361,5.26E-05,1140.32169,5929,1140.32169,5929,0,0,0,0,0,0,0,0,0,0,0,0,1140.32169,0.003337173,1140.32169,HAHY7,HAHY7,XX,,New PB,1000000,HAHY7:XXNMMFNMCL0001,0,0,0,0,5.23129,BloombergBVAL,,2149429186,2088428191,,1461916275,,0,0,0,0,0,0,0,0,0,0,0,1140.32169,0.000777721,1140.32169,1000000,,,,0,0,7235.095157,Hybrid,USDBRL091626-197304072,TD 08/14/2026 VD 09/16/2026 SELL BRL VS .BUY USD @ 5.22536100,0,1,Henry Chan,0,,,,0,0,0,0,0,0,0,0,0,0,0,0,1140.32169,0.000319608,1140.32169,
BNPP-IPBFX-NMMF,420816635,USD,,,,,,NMMF,,1007339.294,PARIUK,BRL.C-BSAA,,NMCL,0,0,0,0,0,0,0,0,0,0,0,0,-6107.239355,0.317401107,-6107.239355,0,0,-1207.82935,,FORWARD,12,,NMMF,,,,0.19233,,,,,,,0,,5237570,-5.57E-05,-1207.82935,-6280,-1207.82935,-6280,0,0,0,0,0,0,0,0,0,0,0,0,-1207.82935,-0.003534735,-1207.82935,HAHY7,HAHY7,XX,,New PB,1000000,HAHY7:XXNMMFNMCL0001,0,0,0,0,5.23129,BloombergBVAL,,2149429186,2088428191,,1461916275,,0,0,0,0,0,0,0,0,0,0,0,-1207.82935,-0.000823762,-1207.82935,1000000,,,,0,0,4899.410005,Hybrid,USDBRL091626-197304117,TD 08/14/2026 VD 09/16/2026 SELL BRL VS .BUY USD @ 5.23757000,0,1,Henry Chan,0,,,,0,0,0,0,0,0,0,0,0,0,0,0,-1207.82935,-0.000338528,-1207.82935,
BNPP-IPBFX-NMMF,420816643,USD,,,,,,NMMF,,-1005654.488,PARIUK,BRL.C-BSAA,,NMCL,0,0,0,0,0,0,0,0,0,0,0,0,6098.295036,-0.316936259,6098.295036,0,0,-476.977195,,FORWARD,12,,NMMF,,,,0.19233,,,,,,,0,,-5228810,-2.20E-05,-476.977195,-2480,-476.977195,-2480,0,0,0,0,0,0,0,0,0,0,0,0,-476.977195,-0.001395883,-476.977195,HAHY7,HAHY7,XX,,New PB,-1000000,HAHY7:XXNMMFNMCL0001,0,0,0,0,5.23129,BloombergBVAL,,2149429186,2088428191,,1461916275,,0,0,0,0,0,0,0,0,0,0,0,-476.977195,-0.000325307,-476.977195,-1000000,,,,0,0,-6575.272232,Hybrid,USDBRL091626-197304310,TD 08/14/2026 VD 09/16/2026 SELL USD VS .BUY BRL @ 5.22881000,0,1,Henry Chan,0,,,,0,0,0,0,0,0,0,0,0,0,0,0,-476.977195,-0.000133686,-476.977195,
BNPP-IPBFX-NMMF,420816647,USD,,,,,,NMMF,,-1012180.228,PARIUK,BRL.C-BSAA,,NMCL,0,0,0,0,0,0,0,0,0,0,0,0,6132.938953,-0.318736748,6132.938953,0,0,6048.763225,,FORWARD,12,,NMMF,,,,0.19233,,,,,,,0,,-5262740,0.000279132,6048.763225,31450,6048.763225,31450,0,0,0,0,0,0,0,0,0,0,0,0,6048.763225,0.017701818,6048.763225,HAHY7,HAHY7,XX,,New PB,-1000000,HAHY7:XXNMMFNMCL0001,0,0,0,0,5.23129,BloombergBVAL,,2149429186,2088428191,,1461916275,,0,0,0,0,0,0,0,0,0,0,0,6048.763225,0.004125371,6048.763225,-1000000,,,,0,0,-84.175728,Hybrid,USDBRL091626-197305800,TD 08/14/2026 VD 09/16/2026 SELL USD VS .BUY BRL @ 5.26274000,0,1,Henry Chan,0,,,,0,0,0,0,0,0,0,0,0,0,0,0,6048.763225,0.001695338,6048.763225,
BNPP-IPBFX-NMMF,420815849,USD,,,,,,NMMF,,2016877.685,PARIUK,CAD.C-CNAA,,NMCL,0,0,0,0,0,0,0,0,0,0,0,0,231.18201,-0.012014827,231.18201,0,0,-19241.54631,,FORWARD,12,,NMMF,,,,0.72069,,,,,,,0,,2798538.8,-0.00088794,-19241.54631,-26698.8,-19241.54631,-26698.8,0,0,0,0,0,0,0,0,0,0,0,0,-19241.54631,-0.056310743,-19241.54631,HAHY7,HAHY7,XX,,New PB,2000000,HAHY7:XXNMMFNMCL0001,0,0,0,0,1.38592,BloombergBVAL,,2149429186,2088428191,,1461916275,,0,0,0,0,0,0,0,0,0,0,0,-19241.54631,-0.013123099,-19241.54631,2000000,,,,0,0,-19472.72832,Hybrid,USDCAD091626-196926189,TD 08/06/2026 VD 09/16/2026 SELL CAD VS .BUY USD @ 1.39926940,0,1,Henry Chan,0,,,,0,0,0,0,0,0,0,0,0,0,0,0,-19241.54631,-0.00539299,-19241.54631,
BNPP-IPBFX-NMMF,420815861,USD,,,,,,NMMF,,2016714.088,PARIUK,CAD.C-CNAA,,NMCL,0,0,0,0,0,0,0,0,0,0,0,0,231.177293,-0.012014582,231.177293,0,0,-19077.94978,,FORWARD,12,,NMMF,,,,0.72069,,,,,,,0,,2798311.8,-0.00088039,-19077.94978,-26471.8,-19077.94978,-26471.8,0,0,0,0,0,0,0,0,0,0,0,0,-19077.94978,-0.055831975,-19077.94978,HAHY7,HAHY7,XX,,New PB,2000000,HAHY7:XXNMMFNMCL0001,0,0,0,0,1.38592,BloombergBVAL,,2149429186,2088428191,,1461916275,,0,0,0,0,0,0,0,0,0,0,0,-19077.94978,-0.013011523,-19077.94978,2000000,,,,0,0,-19309.12708,Hybrid,USDCAD091626-196926248,TD 08/06/2026 VD 09/16/2026 SELL CAD VS .BUY USD @ 1.39915590,0,1,Henry Chan,0,,,,0,0,0,0,0,0,0,0,0,0,0,0,-19077.94978,-0.005347137,-19077.94978,
BNPP-IPBFX-NMMF,420815829,USD,,,,,,NMMF,,2016469.054,PARIUK,CAD.C-CNAA,,NMCL,0,0,0,0,0,0,0,0,0,0,0,0,231.170229,-0.012014215,231.170229,0,0,-18832.91533,,FORWARD,12,,NMMF,,,,0.72069,,,,,,,0,,2797971.8,-0.000869083,-18832.91533,-26131.8,-18832.91533,-26131.8,0,0,0,0,0,0,0,0,0,0,0,0,-18832.91533,-0.055114877,-18832.91533,HAHY7,HAHY7,XX,,New PB,2000000,HAHY7:XXNMMFNMCL0001,0,0,0,0,1.38592,BloombergBVAL,,2149429186,2088428191,,1461916275,,0,0,0,0,0,0,0,0,0,0,0,-18832.91533,-0.012844405,-18832.91533,2000000,,,,0,0,-19064.08556,Hybrid,USDCAD091626-196926410,TD 08/06/2026 VD 09/16/2026 SELL CAD VS .BUY USD @ 1.39898590,0,1,Henry Chan,0,,,,0,0,0,0,0,0,0,0,0,0,0,0,-18832.91533,-0.005278459,-18832.91533,
BNPP-IPBFX-NMMF,420815845,USD,,,,,,NMMF,,2016719.998,PARIUK,CAD.C-CNAA,,NMCL,0,0,0,0,0,0,0,0,0,0,0,0,231.177464,-0.012014591,231.177464,0,0,-19083.85944,,FORWARD,12,,NMMF,,,,0.72069,,,,,,,0,,2798320,-0.000880663,-19083.85944,-26480,-19083.85944,-26480,0,0,0,0,0,0,0,0,0,0,0,0,-19083.85944,-0.055849269,-19083.85944,HAHY7,HAHY7,XX,,New PB,2000000,HAHY7:XXNMMFNMCL0001,0,0,0,0,1.38592,BloombergBVAL,,2149429186,2088428191,,1461916275,,0,0,0,0,0,0,0,0,0,0,0,-19083.85944,-0.013015553,-19083.85944,2000000,,,,0,0,-19315.0369,Hybrid,USDCAD091626-196926494,TD 08/06/2026 VD 09/16/2026 SELL CAD VS .BUY USD @ 1.39916000,0,1,Henry Chan,0,,,,0,0,0,0,0,0,0,0,0,0,0,0,-19083.85944,-0.005348793,-19083.85944,
BNPP-IPBFX-NMMF,420815851,USD,,,,,,NMMF,,2016704.719,PARIUK,CAD.C-CNAA,,NMCL,0,0,0,0,0,0,0,0,0,0,0,0,231.177023,-0.012014568,231.177023,0,0,-19068.58082,,FORWARD,12,,NMMF,,,,0.72069,,,,,,,0,,2798298.8,-0.000879958,-19068.58082,-26458.8,-19068.58082,-26458.8,0,0,0,0,0,0,0,0,0,0,0,0,-19068.58082,-0.055804556,-19068.58082,HAHY7,HAHY7,XX,,New PB,2000000,HAHY7:XXNMMFNMCL0001,0,0,0,0,1.38592,BloombergBVAL,,2149429186,2088428191,,1461916275,,0,0,0,0,0,0,0,0,0,0,0,-19068.58082,-0.013005133,-19068.58082,2000000,,,,0,0,-19299.75784,Hybrid,USDCAD091626-196926498,TD 08/06/2026 VD 09/16/2026 SELL CAD VS .BUY USD @ 1.39914940,0,1,Henry Chan,0,,,,0,0,0,0,0,0,0,0,0,0,0,0,-19068.58082,-0.005344511,-19068.58082,
BNPP-IPBFX-NMMF,420816077,USD,,,,,,NMMF,,2017578.339,PARIUK,CAD.C-CNAA,,NMCL,0,0,0,0,0,0,0,0,0,0,0,0,231.202208,-0.012015877,231.202208,0,0,-19942.2007,,FORWARD,12,,NMMF,,,,0.72069,,,,,,,0,,2799511,-0.000920273,-19942.2007,-27671,-19942.2007,-27671,0,0,0,0,0,0,0,0,0,0,0,0,-19942.2007,-0.058361221,-19942.2007,HAHY7,HAHY7,XX,,New PB,2000000,HAHY7:XXNMMFNMCL0001,0,0,0,0,1.38592,BloombergBVAL,,2149429186,2088428191,,1461916275,,0,0,0,0,0,0,0,0,0,0,0,-19942.2007,-0.013600958,-19942.2007,2000000,,,,0,0,-20173.40291,Hybrid,USDCAD091626-196996998,TD 08/07/2026 VD 09/16/2026 SELL CAD VS .BUY USD @ 1.39975550,0,1,Henry Chan,0,,,,0,0,0,0,0,0,0,0,0,0,0,0,-19942.2007,-0.005589368,-19942.2007,
BNPP-IPBFX-NMMF,420816075,USD,,,,,,NMMF,,2017642.48,PARIUK,CAD.C-CNAA,,NMCL,0,0,0,0,0,0,0,0,0,0,0,0,231.204057,-0.012015973,231.204057,0,0,-20006.34207,,FORWARD,12,,NMMF,,,,0.72069,,,,,,,0,,2799600,-0.000923233,-20006.34207,-27760,-20006.34207,-27760,0,0,0,0,0,0,0,0,0,0,0,0,-20006.34207,-0.058548932,-20006.34207,HAHY7,HAHY7,XX,,New PB,2000000,HAHY7:XXNMMFNMCL0001,0,0,0,0,1.38592,BloombergBVAL,,2149429186,2088428191,,1461916275,,0,0,0,0,0,0,0,0,0,0,0,-20006.34207,-0.013644704,-20006.34207,2000000,,,,0,0,-20237.54613,Hybrid,USDCAD091626-196997189,TD 08/07/2026 VD 09/16/2026 SELL CAD VS .BUY USD @ 1.39980000,0,1,Henry Chan,0,,,,0,0,0,0,0,0,0,0,0,0,0,0,-20006.34207,-0.005607345,-20006.34207,
BNPP-IPBFX-NMMF,420816079,USD,,,,,,NMMF,,2017577.762,PARIUK,CAD.C-CNAA,,NMCL,0,0,0,0,0,0,0,0,0,0,0,0,231.202192,-0.012015876,231.202192,0,0,-19941.62415,,FORWARD,12,,NMMF,,,,0.72069,,,,,,,0,,2799510.2,-0.000920246,-19941.62415,-27670.2,-19941.62415,-27670.2,0,0,0,0,0,0,0,0,0,0,0,0,-19941.62415,-0.058359534,-19941.62415,HAHY7,HAHY7,XX,,New PB,2000000,HAHY7:XXNMMFNMCL0001,0,0,0,0,1.38592,BloombergBVAL,,2149429186,2088428191,,1461916275,,0,0,0,0,0,0,0,0,0,0,0,-19941.62415,-0.013600565,-19941.62415,2000000,,,,0,0,-20172.82634,Hybrid,USDCAD091626-196997266,TD 08/07/2026 VD 09/16/2026 SELL CAD VS .BUY USD @ 1.39975510,0,1,Henry Chan,0,,,,0,0,0,0,0,0,0,0,0,0,0,0,-19941.62415,-0.005589206,-19941.62415,
BNPP-IPBFX-NMMF,420816073,USD,,,,,,NMMF,,2017635.418,PARIUK,CAD.C-CNAA,,NMCL,0,0,0,0,0,0,0,0,0,0,0,0,231.203854,-0.012015963,231.203854,0,0,-19999.27931,,FORWARD,12,,NMMF,,,,0.72069,,,,,,,0,,2799590.2,-0.000922907,-19999.27931,-27750.2,-19999.27931,-27750.2,0,0,0,0,0,0,0,0,0,0,0,0,-19999.27931,-0.058528263,-19999.27931,HAHY7,HAHY7,XX,,New PB,2000000,HAHY7:XXNMMFNMCL0001,0,0,0,0,1.38592,BloombergBVAL,,2149429186,2088428191,,1461916275,,0,0,0,0,0,0,0,0,0,0,0,-19999.27931,-0.013639887,-19999.27931,2000000,,,,0,0,-20230.48316,Hybrid,USDCAD091626-196997425,TD 08/07/2026 VD 09/16/2026 SELL CAD VS .BUY USD @ 1.39979510,0,1,Henry Chan,0,,,,0,0,0,0,0,0,0,0,0,0,0,0,-19999.27931,-0.005605366,-19999.27931,
BNPP-IPBFX-NMMF,420816599,USD,,,,,,NMMF,,-1998535.559,PARIUK,CAD.C-CNAA,,NMCL,0,0,0,0,0,0,0,0,0,0,0,0,-230.653235,0.011987346,-230.653235,0,0,899.420566,,FORWARD,12,,NMMF,,,,0.72069,,,,,,,0,,-2773088,4.15E-05,899.420566,1248,899.420566,1248,0,0,0,0,0,0,0,0,0,0,0,0,899.420566,0.002632171,899.420566,HAHY7,HAHY7,XX,,New PB,-2000000,HAHY7:XXNMMFNMCL0001,0,0,0,0,1.38592,BloombergBVAL,,2149429186,2088428191,,1461916275,,0,0,0,0,0,0,0,0,0,0,0,899.420566,0.000613422,899.420566,-2000000,,,,0,0,1130.073801,Hybrid,USDCAD091626-197298610,TD 08/14/2026 VD 09/16/2026 SELL USD VS .BUY CAD @ 1.38654400,0,1,Henry Chan,0,,,,0,0,0,0,0,0,0,0,0,0,0,0,899.420566,0.000252088,899.420566,
BNPP-IPBFX-NMMF,420816625,USD,,,,,,NMMF,,-999259.1311,PARIUK,CAD.C-CNAA,,NMCL,0,0,0,0,0,0,0,0,0,0,0,0,-115.326368,0.00599366,-115.326368,0,0,441.062008,,FORWARD,12,,NMMF,,,,0.72069,,,,,,,0,,-1386532,2.04E-05,441.062008,612,441.062008,612,0,0,0,0,0,0,0,0,0,0,0,0,441.062008,0.001290776,441.062008,HAHY7,HAHY7,XX,,New PB,-1000000,HAHY7:XXNMMFNMCL0001,0,0,0,0,1.38592,BloombergBVAL,,2149429186,2088428191,,1461916275,,0,0,0,0,0,0,0,0,0,0,0,441.062008,0.000300813,441.062008,-1000000,,,,0,0,556.388376,Hybrid,USDCAD091626-197300304,TD 08/14/2026 VD 09/16/2026 SELL USD VS .BUY CAD @ 1.38653200,0,1,Henry Chan,0,,,,0,0,0,0,0,0,0,0,0,0,0,0,441.062008,0.00012362,441.062008,
BNPP-IPBFX-NMMF,128939,USD,,,,,,NMMF,,3480636.536,PARIUK,CHF.C-SWAA,,NMCL,0,0,0,0,0,0,0,0,0,0,0,0,-5666.680036,0.294504671,-5666.680036,0,0,8840.779714,,FORWARD,12,,NMMF,,,,1.232164,,,,,,,0,,2824815,0.000407976,8840.779714,7175,8840.779714,7175,0,0,0,0,0,0,0,0,0,0,0,0,19842.22841,0.05806865,19842.22841,HAHY7,HAHY7,XX,,New PB,3500000,HAHY7:XXNMMFNMCL0001,-11001.4487,-8892.470983,0,0,0.80914,BloombergBVAL,,2149429186,2088428191,0.804549,1461916275,,0,0,0,0,0,0,0,0,0,0,0,8840.779714,0.006029579,8840.779714,3500000,,,,0,0,14507.45975,Hybrid,USDCHF091626-196243247,TD 07/22/2026 VD 09/16/2026 SELL CHF VS .BUY USD @ 0.80709000,0,1,Henry Chan,0,,,,0,0,0,0,0,0,0,0,0,0,0,0,8840.779714,0.002477879,8840.779714,
BNPP-IPBFX-NMMF,128942,USD,,,,,,NMMF,,2983661.5,PARIUK,CHF.C-SWAA,,NMCL,0,0,0,0,0,0,0,0,0,0,0,0,-4857.615792,0.252456559,-4857.615792,0,0,7319.056655,,FORWARD,12,,NMMF,,,,1.232164,,,,,,,0,,2421480,0.000337753,7319.056655,5940,7319.056655,5940,0,0,0,0,0,0,0,0,0,0,0,0,17008.74606,0.049776412,17008.74606,HAHY7,HAHY7,XX,,New PB,3000000,HAHY7:XXNMMFNMCL0001,-9689.689405,-7832.175946,0,0,0.80914,BloombergBVAL,,2149429186,2088428191,0.804549,1461916275,,0,0,0,0,0,0,0,0,0,0,0,7319.056655,0.004991735,7319.056655,3000000,,,,0,0,12176.67245,Hybrid,USDCHF091626-196243332,TD 07/22/2026 VD 09/16/2026 SELL CHF VS .BUY USD @ 0.80716000,0,1,Henry Chan,0,,,,0,0,0,0,0,0,0,0,0,0,0,0,7319.056655,0.002051373,7319.056655,
BNPP-IPBFX-NMMF,128938,USD,,,,,,NMMF,,3480683.112,PARIUK,CHF.C-SWAA,,NMCL,0,0,0,0,0,0,0,0,0,0,0,0,-5666.763101,0.294508988,-5666.763101,0,0,8794.203899,,FORWARD,12,,NMMF,,,,1.232164,,,,,,,0,,2824852.8,0.000405826,8794.203899,7137.2,8794.203899,7137.2,0,0,0,0,0,0,0,0,0,0,0,0,19842.42978,0.05806924,19842.42978,HAHY7,HAHY7,XX,,New PB,3500000,HAHY7:XXNMMFNMCL0001,-11048.22588,-8930.28098,0,0,0.80914,BloombergBVAL,,2149429186,2088428191,0.804549,1461916275,,0,0,0,0,0,0,0,0,0,0,0,8794.203899,0.005997814,8794.203899,3500000,,,,0,0,14460.967,Hybrid,USDCHF091626-196243403,TD 07/22/2026 VD 09/16/2026 SELL CHF VS .BUY USD @ 0.80710080,0,1,Henry Chan,0,,,,0,0,0,0,0,0,0,0,0,0,0,0,8794.203899,0.002464825,8794.203899,
BNPP-IPBFX-NMMF,128950,USD,,,,,,NMMF,,2989727.445,PARIUK,CHF.C-SWAA,,NMCL,0,0,0,0,0,0,0,0,0,0,0,0,-4868.434115,0.253018801,-4868.434115,0,0,1253.111215,,FORWARD,12,,NMMF,,,,1.232164,,,,,,,0,,2426403,5.78E-05,1253.111215,1017,1253.111215,1017,0,0,0,0,0,0,0,0,0,0,0,0,17035.05364,0.049853401,17035.05364,HAHY7,HAHY7,XX,,New PB,3000000,HAHY7:XXNMMFNMCL0001,-15781.94242,-12756.54406,0,0,0.80914,BloombergBVAL,,2149429186,2088428191,0.804549,1461916275,,0,0,0,0,0,0,0,0,0,0,0,1253.111215,0.000854646,1253.111215,3000000,,,,0,0,6121.545331,Hybrid,USDCHF091626-196283842,TD 07/23/2026 VD 09/16/2026 SELL CHF VS .BUY USD @ 0.80880100,0,1,Henry Chan,0,,,,0,0,0,0,0,0,0,0,0,0,0,0,1253.111215,0.00035122,1253.111215,
BNPP-IPBFX-NMMF,128951,USD,,,,,,NMMF,,3986340.225,PARIUK,CHF.C-SWAA,,NMCL,0,0,0,0,0,0,0,0,0,0,0,0,-6491.311412,0.337361827,-6491.311412,0,0,1633.850021,,FORWARD,12,,NMMF,,,,1.232164,,,,,,,0,,3235234,7.54E-05,1633.850021,1326,1633.850021,1326,0,0,0,0,0,0,0,0,0,0,0,0,22713.56556,0.066471672,22713.56556,HAHY7,HAHY7,XX,,New PB,4000000,HAHY7:XXNMMFNMCL0001,-21079.71553,-17038.73407,0,0,0.80914,BloombergBVAL,,2149429186,2088428191,0.804549,1461916275,,0,0,0,0,0,0,0,0,0,0,0,1633.850021,0.001114317,1633.850021,4000000,,,,0,0,8125.161433,Hybrid,USDCHF091626-196283849,TD 07/23/2026 VD 09/16/2026 SELL CHF VS .BUY USD @ 0.80880850,0,1,Henry Chan,0,,,,0,0,0,0,0,0,0,0,0,0,0,0,1633.850021,0.000457933,1633.850021,
BNPP-IPBFX-NMMF,128954,USD,,,,,,NMMF,,2993488.627,PARIUK,CHF.C-SWAA,,NMCL,0,0,0,0,0,0,0,0,0,0,0,0,-4875.142003,0.253367418,-4875.142003,0,0,-2508.070677,,FORWARD,12,,NMMF,,,,1.232164,,,,,,,0,,2429455.5,-0.00011574,-2508.070677,-2035.5,-2508.070677,-2035.5,0,0,0,0,0,0,0,0,0,0,0,0,17051.36643,0.049901141,17051.36643,HAHY7,HAHY7,XX,,New PB,3000000,HAHY7:XXNMMFNMCL0001,-19559.4371,-15809.89301,0,0,0.80914,BloombergBVAL,,2149429186,2088428191,0.804549,1461916275,,0,0,0,0,0,0,0,0,0,0,0,-2508.070677,-0.001710552,-2508.070677,3000000,,,,0,0,2367.071326,Hybrid,USDCHF091626-196292072,TD 07/23/2026 VD 09/16/2026 SELL CHF VS .BUY USD @ 0.80981850,0,1,Henry Chan,0,,,,0,0,0,0,0,0,0,0,0,0,0,0,-2508.070677,-0.000702958,-2508.070677,
BNPP-IPBFX-NMMF,128959,USD,,,,,,NMMF,,6006505.828,PARIUK,CHF.C-SWAA,,NMCL,0,0,0,0,0,0,0,0,0,0,0,0,-9785.11228,0.508544907,-9785.11228,0,0,-24544.71525,,FORWARD,12,,NMMF,,,,1.232164,,,,,,,0,,4874760,-0.001132665,-24544.71525,-19920,-24544.71525,-19920,0,0,0,0,0,0,0,0,0,0,0,0,34187.42644,0.100050139,34187.42644,HAHY7,HAHY7,XX,,New PB,6000000,HAHY7:XXNMMFNMCL0001,-58732.14169,-47473.19013,0,0,0.80914,BloombergBVAL,,2149429186,2088428191,0.804548,1461916275,,0,0,0,0,0,0,0,0,0,0,0,-24544.71525,-0.016739961,-24544.71525,6000000,,,,0,0,-14759.60297,Hybrid,USDCHF091626-196354930,TD 07/23/2026 VD 09/16/2026 SELL CHF VS .BUY USD @ 0.81246000,0,1,Henry Chan,0,,,,0,0,0,0,0,0,0,0,0,0,0,0,-24544.71525,-0.006879353,-24544.71525,
BNPP-IPBFX-NMMF,128969,USD,,,,,,NMMF,,3004964.39,PARIUK,CHF.C-SWAA,,NMCL,0,0,0,0,0,0,0,0,0,0,0,0,-4895.608476,0.254431087,-4895.608476,0,0,-13983.834,,FORWARD,12,,NMMF,,,,1.232164,,,,,,,0,,2438769,-0.000645312,-13983.834,-11349,-13983.834,-11349,0,0,0,0,0,0,0,0,0,0,0,0,17101.13572,0.050046792,17101.13572,HAHY7,HAHY7,XX,,New PB,3000000,HAHY7:XXNMMFNMCL0001,-31084.96972,-25125.98103,0,0,0.80914,BloombergBVAL,,2149429186,2088428191,0.804548,1461916275,,0,0,0,0,0,0,0,0,0,0,0,-13983.834,-0.00953724,-13983.834,3000000,,,,0,0,-9088.225527,Hybrid,USDCHF091626-196357641,TD 07/24/2026 VD 09/16/2026 SELL CHF VS .BUY USD @ 0.81292300,0,1,Henry Chan,0,,,,0,0,0,0,0,0,0,0,0,0,0,0,-13983.834,-0.003919366,-13983.834,
BNPP-IPBFX-NMMF,128976,USD,,,,,,NMMF,,1000673.378,PARIUK,CHF.C-SWAA,,NMCL,0,0,0,0,0,0,0,0,0,0,0,0,-1630.119178,0.084719396,-1630.119178,0,0,-3679.85904,,FORWARD,12,,NMMF,,,,1.232164,,,,,,,0,,812126.5,-0.000169814,-3679.85904,-2986.5,-3679.85904,-2986.5,0,0,0,0,0,0,0,0,0,0,0,0,5696.122263,0.016669808,5696.122263,HAHY7,HAHY7,XX,,New PB,1000000,HAHY7:XXNMMFNMCL0001,-9375.981303,-7578.605687,0,0,0.80914,BloombergBVAL,,2149429186,2088428191,0.804548,1461916275,,0,0,0,0,0,0,0,0,0,0,0,-3679.85904,-0.002509734,-3679.85904,1000000,,,,0,0,-2049.739862,Hybrid,USDCHF091626-196366326,TD 07/24/2026 VD 09/16/2026 SELL CHF VS .BUY USD @ 0.81212650,0,1,Henry Chan,0,,,,0,0,0,0,0,0,0,0,0,0,0,0,-3679.85904,-0.001031385,-3679.85904,
BNPP-IPBFX-NMMF,129008,USD,,,,,,NMMF,,2008230.858,PARIUK,CHF.C-SWAA,,NMCL,0,0,0,0,0,0,0,0,0,0,0,0,-3272.515824,0.170076869,-3272.515824,0,0,-14243.8207,,FORWARD,12,,NMMF,,,,1.232164,,,,,,,0,,1629840,-0.00065731,-14243.8207,-11560,-14243.8207,-11560,0,0,0,0,0,0,0,0,0,0,0,0,11422.10042,0.033426989,11422.10042,HAHY7,HAHY7,XX,,New PB,2000000,HAHY7:XXNMMFNMCL0001,-25665.92112,-20745.76404,0,0,0.80914,BloombergBVAL,,2149429186,2088428191,0.804547,1461916275,,0,0,0,0,0,0,0,0,0,0,0,-14243.8207,-0.009714555,-14243.8207,2000000,,,,0,0,-10971.30487,Hybrid,USDCHF091626-196490471,TD 07/28/2026 VD 09/16/2026 SELL CHF VS .BUY USD @ 0.81492000,0,1,Henry Chan,0,,,,0,0,0,0,0,0,0,0,0,0,0,0,-14243.8207,-0.003992235,-14243.8207,
BNPP-IPBFX-NMMF,420815359,USD,,,,,,NMMF,,-2000167.574,PARIUK,CHF.C-SWAA,,NMCL,0,0,0,0,0,0,0,0,0,0,0,0,3258.135343,-0.169329497,3258.135343,0,0,6180.536731,,FORWARD,12,,NMMF,,,,1.232164,,,,,,,0,,-1623296,0.000285213,6180.536731,5016,6180.536731,5016,0,0,0,0,0,0,0,0,0,0,0,0,-11387.12998,-0.033324648,-11387.12998,HAHY7,HAHY7,XX,,New PB,-2000000,HAHY7:XXNMMFNMCL0001,17567.66671,14199.945,0,0,0.80914,BloombergBVAL,,2149429186,2088428191,0.804548,1461916275,,0,0,0,0,0,0,0,0,0,0,0,6180.536731,0.004215243,6180.536731,-2000000,,,,0,0,2922.401387,Hybrid,USDCHF091626-196596414,TD 07/30/2026 VD 09/16/2026 SELL USD VS .BUY CHF @ 0.81164800,0,1,Henry Chan,0,,,,0,0,0,0,0,0,0,0,0,0,0,0,6180.536731,0.001732271,6180.536731,
BNPP-IPBFX-NMMF,420815483,USD,,,,,,NMMF,,-989174.2034,PARIUK,CHF.C-SWAA,,NMCL,0,0,0,0,0,0,0,0,0,0,0,0,1609.610952,-0.083653557,1609.610952,0,0,-7819.315409,,FORWARD,12,,NMMF,,,,1.232164,,,,,,,0,,-802794,-0.000360838,-7819.315409,-6346,-7819.315409,-6346,0,0,0,0,0,0,0,0,0,0,0,0,-5646.250953,-0.016523858,-5646.250953,HAHY7,HAHY7,XX,,New PB,-1000000,HAHY7:XXNMMFNMCL0001,-2173.064456,-1756.488,0,0,0.80914,BloombergBVAL,,2149429186,2088428191,0.80455,1461916275,,0,0,0,0,0,0,0,0,0,0,0,-7819.315409,-0.005332921,-7819.315409,-1000000,,,,0,0,-9428.926362,Hybrid,USDCHF091626-196702088,TD 07/31/2026 VD 09/16/2026 SELL USD VS .BUY CHF @ 0.80279400,0,1,Henry Chan,0,,,,0,0,0,0,0,0,0,0,0,0,0,0,-7819.315409,-0.002191585,-7819.315409,
BNPP-IPBFX-NMMF,420815481,USD,,,,,,NMMF,,-989223.49,PARIUK,CHF.C-SWAA,,NMCL,0,0,0,0,0,0,0,0,0,0,0,0,1609.698853,-0.083658126,1609.698853,0,0,-7770.028833,,FORWARD,12,,NMMF,,,,1.232164,,,,,,,0,,-802834,-0.000358564,-7770.028833,-6306,-7770.028833,-6306,0,0,0,0,0,0,0,0,0,0,0,0,-5646.464686,-0.016524484,-5646.464686,HAHY7,HAHY7,XX,,New PB,-1000000,HAHY7:XXNMMFNMCL0001,-2123.564147,-1716.4769,0,0,0.80914,BloombergBVAL,,2149429186,2088428191,0.80455,1461916275,,0,0,0,0,0,0,0,0,0,0,0,-7770.028833,-0.005299307,-7770.028833,-1000000,,,,0,0,-9379.727685,Hybrid,USDCHF091626-196702262,TD 07/31/2026 VD 09/16/2026 SELL USD VS .BUY CHF @ 0.80283400,0,1,Henry Chan,0,,,,0,0,0,0,0,0,0,0,0,0,0,0,-7770.028833,-0.002177771,-7770.028833,
BNPP-IPBFX-NMMF,420815479,USD,,,,,,NMMF,,-989197.3681,PARIUK,CHF.C-SWAA,,NMCL,0,0,0,0,0,0,0,0,0,0,0,0,1609.652266,-0.083655705,1609.652266,0,0,-7796.150718,,FORWARD,12,,NMMF,,,,1.232164,,,,,,,0,,-802812.8,-0.000359769,-7796.150718,-6327.2,-7796.150718,-6327.2,0,0,0,0,0,0,0,0,0,0,0,0,-5646.351386,-0.016524152,-5646.351386,HAHY7,HAHY7,XX,,New PB,-1000000,HAHY7:XXNMMFNMCL0001,-2149.799332,-1737.6828,0,0,0.80914,BloombergBVAL,,2149429186,2088428191,0.80455,1461916275,,0,0,0,0,0,0,0,0,0,0,0,-7796.150718,-0.005317122,-7796.150718,-1000000,,,,0,0,-9405.802984,Hybrid,USDCHF091626-196702352,TD 07/31/2026 VD 09/16/2026 SELL USD VS .BUY CHF @ 0.80281280,0,1,Henry Chan,0,,,,0,0,0,0,0,0,0,0,0,0,0,0,-7796.150718,-0.002185093,-7796.150718,
BNPP-IPBFX-NMMF,420815477,USD,,,,,,NMMF,,-989187.1411,PARIUK,CHF.C-SWAA,,NMCL,0,0,0,0,0,0,0,0,0,0,0,0,1609.634026,-0.083654757,1609.634026,0,0,-7806.377683,,FORWARD,12,,NMMF,,,,1.232164,,,,,,,0,,-802804.5,-0.000360241,-7806.377683,-6335.5,-7806.377683,-6335.5,0,0,0,0,0,0,0,0,0,0,0,0,-5646.307041,-0.016524023,-5646.307041,HAHY7,HAHY7,XX,,New PB,-1000000,HAHY7:XXNMMFNMCL0001,-2160.070642,-1745.9851,0,0,0.80914,BloombergBVAL,,2149429186,2088428191,0.80455,1461916275,,0,0,0,0,0,0,0,0,0,0,0,-7806.377683,-0.005324097,-7806.377683,-1000000,,,,0,0,-9416.011709,Hybrid,USDCHF091626-196702480,TD 07/31/2026 VD 09/16/2026 SELL USD VS .BUY CHF @ 0.80280450,0,1,Henry Chan,0,,,,0,0,0,0,0,0,0,0,0,0,0,0,-7806.377683,-0.002187959,-7806.377683,
BNPP-IPBFX-NMMF,,USD,,,,,,NMMF,,-1987010.523,PARIUK,CHF.C-SWAA,,NMCL,0,0,0,0,0,0,0,0,0,0,0,0,3234.670373,-0.168109992,3234.670373,0,0,-6976.514946,,FORWARD,12,,NMMF,,,,1.232164,,,,,,,0,,-1612618,-0.000321945,-6976.514946,-5662,-6976.514946,-5662,0,0,0,0,0,0,0,0,0,0,0,0,-6976.514946,-0.020416901,-6976.514946,HAHY7,HAHY7,XX,,New PB,-2000000,HAHY7:XXNMMFNMCL0001,0,0,0,0,0.80914,BloombergBVAL,,2149429186,2088428191,,1461916275,,0,0,0,0,0,0,0,0,0,0,0,-6976.514946,-0.004758115,-6976.514946,-2000000,,,,0,0,-10211.18532,Hybrid,USDCHF091626-196849974,TD 08/04/2026 VD 09/16/2026 SELL USD VS .BUY CHF @ 0.80630900,0,1,Henry Chan,0,,,,0,0,0,0,0,0,0,0,0,0,0,0,-6976.514946,-0.001955366,-6976.514946,
BNPP-IPBFX-NMMF,,USD,,,,,,NMMF,,-1986888.292,PARIUK,CHF.C-SWAA,,NMCL,0,0,0,0,0,0,0,0,0,0,0,0,3234.45238,-0.168098662,3234.45238,0,0,-7098.745657,,FORWARD,12,,NMMF,,,,1.232164,,,,,,,0,,-1612518.8,-0.000327586,-7098.745657,-5761.2,-7098.745657,-5761.2,0,0,0,0,0,0,0,0,0,0,0,0,-7098.745657,-0.020774611,-7098.745657,HAHY7,HAHY7,XX,,New PB,-2000000,HAHY7:XXNMMFNMCL0001,0,0,0,0,0.80914,BloombergBVAL,,2149429186,2088428191,,1461916275,,0,0,0,0,0,0,0,0,0,0,0,-7098.745657,-0.004841479,-7098.745657,-2000000,,,,0,0,-10333.19804,Hybrid,USDCHF091626-196849983,TD 08/04/2026 VD 09/16/2026 SELL USD VS .BUY CHF @ 0.80625940,0,1,Henry Chan,0,,,,0,0,0,0,0,0,0,0,0,0,0,0,-7098.745657,-0.001989625,-7098.745657,
BNPP-IPBFX-NMMF,,USD,,,,,,NMMF,,-1986771.483,PARIUK,CHF.C-SWAA,,NMCL,0,0,0,0,0,0,0,0,0,0,0,0,3234.244057,-0.168087836,3234.244057,0,0,-7215.554844,,FORWARD,12,,NMMF,,,,1.232164,,,,,,,0,,-1612424,-0.000332976,-7215.554844,-5856,-7215.554844,-5856,0,0,0,0,0,0,0,0,0,0,0,0,-7215.554844,-0.021116455,-7215.554844,HAHY7,HAHY7,XX,,New PB,-2000000,HAHY7:XXNMMFNMCL0001,0,0,0,0,0.80914,BloombergBVAL,,2149429186,2088428191,,1461916275,,0,0,0,0,0,0,0,0,0,0,0,-7215.554844,-0.004921145,-7215.554844,-2000000,,,,0,0,-10449.7989,Hybrid,USDCHF091626-196851839,TD 08/04/2026 VD 09/16/2026 SELL USD VS .BUY CHF @ 0.80621200,0,1,Henry Chan,0,,,,0,0,0,0,0,0,0,0,0,0,0,0,-7215.554844,-0.002022364,-7215.554844,
BNPP-IPBFX-NMMF,420815795,USD,,,,,,NMMF,,-2482852.584,PARIUK,CHF.C-SWAA,,NMCL,0,0,0,0,0,0,0,0,0,0,0,0,4041.714009,-0.210053091,4041.714009,0,0,-9631.213189,,FORWARD,12,,NMMF,,,,1.232164,,,,,,,0,,-2015033.5,-0.000444452,-9631.213189,-7816.5,-9631.213189,-7816.5,0,0,0,0,0,0,0,0,0,0,0,0,-9631.213189,-0.028185924,-9631.213189,HAHY7,HAHY7,XX,,New PB,-2500000,HAHY7:XXNMMFNMCL0001,0,0,0,0,0.80914,BloombergBVAL,,2149429186,2088428191,,1461916275,,0,0,0,0,0,0,0,0,0,0,0,-9631.213189,-0.00656867,-9631.213189,-2500000,,,,0,0,-13672.9272,Hybrid,USDCHF091626-196922131,TD 08/05/2026 VD 09/16/2026 SELL USD VS .BUY CHF @ 0.80601340,0,1,Henry Chan,0,,,,0,0,0,0,0,0,0,0,0,0,0,0,-9631.213189,-0.002699421,-9631.213189,
BNPP-IPBFX-NMMF,420815869,USD,,,,,,NMMF,,-495860.5436,PARIUK,CHF.C-SWAA,,NMCL,0,0,0,0,0,0,0,0,0,0,0,0,807.076599,-0.041944812,807.076599,0,0,-2636.215777,,FORWARD,12,,NMMF,,,,1.232164,,,,,,,0,,-402430.5,-0.000121653,-2636.215777,-2139.5,-2636.215777,-2139.5,0,0,0,0,0,0,0,0,0,0,0,0,-2636.215777,-0.007714934,-2636.215777,HAHY7,HAHY7,XX,,New PB,-500000,HAHY7:XXNMMFNMCL0001,0,0,0,0,0.80914,BloombergBVAL,,2149429186,2088428191,,1461916275,,0,0,0,0,0,0,0,0,0,0,0,-2636.215777,-0.001797949,-2636.215777,-500000,,,,0,0,-3443.292375,Hybrid,USDCHF091626-196928226,TD 08/06/2026 VD 09/16/2026 SELL USD VS .BUY CHF @ 0.80486100,0,1,Henry Chan,0,,,,0,0,0,0,0,0,0,0,0,0,0,0,-2636.215777,-0.000738874,-2636.215777,
BNPP-IPBFX-NMMF,420815891,USD,,,,,,NMMF,,-991877.5721,PARIUK,CHF.C-SWAA,,NMCL,0,0,0,0,0,0,0,0,0,0,0,0,1614.432281,-0.083904128,1614.432281,0,0,-5115.946672,,FORWARD,12,,NMMF,,,,1.232164,,,,,,,0,,-804988,-0.000236086,-5115.946672,-4152,-5115.946672,-4152,0,0,0,0,0,0,0,0,0,0,0,0,-5115.946672,-0.014971913,-5115.946672,HAHY7,HAHY7,XX,,New PB,-1000000,HAHY7:XXNMMFNMCL0001,0,0,0,0,0.80914,BloombergBVAL,,2149429186,2088428191,,1461916275,,0,0,0,0,0,0,0,0,0,0,0,-5115.946672,-0.003489172,-5115.946672,-1000000,,,,0,0,-6730.378953,Hybrid,USDCHF091626-196928371,TD 08/06/2026 VD 09/16/2026 SELL USD VS .BUY CHF @ 0.80498800,0,1,Henry Chan,0,,,,0,0,0,0,0,0,0,0,0,0,0,0,-5115.946672,-0.001433889,-5115.946672,
BNPP-IPBFX-NMMF,420815871,USD,,,,,,NMMF,,-991828.2856,PARIUK,CHF.C-SWAA,,NMCL,0,0,0,0,0,0,0,0,0,0,0,0,1614.344381,-0.08389956,1614.344381,0,0,-5165.233249,,FORWARD,12,,NMMF,,,,1.232164,,,,,,,0,,-804948,-0.00023836,-5165.233249,-4192,-5165.233249,-4192,0,0,0,0,0,0,0,0,0,0,0,0,-5165.233249,-0.015116151,-5165.233249,HAHY7,HAHY7,XX,,New PB,-1000000,HAHY7:XXNMMFNMCL0001,0,0,0,0,0.80914,BloombergBVAL,,2149429186,2088428191,,1461916275,,0,0,0,0,0,0,0,0,0,0,0,-5165.233249,-0.003522787,-5165.233249,-1000000,,,,0,0,-6779.577629,Hybrid,USDCHF091626-196928505,TD 08/06/2026 VD 09/16/2026 SELL USD VS .BUY CHF @ 0.80494800,0,1,Henry Chan,0,,,,0,0,0,0,0,0,0,0,0,0,0,0,-5165.233249,-0.001447703,-5165.233249,
BNPP-IPBFX-NMMF,420816105,USD,,,,,,NMMF,,-997400.1331,PARIUK,CHF.C-SWAA,,NMCL,0,0,0,0,0,0,0,0,0,0,0,0,1624.281503,-0.084416005,1624.281503,0,0,406.614259,,FORWARD,12,,NMMF,,,,1.232164,,,,,,,0,,-809470,1.88E-05,406.614259,330,406.614259,330,0,0,0,0,0,0,0,0,0,0,0,0,406.614259,0.001189964,406.614259,HAHY7,HAHY7,XX,,New PB,-1000000,HAHY7:XXNMMFNMCL0001,0,0,0,0,0.80914,BloombergBVAL,,2149429186,2088428191,,1461916275,,0,0,0,0,0,0,0,0,0,0,0,406.614259,0.000277319,406.614259,-1000000,,,,0,0,-1217.667245,Hybrid,USDCHF091626-197000596,TD 08/07/2026 VD 09/16/2026 SELL USD VS .BUY CHF @ 0.80947000,0,1,Henry Chan,0,,,,0,0,0,0,0,0,0,0,0,0,0,0,406.614259,0.000113965,406.614259,
BNPP-IPBFX-NMMF,420816613,USD,,,,,,NMMF,,-997727.8888,PARIUK,CHF.C-SWAA,,NMCL,0,0,0,0,0,0,0,0,0,0,0,0,1624.86604,-0.084446384,1624.86604,0,0,734.369994,,FORWARD,12,,NMMF,,,,1.232164,,,,,,,0,,-809736,3.39E-05,734.369994,596,734.369994,596,0,0,0,0,0,0,0,0,0,0,0,0,734.369994,0.002149147,734.369994,HAHY7,HAHY7,XX,,New PB,-1000000,HAHY7:XXNMMFNMCL0001,0,0,0,0,0.80914,BloombergBVAL,,2149429186,2088428191,,1461916275,,0,0,0,0,0,0,0,0,0,0,0,734.369994,0.000500854,734.369994,-1000000,,,,0,0,-890.496046,Hybrid,USDCHF091626-197298000,TD 08/14/2026 VD 09/16/2026 SELL USD VS .BUY CHF @ 0.80973600,0,1,Henry Chan,0,,,,0,0,0,0,0,0,0,0,0,0,0,0,734.369994,0.000205828,734.369994,
BNPP-IPBFX-NMMF,420816609,USD,,,,,,NMMF,,-997764.8537,PARIUK,CHF.C-SWAA,,NMCL,0,0,0,0,0,0,0,0,0,0,0,0,1624.931965,-0.08444981,1624.931965,0,0,771.334927,,FORWARD,12,,NMMF,,,,1.232164,,,,,,,0,,-809766,3.56E-05,771.334927,626,771.334927,626,0,0,0,0,0,0,0,0,0,0,0,0,771.334927,0.002257326,771.334927,HAHY7,HAHY7,XX,,New PB,-1000000,HAHY7:XXNMMFNMCL0001,0,0,0,0,0.80914,BloombergBVAL,,2149429186,2088428191,,1461916275,,0,0,0,0,0,0,0,0,0,0,0,771.334927,0.000526065,771.334927,-1000000,,,,0,0,-853.597038,Hybrid,USDCHF091626-197298487,TD 08/14/2026 VD 09/16/2026 SELL USD VS .BUY CHF @ 0.80976600,0,1,Henry Chan,0,,,,0,0,0,0,0,0,0,0,0,0,0,0,771.334927,0.000216189,771.334927,
BNPP-IPBFX-NMMF,420816617,USD,,,,,,NMMF,,-997819.069,PARIUK,CHF.C-SWAA,,NMCL,0,0,0,0,0,0,0,0,0,0,0,0,1625.028655,-0.084454835,1625.028655,0,0,825.550161,,FORWARD,12,,NMMF,,,,1.232164,,,,,,,0,,-809810,3.81E-05,825.550161,670,825.550161,670,0,0,0,0,0,0,0,0,0,0,0,0,825.550161,0.002415988,825.550161,HAHY7,HAHY7,XX,,New PB,-1000000,HAHY7:XXNMMFNMCL0001,0,0,0,0,0.80914,BloombergBVAL,,2149429186,2088428191,,1461916275,,0,0,0,0,0,0,0,0,0,0,0,825.550161,0.000563041,825.550161,-1000000,,,,0,0,-799.478494,Hybrid,USDCHF091626-197300204,TD 08/14/2026 VD 09/16/2026 SELL USD VS .BUY CHF @ 0.80981000,0,1,Henry Chan,0,,,,0,0,0,0,0,0,0,0,0,0,0,0,825.550161,0.000231384,825.550161,
BNPP-IPBFX-NMMF,,USD,,,,USD Curncy,USD,NMMF,,-483.0089,PARIUK,DOL.C-USAA,,NMCL,0,0,0,0,0,0,0,0,0,0,0,0,0,0,0,0,0,-483.0089,,CURRENCY,12,,NMMF,,,,1,,IX244867-0,,United States CCY,US,North America,0,,-483.0089,-2.23E-05,-483.0089,-483.0089,-483.0089,-483.0089,0,0,0,0,0,0,0,0,0,0,0,0,0,0,0,HAHY7,HAHY7,XX,,New PB,-483.0089,HAHY7:XXNMMFNMCL0001,-483.0089,-483.0089,0,0,1,BloombergBFIX,,2149429186,2088428191,1,1461916275,,0,0,0,0,0,0,0,0,0,0,0,-27856.5064,-0.018998665,-27856.5064,-483.0089,,,,0,0,-483.0089,Hybrid,DOL.C-USAA,UNITED STATES DOLLARS,0,1,Henry Chan,0,,,,0,0,0,0,0,0,0,0,0,0,0,0,-27856.5064,-0.007807577,-27856.5064,
BNPP-IPBFX-NMMF,128949,USD,,,,,,NMMF,,2000000,PARIUK,DOL.C-USAA,,NMCL,0,0,0,0,0,0,0,0,0,0,0,0,5823.521603,-0.30265593,5823.521603,0,0,26471.33129,,FORWARD,12,,NMMF,,,,1,,,,,,,0,,2000000,0.001221573,26471.33129,26471.33129,26471.33129,26471.33129,0,0,0,0,0,0,0,0,0,0,0,0,19327.60829,0.056562605,19327.60829,HAHY7,HAHY7,XX,,New PB,2854667.453,HAHY7:XXNMMFNMCL0001,7143.723,7143.723,0,0,0.70988,BloombergBVAL,,2149429186,2088428191,0.703109,1461916275,,0,0,0,0,0,0,0,0,0,0,0,26471.33129,0.018053949,26471.33129,2854667.453,,,,0,0,20647.80969,Hybrid,AUDUSD091626-196283980,TD 07/23/2026 VD 09/16/2026 SELL USD VS .BUY AUD @ 0.70060700,0,1,Henry Chan,0,,,,0,0,0,0,0,0,0,0,0,0,0,0,26471.33129,0.007419342,26471.33129,
BNPP-IPBFX-NMMF,,USD,,,,,,NMMF,,-2000000,PARIUK,DOL.C-USAA,,NMCL,0,0,0,0,0,0,0,0,0,0,0,0,-5873.114809,0.305233353,-5873.114809,0,0,-43728.79453,,FORWARD,12,,NMMF,,,,1,,,,,,,0,,-2000000,-0.002017953,-43728.79453,-43728.79453,-43728.79453,-43728.79453,0,0,0,0,0,0,0,0,0,0,0,0,-19563.56353,-0.057253132,-19563.56353,HAHY7,HAHY7,XX,,New PB,-2878977.848,HAHY7:XXNMMFNMCL0001,-24165.231,-24165.231,0,0,0.70988,BloombergBVAL,,2149429186,2088428191,0.703085,1461916275,,0,0,0,0,0,0,0,0,0,0,0,-43728.79453,-0.029823866,-43728.79453,-2878977.848,,,,0,0,-37855.67972,Hybrid,AUDUSD091626-196606908,TD 07/30/2026 VD 09/16/2026 SELL AUD VS .BUY USD @ 0.69469100,0,1,Henry Chan,0,,,,0,0,0,0,0,0,0,0,0,0,0,0,-43728.79453,-0.012256236,-43728.79453,
BNPP-IPBFX-NMMF,129026,USD,,,,,,NMMF,,999999.9969,PARIUK,DOL.C-USAA,,NMCL,0,0,0,0,0,0,0,0,0,0,0,0,525.263418,-0.027298617,525.263418,0,0,14222.38248,,FORWARD,12,,NMMF,,,,1,,,,,,,0,,999999.9969,0.00065632,14222.38248,14222.38248,14222.38248,14222.38248,0,0,0,0,0,0,0,0,0,0,0,0,3173.69741,0.009287884,3173.69741,HAHY7,HAHY7,XX,,New PB,875439.03,HAHY7:XXNMMFNMCL0001,11048.68507,11048.68507,0,0,1.15853,BloombergBVAL,,2149429186,2088428191,1.154905,1461916275,,0,0,0,0,0,0,0,0,0,0,0,14222.38248,0.009699934,14222.38248,875439.03,,,,0,0,13697.11906,Hybrid,EURUSD091626-196556578,TD 07/29/2026 VD 09/16/2026 SELL USD VS .BUY EUR @ 1.14228400,0,1,Henry Chan,0,,,,0,0,0,0,0,0,0,0,0,0,0,0,14222.38248,0.003986226,14222.38248,
BNPP-IPBFX-NMMF,129039,USD,,,,,,NMMF,,2000000.004,PARIUK,DOL.C-USAA,,NMCL,0,0,0,0,0,0,0,0,0,0,0,0,1050.60042,-0.054601059,1050.60042,0,0,28586.83725,,FORWARD,12,,NMMF,,,,1,,,,,,,0,,2000000.004,0.001319197,28586.83725,28586.83725,28586.83725,28586.83725,0,0,0,0,0,0,0,0,0,0,0,0,6348.449814,0.018578856,6348.449814,HAHY7,HAHY7,XX,,New PB,1751000.7,HAHY7:XXNMMFNMCL0001,22238.38744,22238.38744,0,0,1.15853,BloombergBVAL,,2149429186,2088428191,1.154904,1461916275,,0,0,0,0,0,0,0,0,0,0,0,28586.83725,0.019496764,28586.83725,1751000.7,,,,0,0,27536.23683,Hybrid,EURUSD091626-196556696,TD 07/29/2026 VD 09/16/2026 SELL USD VS .BUY EUR @ 1.14220400,0,1,Henry Chan,0,,,,0,0,0,0,0,0,0,0,0,0,0,0,28586.83725,0.008012273,28586.83725,
BNPP-IPBFX-NMMF,129028,USD,,,,,,NMMF,,2000000.005,PARIUK,DOL.C-USAA,,NMCL,0,0,0,0,0,0,0,0,0,0,0,0,1050.526842,-0.054597235,1050.526842,0,0,28444.76513,,FORWARD,12,,NMMF,,,,1,,,,,,,0,,2000000.005,0.001312641,28444.76513,28444.76513,28444.76513,28444.76513,0,0,0,0,0,0,0,0,0,0,0,0,6347.394483,0.018575768,6347.394483,HAHY7,HAHY7,XX,,New PB,1750878.07,HAHY7:XXNMMFNMCL0001,22097.37064,22097.37064,0,0,1.15853,BloombergBVAL,,2149429186,2088428191,1.154905,1461916275,,0,0,0,0,0,0,0,0,0,0,0,28444.76513,0.019399868,28444.76513,1750878.07,,,,0,0,27394.23828,Hybrid,EURUSD091626-196556858,TD 07/29/2026 VD 09/16/2026 SELL USD VS .BUY EUR @ 1.14228400,0,1,Henry Chan,0,,,,0,0,0,0,0,0,0,0,0,0,0,0,28444.76513,0.007972453,28444.76513,
BNPP-IPBFX-NMMF,129024,USD,,,,,,NMMF,,2000000.003,PARIUK,DOL.C-USAA,,NMCL,0,0,0,0,0,0,0,0,0,0,0,0,1050.582024,-0.054600103,1050.582024,0,0,28551.31747,,FORWARD,12,,NMMF,,,,1,,,,,,,0,,2000000.003,0.001317558,28551.31747,28551.31747,28551.31747,28551.31747,0,0,0,0,0,0,0,0,0,0,0,0,6348.186472,0.018578086,6348.186472,HAHY7,HAHY7,XX,,New PB,1750970.04,HAHY7:XXNMMFNMCL0001,22203.131,22203.131,0,0,1.15853,BloombergBVAL,,2149429186,2088428191,1.154904,1461916275,,0,0,0,0,0,0,0,0,0,0,0,28551.31747,0.019472539,28551.31747,1750970.04,,,,0,0,27500.73545,Hybrid,EURUSD091626-196556866,TD 07/29/2026 VD 09/16/2026 SELL USD VS .BUY EUR @ 1.14222400,0,1,Henry Chan,0,,,,0,0,0,0,0,0,0,0,0,0,0,0,28551.31747,0.008002317,28551.31747,
BNPP-IPBFX-NMMF,129029,USD,,,,,,NMMF,,2000000.003,PARIUK,DOL.C-USAA,,NMCL,0,0,0,0,0,0,0,0,0,0,0,0,1050.618816,-0.054602015,1050.618816,0,0,28622.35861,,FORWARD,12,,NMMF,,,,1,,,,,,,0,,2000000.003,0.001320836,28622.35861,28622.35861,28622.35861,28622.35861,0,0,0,0,0,0,0,0,0,0,0,0,6348.71443,0.018579631,6348.71443,HAHY7,HAHY7,XX,,New PB,1751031.36,HAHY7:XXNMMFNMCL0001,22273.64418,22273.64418,0,0,1.15853,BloombergBVAL,,2149429186,2088428191,1.154904,1461916275,,0,0,0,0,0,0,0,0,0,0,0,28622.35861,0.019520991,28622.35861,1751031.36,,,,0,0,27571.73979,Hybrid,EURUSD091626-196557007,TD 07/29/2026 VD 09/16/2026 SELL USD VS .BUY EUR @ 1.14218400,0,1,Henry Chan,0,,,,0,0,0,0,0,0,0,0,0,0,0,0,28622.35861,0.008022228,28622.35861,
BNPP-IPBFX-NMMF,129027,USD,,,,,,NMMF,,2000000.002,PARIUK,DOL.C-USAA,,NMCL,0,0,0,0,0,0,0,0,0,0,0,0,1050.572826,-0.054599625,1050.572826,0,0,28533.55795,,FORWARD,12,,NMMF,,,,1,,,,,,,0,,2000000.002,0.001316738,28533.55795,28533.55795,28533.55795,28533.55795,0,0,0,0,0,0,0,0,0,0,0,0,6348.054091,0.018577698,6348.054091,HAHY7,HAHY7,XX,,New PB,1750954.71,HAHY7:XXNMMFNMCL0001,22185.50386,22185.50386,0,0,1.15853,BloombergBVAL,,2149429186,2088428191,1.154905,1461916275,,0,0,0,0,0,0,0,0,0,0,0,28533.55795,0.019460427,28533.55795,1750954.71,,,,0,0,27482.98513,Hybrid,EURUSD091626-196557013,TD 07/29/2026 VD 09/16/2026 SELL USD VS .BUY EUR @ 1.14223400,0,1,Henry Chan,0,,,,0,0,0,0,0,0,0,0,0,0,0,0,28533.55795,0.00799734,28533.55795,
BNPP-IPBFX-NMMF,129025,USD,,,,,,NMMF,,2000000,PARIUK,DOL.C-USAA,,NMCL,0,0,0,0,0,0,0,0,0,0,0,0,1050.55443,-0.054598669,1050.55443,0,0,28498.03984,,FORWARD,12,,NMMF,,,,1,,,,,,,0,,2000000,0.001315099,28498.03984,28498.03984,28498.03984,28498.03984,0,0,0,0,0,0,0,0,0,0,0,0,6347.790675,0.018576927,6347.790675,HAHY7,HAHY7,XX,,New PB,1750924.05,HAHY7:XXNMMFNMCL0001,22150.24916,22150.24916,0,0,1.15853,BloombergBVAL,,2149429186,2088428191,1.154905,1461916275,,0,0,0,0,0,0,0,0,0,0,0,28498.03984,0.019436203,28498.03984,1750924.05,,,,0,0,27447.48541,Hybrid,EURUSD091626-196557014,TD 07/29/2026 VD 09/16/2026 SELL USD VS .BUY EUR @ 1.14225400,0,1,Henry Chan,0,,,,0,0,0,0,0,0,0,0,0,0,0,0,28498.03984,0.007987385,28498.03984,
BNPP-IPBFX-NMMF,,USD,,,,,,NMMF,,-3500000,PARIUK,DOL.C-USAA,,NMCL,0,0,0,0,0,0,0,0,0,0,0,0,-1830.907816,0.095154641,-1830.907816,0,0,-35269.38757,,FORWARD,12,,NMMF,,,,1,,,,,,,0,,-3500000,-0.001627577,-35269.38757,-35269.38757,-35269.38757,-35269.38757,0,0,0,0,0,0,0,0,0,0,0,0,-11000.17157,-0.032192207,-11000.17157,HAHY7,HAHY7,XX,,New PB,-3051513.027,HAHY7:XXNMMFNMCL0001,-24269.216,-24269.216,0,0,1.15853,BloombergBVAL,,2149429186,2088428191,1.154925,1461916275,,0,0,0,0,0,0,0,0,0,0,0,-35269.38757,-0.02405439,-35269.38757,-3051513.027,,,,0,0,-33438.47975,Hybrid,EURUSD091626-196606906,TD 07/30/2026 VD 09/16/2026 SELL EUR VS .BUY USD @ 1.14697200,0,1,Henry Chan,0,,,,0,0,0,0,0,0,0,0,0,0,0,0,-35269.38757,-0.009885247,-35269.38757,
BNPP-IPBFX-NMMF,,USD,,,,,,NMMF,,-3000000,PARIUK,DOL.C-USAA,,NMCL,0,0,0,0,0,0,0,0,0,0,0,0,-1569.339979,0.081560623,-1569.339979,0,0,-30212.41017,,FORWARD,12,,NMMF,,,,1,,,,,,,0,,-3000000,-0.001394212,-30212.41017,-30212.41017,-30212.41017,-30212.41017,0,0,0,0,0,0,0,0,0,0,0,0,-9428.581166,-0.027592918,-9428.581166,HAHY7,HAHY7,XX,,New PB,-2615566.632,HAHY7:XXNMMFNMCL0001,-20783.829,-20783.829,0,0,1.15853,BloombergBVAL,,2149429186,2088428191,1.154925,1461916275,,0,0,0,0,0,0,0,0,0,0,0,-30212.41017,-0.020605436,-30212.41017,-2615566.632,,,,0,0,-28643.07019,Hybrid,EURUSD091626-196610671,TD 07/30/2026 VD 09/16/2026 SELL EUR VS .BUY USD @ 1.14697900,0,1,Henry Chan,0,,,,0,0,0,0,0,0,0,0,0,0,0,0,-30212.41017,-0.008467886,-30212.41017,
BNPP-IPBFX-NMMF,,USD,,,,,,NMMF,,3000000,PARIUK,DOL.C-USAA,,NMCL,0,0,0,0,0,0,0,0,0,0,0,0,1565.734765,-0.081373255,1565.734765,0,0,23251.16125,,FORWARD,12,,NMMF,,,,1,,,,,,,0,,3000000,0.001072972,23251.16125,23251.16125,23251.16125,23251.16125,0,0,0,0,0,0,0,0,0,0,0,0,9376.874253,0.027441597,9376.874253,HAHY7,HAHY7,XX,,New PB,2609557.941,HAHY7:XXNMMFNMCL0001,13874.287,13874.287,0,0,1.15853,BloombergBVAL,,2149429186,2088428191,1.154937,1461916275,,0,0,0,0,0,0,0,0,0,0,0,23251.16125,0.015857732,23251.16125,2609557.941,,,,0,0,21685.42649,Hybrid,EURUSD091626-196610672,TD 07/30/2026 VD 09/16/2026 SELL USD VS .BUY EUR @ 1.14962000,0,1,Henry Chan,0,,,,0,0,0,0,0,0,0,0,0,0,0,0,23251.16125,0.006516798,23251.16125,
BNPP-IPBFX-NMMF,,USD,,,,,,NMMF,,-3000000,PARIUK,DOL.C-USAA,,NMCL,0,0,0,0,0,0,0,0,0,0,0,0,-1569.297565,0.081558419,-1569.297565,0,0,-30130.51325,,FORWARD,12,,NMMF,,,,1,,,,,,,0,,-3000000,-0.001390433,-30130.51325,-30130.51325,-30130.51325,-30130.51325,0,0,0,0,0,0,0,0,0,0,0,0,-9427.973247,-0.027591139,-9427.973247,HAHY7,HAHY7,XX,,New PB,-2615495.942,HAHY7:XXNMMFNMCL0001,-20702.54,-20702.54,0,0,1.15853,BloombergBVAL,,2149429186,2088428191,1.154925,1461916275,,0,0,0,0,0,0,0,0,0,0,0,-30130.51325,-0.020549581,-30130.51325,-2615495.942,,,,0,0,-28561.21568,Hybrid,EURUSD091626-196610775,TD 07/30/2026 VD 09/16/2026 SELL EUR VS .BUY USD @ 1.14701000,0,1,Henry Chan,0,,,,0,0,0,0,0,0,0,0,0,0,0,0,-30130.51325,-0.008444932,-30130.51325,
BNPP-IPBFX-NMMF,,USD,,,,,,NMMF,,-3500000,PARIUK,DOL.C-USAA,,NMCL,0,0,0,0,0,0,0,0,0,0,0,0,-1830.717877,0.09514477,-1830.717877,0,0,-34902.63632,,FORWARD,12,,NMMF,,,,1,,,,,,,0,,-3500000,-0.001610652,-34902.63632,-34902.63632,-34902.63632,-34902.63632,0,0,0,0,0,0,0,0,0,0,0,0,-10997.44732,-0.032184234,-10997.44732,HAHY7,HAHY7,XX,,New PB,-3051196.461,HAHY7:XXNMMFNMCL0001,-23905.189,-23905.189,0,0,1.15853,BloombergBVAL,,2149429186,2088428191,1.154926,1461916275,,0,0,0,0,0,0,0,0,0,0,0,-34902.63632,-0.023804259,-34902.63632,-3051196.461,,,,0,0,-33071.91844,Hybrid,EURUSD091626-196610777,TD 07/30/2026 VD 09/16/2026 SELL EUR VS .BUY USD @ 1.14709100,0,1,Henry Chan,0,,,,0,0,0,0,0,0,0,0,0,0,0,0,-34902.63632,-0.009782455,-34902.63632,
BNPP-IPBFX-NMMF,,USD,,,,,,NMMF,,3000000,PARIUK,DOL.C-USAA,,NMCL,0,0,0,0,0,0,0,0,0,0,0,0,1565.680288,-0.081370424,1565.680288,0,0,23145.97359,,FORWARD,12,,NMMF,,,,1,,,,,,,0,,3000000,0.001068117,23145.97359,23145.97359,23145.97359,23145.97359,0,0,0,0,0,0,0,0,0,0,0,0,9376.093592,0.027439312,9376.093592,HAHY7,HAHY7,XX,,New PB,2609467.147,HAHY7:XXNMMFNMCL0001,13769.88,13769.88,0,0,1.15853,BloombergBVAL,,2149429186,2088428191,1.154937,1461916275,,0,0,0,0,0,0,0,0,0,0,0,23145.97359,0.015785992,23145.97359,2609467.147,,,,0,0,21580.2933,Hybrid,EURUSD091626-196610783,TD 07/30/2026 VD 09/16/2026 SELL USD VS .BUY EUR @ 1.14966000,0,1,Henry Chan,0,,,,0,0,0,0,0,0,0,0,0,0,0,0,23145.97359,0.006487316,23145.97359,
BNPP-IPBFX-NMMF,420815975,USD,,,,,,NMMF,,2000000,PARIUK,DOL.C-USAA,,NMCL,0,0,0,0,0,0,0,0,0,0,0,0,1037.944931,-0.053943337,1037.944931,0,0,4150.568789,,FORWARD,12,,NMMF,,,,1,,,,,,,0,,2000000,0.000191536,4150.568789,4150.568789,4150.568789,4150.568789,0,0,0,0,0,0,0,0,0,0,0,0,4150.568789,0.012146717,4150.568789,HAHY7,HAHY7,XX,,New PB,1729908.219,HAHY7:XXNMMFNMCL0001,0,0,0,0,1.15853,BloombergBVAL,,2149429186,2088428191,,1461916275,,0,0,0,0,0,0,0,0,0,0,0,4150.568789,0.002830767,4150.568789,1729908.219,,,,0,0,3112.623858,Hybrid,EURUSD091626-196935497,TD 08/06/2026 VD 09/16/2026 SELL USD VS .BUY EUR @ 1.15613070,0,1,Henry Chan,0,,,,0,0,0,0,0,0,0,0,0,0,0,0,4150.568789,0.001163315,4150.568789,
BNPP-IPBFX-NMMF,420815973,USD,,,,,,NMMF,,2000000,PARIUK,DOL.C-USAA,,NMCL,0,0,0,0,0,0,0,0,0,0,0,0,1037.909022,-0.053941471,1037.909022,0,0,4081.231258,,FORWARD,12,,NMMF,,,,1,,,,,,,0,,2000000,0.000188337,4081.231258,4081.231258,4081.231258,4081.231258,0,0,0,0,0,0,0,0,0,0,0,0,4081.231258,0.011943799,4081.231258,HAHY7,HAHY7,XX,,New PB,1729848.369,HAHY7:XXNMMFNMCL0001,0,0,0,0,1.15853,BloombergBVAL,,2149429186,2088428191,,1461916275,,0,0,0,0,0,0,0,0,0,0,0,4081.231258,0.002783477,4081.231258,1729848.369,,,,0,0,3043.322236,Hybrid,EURUSD091626-196935735,TD 08/06/2026 VD 09/16/2026 SELL USD VS .BUY EUR @ 1.15617070,0,1,Henry Chan,0,,,,0,0,0,0,0,0,0,0,0,0,0,0,4081.231258,0.001143881,4081.231258,
BNPP-IPBFX-NMMF,420816107,USD,,,,,,NMMF,,-2000000,PARIUK,DOL.C-USAA,,NMCL,0,0,0,0,0,0,0,0,0,0,0,0,-1039.873967,0.054043591,-1039.873967,0,0,-7875.312179,,FORWARD,12,,NMMF,,,,1,,,,,,,0,,-2000000,-0.000363422,-7875.312179,-7875.312179,-7875.312179,-7875.312179,0,0,0,0,0,0,0,0,0,0,0,0,-7875.312179,-0.023047248,-7875.312179,HAHY7,HAHY7,XX,,New PB,-1733123.279,HAHY7:XXNMMFNMCL0001,0,0,0,0,1.15853,BloombergBVAL,,2149429186,2088428191,,1461916275,,0,0,0,0,0,0,0,0,0,0,0,-7875.312179,-0.005371112,-7875.312179,-1733123.279,,,,0,0,-6835.438212,Hybrid,EURUSD091626-197000594,TD 08/07/2026 VD 09/16/2026 SELL EUR VS .BUY USD @ 1.15398600,0,1,Henry Chan,0,,,,0,0,0,0,0,0,0,0,0,0,0,0,-7875.312179,-0.00220728,-7875.312179,
BNPP-IPBFX-NMMF,420816493,USD,,,,,,NMMF,,2000000,PARIUK,DOL.C-USAA,,NMCL,0,0,0,0,0,0,0,0,0,0,0,0,1038.841595,-0.053989938,1038.841595,0,0,5881.921109,,FORWARD,12,,NMMF,,,,1,,,,,,,0,,2000000,0.000271433,5881.921109,5881.921109,5881.921109,5881.921109,0,0,0,0,0,0,0,0,0,0,0,0,5881.921109,0.017213551,5881.921109,HAHY7,HAHY7,XX,,New PB,1731402.658,HAHY7:XXNMMFNMCL0001,0,0,0,0,1.15853,BloombergBVAL,,2149429186,2088428191,,1461916275,,0,0,0,0,0,0,0,0,0,0,0,5881.921109,0.004011582,5881.921109,1731402.658,,,,0,0,4843.079514,Hybrid,EURUSD091626-197177186,TD 08/12/2026 VD 09/16/2026 SELL USD VS .BUY EUR @ 1.15513280,0,1,Henry Chan,0,,,,0,0,0,0,0,0,0,0,0,0,0,0,5881.921109,0.001648575,5881.921109,
BNPP-IPBFX-NMMF,128968,USD,,,,,,NMMF,,1999999.999,PARIUK,DOL.C-USAA,,NMCL,0,0,0,0,0,0,0,0,0,0,0,0,390.722886,-0.020306372,390.722886,0,0,34328.76234,,FORWARD,12,,NMMF,,,,1,,,,,,,0,,1999999.999,0.00158417,34328.76234,34328.76234,34328.76234,34328.76234,0,0,0,0,0,0,0,0,0,0,0,0,8438.860809,0.024696483,8438.860809,HAHY7,HAHY7,XX,,New PB,1502780.331,HAHY7:XXNMMFNMCL0001,25889.90153,25889.90153,0,0,1.35371,BloombergBVAL,,2149429186,2088428191,1.348095,1461916275,,0,0,0,0,0,0,0,0,0,0,0,34328.76234,0.023412866,34328.76234,1502780.331,,,,0,0,33938.03945,Hybrid,GBPUSD091626-196357490,TD 07/24/2026 VD 09/16/2026 SELL USD VS .BUY GBP @ 1.33086650,0,1,Henry Chan,0,,,,0,0,0,0,0,0,0,0,0,0,0,0,34328.76234,0.00962161,34328.76234,
BNPP-IPBFX-NMMF,128963,USD,,,,,,NMMF,,2000000.005,PARIUK,DOL.C-USAA,,NMCL,0,0,0,0,0,0,0,0,0,0,0,0,390.626028,-0.020301339,390.626028,0,0,33824.45785,,FORWARD,12,,NMMF,,,,1,,,,,,,0,,2000000.005,0.001560898,33824.45785,33824.45785,33824.45785,33824.45785,0,0,0,0,0,0,0,0,0,0,0,0,8434.605777,0.024684031,8434.605777,HAHY7,HAHY7,XX,,New PB,1502407.8,HAHY7:XXNMMFNMCL0001,25389.85208,25389.85208,0,0,1.35371,BloombergBVAL,,2149429186,2088428191,1.348096,1461916275,,0,0,0,0,0,0,0,0,0,0,0,33824.45785,0.023068921,33824.45785,1502407.8,,,,0,0,33433.83182,Hybrid,GBPUSD091626-196357499,TD 07/24/2026 VD 09/16/2026 SELL USD VS .BUY GBP @ 1.33119650,0,1,Henry Chan,0,,,,0,0,0,0,0,0,0,0,0,0,0,0,33824.45785,0.009480264,33824.45785,
BNPP-IPBFX-NMMF,128964,USD,,,,,,NMMF,,1999999.997,PARIUK,DOL.C-USAA,,NMCL,0,0,0,0,0,0,0,0,0,0,0,0,390.628961,-0.020301491,390.628961,0,0,33839.7363,,FORWARD,12,,NMMF,,,,1,,,,,,,0,,1999999.997,0.001561603,33839.7363,33839.7363,33839.7363,33839.7363,0,0,0,0,0,0,0,0,0,0,0,0,8434.734849,0.024684408,8434.734849,HAHY7,HAHY7,XX,,New PB,1502419.08,HAHY7:XXNMMFNMCL0001,25405.00145,25405.00145,0,0,1.35371,BloombergBVAL,,2149429186,2088428191,1.348096,1461916275,,0,0,0,0,0,0,0,0,0,0,0,33839.7363,0.023079341,33839.7363,1502419.08,,,,0,0,33449.10734,Hybrid,GBPUSD091626-196357802,TD 07/24/2026 VD 09/16/2026 SELL USD VS .BUY GBP @ 1.33118650,0,1,Henry Chan,0,,,,0,0,0,0,0,0,0,0,0,0,0,0,33839.7363,0.009484547,33839.7363,
BNPP-IPBFX-NMMF,128975,USD,,,,,,NMMF,,-2999999.997,PARIUK,DOL.C-USAA,,NMCL,0,0,0,0,0,0,0,0,0,0,0,0,-585.41418,0.03042473,-585.41418,0,0,-48003.96276,,FORWARD,12,,NMMF,,,,1,,,,,,,0,,-2999999.997,-0.002215239,-48003.96276,-48003.96276,-48003.96276,-48003.96276,0,0,0,0,0,0,0,0,0,0,0,0,-12628.85113,-0.036958568,-12628.85113,HAHY7,HAHY7,XX,,New PB,-2251593,HAHY7:XXNMMFNMCL0001,-35375.11163,-35375.11163,0,0,1.35371,BloombergBVAL,,2149429186,2088428191,1.348101,1461916275,,0,0,0,0,0,0,0,0,0,0,0,-48003.96276,-0.032739612,-48003.96276,-2251593,,,,0,0,-47418.54858,Hybrid,GBPUSD091626-196366337,TD 07/24/2026 VD 09/16/2026 SELL GBP VS .BUY USD @ 1.33239000,0,1,Henry Chan,0,,,,0,0,0,0,0,0,0,0,0,0,0,0,-48003.96276,-0.013454473,-48003.96276,
BNPP-IPBFX-NMMF,128974,USD,,,,,,NMMF,,-2999999.993,PARIUK,DOL.C-USAA,,NMCL,0,0,0,0,0,0,0,0,0,0,0,0,-585.506462,0.030429526,-585.506462,0,0,-48484.43916,,FORWARD,12,,NMMF,,,,1,,,,,,,0,,-2999999.993,-0.002237412,-48484.43916,-48484.43916,-48484.43916,-48484.43916,0,0,0,0,0,0,0,0,0,0,0,0,-12632.90452,-0.03697043,-12632.90452,HAHY7,HAHY7,XX,,New PB,-2251947.93,HAHY7:XXNMMFNMCL0001,-35851.53464,-35851.53464,0,0,1.35371,BloombergBVAL,,2149429186,2088428191,1.3481,1461916275,,0,0,0,0,0,0,0,0,0,0,0,-48484.43916,-0.033067306,-48484.43916,-2251947.93,,,,0,0,-47898.9327,Hybrid,GBPUSD091626-196366338,TD 07/24/2026 VD 09/16/2026 SELL GBP VS .BUY USD @ 1.33218000,0,1,Henry Chan,0,,,,0,0,0,0,0,0,0,0,0,0,0,0,-48484.43916,-0.01358914,-48484.43916,
BNPP-IPBFX-NMMF,128943,USD,,,,,,NMMF,,2000000,PARIUK,DOL.C-USAA,,NMCL,0,0,0,0,0,0,0,0,0,0,0,0,15804.66135,-0.821388637,15804.66135,0,0,132794.4773,,FORWARD,12,,NMMF,,,,1,,,,,,,0,,2000000,0.006128068,132794.4773,132794.4773,132794.4773,132794.4773,0,0,0,0,0,0,0,0,0,0,0,0,168927.5113,0.494369503,168927.5113,HAHY7,HAHY7,XX,,New PB,482.474,HAHY7:XXNMMFNMCL0001,-36133.034,-36133.034,0,0,4420.53764,BloombergBVAL,,2149429186,2088428191,4070.409941,1461916275,,0,0,0,0,0,0,0,0,0,0,0,132794.4773,0.090568348,132794.4773,482.474,,,,0,0,116989.816,Hybrid,XAUUSD091626-196248311,TD 07/22/2026 VD 09/16/2026 SELL USD VS .BUY XAU @ 4145.30109394,0,1,Henry Chan,0,,,,0,0,0,0,0,0,0,0,0,0,0,0,132794.4773,0.037219422,132794.4773,
BNPP-IPBFX-NMMF,129011,USD,,,,,,NMMF,,999998.2251,PARIUK,DOL.C-USAA,,NMCL,0,0,0,0,0,0,0,0,0,0,0,0,8052.817626,-0.41851532,8052.817626,0,0,86706.80288,,FORWARD,12,,NMMF,,,,1,,,,,,,0,,999998.2251,0.00400126,86706.80288,86706.80288,86706.80288,86706.80288,0,0,0,0,0,0,0,0,0,0,0,0,86155.31798,0.25213514,86155.31798,HAHY7,HAHY7,XX,,New PB,245.830964,HAHY7:XXNMMFNMCL0001,551.4849,551.4849,0,0,4420.53764,BloombergBVAL,,2149429186,2088428191,4070.071951,1461916275,,0,0,0,0,0,0,0,0,0,0,0,86706.80288,0.059135681,86706.80288,245.830964,,,,0,0,78653.98526,Hybrid,XAUUSD091626-196490196,TD 07/28/2026 VD 09/16/2026 SELL USD VS .BUY XAU @ 4067.82860129,0,1,Henry Chan,0,,,,0,0,0,0,0,0,0,0,0,0,0,0,86706.80288,0.024302043,86706.80288,
BNPP-IPBFX-NMMF,129057,USD,,,,,,NMMF,,1416309.685,PARIUK,DOL.C-USAA,,NMCL,0,0,0,0,0,0,0,0,0,0,0,0,11465.13924,-0.595858075,11465.13924,0,0,130878.5213,,FORWARD,12,,NMMF,,,,1,,,,,,,0,,1416309.685,0.006039652,130878.5213,130878.5213,130878.5213,130878.5213,0,0,0,0,0,0,0,0,0,0,0,0,122695.4103,0.359070399,122695.4103,HAHY7,HAHY7,XX,,New PB,350.000007,HAHY7:XXNMMFNMCL0001,8183.111,8183.111,0,0,4420.53764,BloombergBVAL,,2149429186,2088428191,4069.979332,1461916275,,0,0,0,0,0,0,0,0,0,0,0,130878.5213,0.08926163,130878.5213,350.000007,,,,0,0,119413.382,Hybrid,XAUUSD091626-196556697,TD 07/29/2026 VD 09/16/2026 SELL USD VS .BUY XAU @ 4046.59901560,0,1,Henry Chan,0,,,,0,0,0,0,0,0,0,0,0,0,0,0,130878.5213,0.036682421,130878.5213,
BNPP-IPBFX-NMMF,420815455,USD,,,,,,NMMF,,-1023732,PARIUK,DOL.C-USAA,,NMCL,0,0,0,0,0,0,0,0,0,0,0,0,-8189.385,0.425612902,-8189.385,0,0,-81402.41,,FORWARD,12,,NMMF,,,,1,,,,,,,0,,-1023732,-0.003756478,-81402.41,-81402.41,-81402.41,-81402.41,0,0,0,0,0,0,0,0,0,0,0,0,-87586.866,-0.256324592,-87586.866,HAHY7,HAHY7,XX,,New PB,-250,HAHY7:XXNMMFNMCL0001,6184.456,6184.456,0,0,4420.53764,BloombergBVAL,,2149429186,2088428191,4070.190176,1461916275,,0,0,0,0,0,0,0,0,0,0,0,-81402.41,-0.055517985,-81402.41,-250,,,,0,0,-73213.025,Hybrid,XAUUSD091626-196624240,TD 07/30/2026 VD 09/16/2026 SELL XAU VS .BUY USD @ 4094.92800000,0,1,Henry Chan,0,,,,0,0,0,0,0,0,0,0,0,0,0,0,-81402.41,-0.022815336,-81402.41,
BNPP-IPBFX-NMMF,420815453,USD,,,,,,NMMF,,-1023760.5,PARIUK,DOL.C-USAA,,NMCL,0,0,0,0,0,0,0,0,0,0,0,0,-8189.385,0.425612902,-8189.385,0,0,-81373.91,,FORWARD,12,,NMMF,,,,1,,,,,,,0,,-1023760.5,-0.003755163,-81373.91,-81373.91,-81373.91,-81373.91,0,0,0,0,0,0,0,0,0,0,0,0,-87586.741,-0.256324226,-87586.741,HAHY7,HAHY7,XX,,New PB,-250,HAHY7:XXNMMFNMCL0001,6212.831,6212.831,0,0,4420.53764,BloombergBVAL,,2149429186,2088428191,4070.190676,1461916275,,0,0,0,0,0,0,0,0,0,0,0,-81373.91,-0.055498547,-81373.91,-250,,,,0,0,-73184.525,Hybrid,XAUUSD091626-196625654,TD 07/30/2026 VD 09/16/2026 SELL XAU VS .BUY USD @ 4095.04200000,0,1,Henry Chan,0,,,,0,0,0,0,0,0,0,0,0,0,0,0,-81373.91,-0.022807348,-81373.91,
BNPP-IPBFX-NMMF,,USD,,,,,,NMMF,,2151079.429,PARIUK,DOL.C-USAA,,NMCL,0,0,0,0,0,0,0,0,0,0,0,0,16378.77,-0.851225804,16378.77,0,0,59189.39113,,FORWARD,12,,NMMF,,,,1,,,,,,,0,,2151079.429,0.002731413,59189.39113,59189.39113,59189.39113,59189.39113,0,0,0,0,0,0,0,0,0,0,0,0,59189.39113,0.173218854,59189.39113,HAHY7,HAHY7,XX,,New PB,500,HAHY7:XXNMMFNMCL0001,0,0,0,0,4420.53764,BloombergBVAL,,2149429186,2088428191,,1461916275,,0,0,0,0,0,0,0,0,0,0,0,59189.39113,0.040368285,59189.39113,500,,,,0,0,42810.62113,Hybrid,XAUUSD091626-196924253,TD 08/06/2026 VD 09/16/2026 SELL USD VS .BUY XAU @ 4302.15885773,0,1,Henry Chan,0,,,,0,0,0,0,0,0,0,0,0,0,0,0,59189.39113,0.016589507,59189.39113,
BNPP-IPBFX-NMMF,420816289,USD,,,,,,NMMF,,1314975.3,PARIUK,DOL.C-USAA,,NMCL,0,0,0,0,0,0,0,0,0,0,0,0,9827.262,-0.510735483,9827.262,0,0,11185.992,,FORWARD,12,,NMMF,,,,1,,,,,,,0,,1314975.3,0.0005162,11185.992,11185.992,11185.992,11185.992,0,0,0,0,0,0,0,0,0,0,0,0,11185.992,0.032736014,11185.992,HAHY7,HAHY7,XX,,New PB,300,HAHY7:XXNMMFNMCL0001,0,0,0,0,4420.53764,BloombergBVAL,,2149429186,2088428191,,1461916275,,0,0,0,0,0,0,0,0,0,0,0,11185.992,0.007629058,11185.992,300,,,,0,0,1358.73,Hybrid,XAUUSD091626-197124481,TD 08/11/2026 VD 09/16/2026 SELL USD VS .BUY XAU @ 4383.25100000,0,1,Henry Chan,0,,,,0,0,0,0,0,0,0,0,0,0,0,0,11185.992,0.003135192,11185.992,
BNPP-IPBFX-NMMF,420816597,USD,,,,,,NMMF,,1527261.4,PARIUK,DOL.C-USAA,,NMCL,0,0,0,0,0,0,0,0,0,0,0,0,11465.139,-0.595858063,11465.139,0,0,19926.774,,FORWARD,12,,NMMF,,,,1,,,,,,,0,,1527261.4,0.000919561,19926.774,19926.774,19926.774,19926.774,0,0,0,0,0,0,0,0,0,0,0,0,19926.774,0.058316075,19926.774,HAHY7,HAHY7,XX,,New PB,350,HAHY7:XXNMMFNMCL0001,0,0,0,0,4420.53764,BloombergBVAL,,2149429186,2088428191,,1461916275,,0,0,0,0,0,0,0,0,0,0,0,19926.774,0.013590437,19926.774,350,,,,0,0,8461.635,Hybrid,XAUUSD091626-197297955,TD 08/14/2026 VD 09/16/2026 SELL USD VS .BUY XAU @ 4363.60400000,0,1,Henry Chan,0,,,,0,0,0,0,0,0,0,0,0,0,0,0,19926.774,0.005585044,19926.774,
BNPP-IPBFX-NMMF,,USD,,,,EUR Curncy,EUR,NMMF,,0,PARIUK,EUR.C-EUAA,,NMCL,0,0,0,0,0,0,0,0,0,0,0,0,0,0,0,0,0,0,,CURRENCY,12,,NMMF,,,,,,IX378827-0,,European Union CCY,EU,Europe,0,,0,0,0,0,0,0,0,0,0,0,0,0,0,0,0,0,0,0,0,0,0,HAHY7,HAHY7,XX,,New PB,0,HAHY7:XXNMMFNMCL0001,0,0,0,0,1,BloombergBFIX,,2149429186,2088428191,1,1461916275,,0,0,0,0,0,0,0,0,0,0,0,-0.0025,-1.71E-09,-0.0025,0,,,,0,0,0,Hybrid,EUR.C-EUAA,EUROPEAN UNION EURO,0,,Henry Chan,0,,,,0,0,0,0,0,0,0,0,0,0,0,0,-0.0025,-7.01E-10,-0.0025,
BNPP-IPBFX-NMMF,,USD,,,,,,NMMF,,-9.986743,PARIUK,HKD.C-HKAA,,NMCL,0,0,0,0,0,0,0,0,0,0,0,0,0.002254,-1.17E-07,0.002254,0,0,-0.005915,,FORWARD,12,,NMMF,,,,0.127472,,,,,,,0,,-78.3444,-2.73E-10,-0.005915,-0.0464,-0.005915,-0.0464,0,0,0,0,0,0,0,0,0,0,0,0,-0.005915,-1.73E-08,-0.005915,HAHY7,HAHY7,XX,,New PB,-10,HAHY7:XXNMMFNMCL0001,0,0,0,0,7.83908,BloombergBVAL,,2149429186,2088428191,,1461916275,,0,0,0,0,0,0,0,0,0,0,0,-0.005915,-4.03E-09,-0.005915,-10,,,,0,0,-0.008168,Hybrid,USDHKD090826-196923363,TD 08/05/2026 VD 09/08/2026 SELL USD VS .BUY HKD @ 7.83444000,0,1,Henry Chan,0,,,,0,0,0,0,0,0,0,0,0,0,0,0,-0.005915,-1.66E-09,-0.005915,
BNPP-IPBFX-NMMF,420816683,USD,,,,,,NMMF,,-827563.6387,PARIUK,IDR.C-IJAA,,NMCL,0,0,0,0,0,0,0,0,0,0,0,0,-1316.41423,0.068415746,-1316.41423,0,0,-1316.41423,,FORWARD,12,,NMMF,,,,5.60E-05,,,,,,,0,,-14754218332,-6.07E-05,-1316.41423,-23469691.09,-1316.41423,-23469691.09,0,0,0,0,0,0,0,0,0,0,0,0,-1316.41423,-0.003852511,-1316.41423,HAHY7,HAHY7,XX,,New PB,-827077,HAHY7:XXNMMFNMCL0001,0,0,0,0,17867.36667,BloombergBVAL,,2149429186,2088428191,,1461916275,,0,0,0,0,0,0,0,0,0,0,0,-1316.41423,-0.000897819,-1316.41423,-827077,,,,0,0,0,Hybrid,USDIDR091626-197396454,TD 08/17/2026 VD 09/16/2026 SELL USD VS .BUY IDR @ 17838.99000000,0,1,Henry Chan,0,,,,0,0,0,0,0,0,0,0,0,0,0,0,-1316.41423,-0.000368962,-1316.41423,
BNPP-IPBFX-NMMF,420816697,USD,,,,,,NMMF,,-802075.5052,PARIUK,IDR.C-IJAA,,NMCL,0,0,0,0,0,0,0,0,0,0,0,0,-1279.022341,0.066472441,-1279.022341,0,0,-1279.022341,,FORWARD,12,,NMMF,,,,5.60E-05,,,,,,,0,,-14299803144,-5.90E-05,-1279.022341,-22803049.8,-1279.022341,-22803049.8,0,0,0,0,0,0,0,0,0,0,0,0,-1279.022341,-0.003743083,-1279.022341,HAHY7,HAHY7,XX,,New PB,-801607,HAHY7:XXNMMFNMCL0001,0,0,0,0,17867.36667,BloombergBVAL,,2149429186,2088428191,,1461916275,,0,0,0,0,0,0,0,0,0,0,0,-1279.022341,-0.000872317,-1279.022341,-801607,,,,0,0,0,Hybrid,USDIDR091626-197396456,TD 08/17/2026 VD 09/16/2026 SELL USD VS .BUY IDR @ 17838.92000000,0,1,Henry Chan,0,,,,0,0,0,0,0,0,0,0,0,0,0,0,-1279.022341,-0.000358482,-1279.022341,
BNPP-IPBFX-NMMF,420816665,USD,,,,,,NMMF,,-1133273.836,PARIUK,IDR.C-IJAA,,NMCL,0,0,0,0,0,0,0,0,0,0,0,0,-1831.344432,0.095177332,-1831.344432,0,0,-1831.344432,,FORWARD,12,,NMMF,,,,5.60E-05,,,,,,,0,,-20204572591,-8.45E-05,-1831.344432,-32650124.2,-1831.344432,-32650124.2,0,0,0,0,0,0,0,0,0,0,0,0,-1831.344432,-0.005359464,-1831.344432,HAHY7,HAHY7,XX,,New PB,-1132636,HAHY7:XXNMMFNMCL0001,0,0,0,0,17867.36667,BloombergBVAL,,2149429186,2088428191,,1461916275,,0,0,0,0,0,0,0,0,0,0,0,-1831.344432,-0.001249012,-1831.344432,-1132636,,,,0,0,0,Hybrid,USDIDR091626-197397316,TD 08/17/2026 VD 09/16/2026 SELL USD VS .BUY IDR @ 17838.54000000,0,1,Henry Chan,0,,,,0,0,0,0,0,0,0,0,0,0,0,0,-1831.344432,-0.000513286,-1831.344432,
BNPP-IPBFX-NMMF,420816673,USD,,,,,,NMMF,,-899924.3726,PARIUK,IDR.C-IJAA,,NMCL,0,0,0,0,0,0,0,0,0,0,0,0,-1409.287753,0.073242502,-1409.287753,0,0,-1409.287753,,FORWARD,12,,NMMF,,,,5.60E-05,,,,,,,0,,-16044301677,-6.50E-05,-1409.287753,-25125486.71,-1409.287753,-25125486.71,0,0,0,0,0,0,0,0,0,0,0,0,-1409.287753,-0.004124307,-1409.287753,HAHY7,HAHY7,XX,,New PB,-899373,HAHY7:XXNMMFNMCL0001,0,0,0,0,17867.36667,BloombergBVAL,,2149429186,2088428191,,1461916275,,0,0,0,0,0,0,0,0,0,0,0,-1409.287753,-0.000961161,-1409.287753,-899373,,,,0,0,0,Hybrid,USDIDR091626-197397323,TD 08/17/2026 VD 09/16/2026 SELL USD VS .BUY IDR @ 17839.43000000,0,1,Henry Chan,0,,,,0,0,0,0,0,0,0,0,0,0,0,0,-1409.287753,-0.000394993,-1409.287753,
BNPP-IPBFX-NMMF,420816703,USD,,,,,,NMMF,,-1195480.15,PARIUK,IDR.C-IJAA,,NMCL,0,0,0,0,0,0,0,0,0,0,0,0,-1938.58094,0.100750552,-1938.58094,0,0,-1938.58094,,FORWARD,12,,NMMF,,,,5.60E-05,,,,,,,0,,-21313617850,-8.95E-05,-1938.58094,-34561990.29,-1938.58094,-34561990.29,0,0,0,0,0,0,0,0,0,0,0,0,-1938.58094,-0.005673293,-1938.58094,HAHY7,HAHY7,XX,,New PB,-1194814,HAHY7:XXNMMFNMCL0001,0,0,0,0,17867.36667,BloombergBVAL,,2149429186,2088428191,,1461916275,,0,0,0,0,0,0,0,0,0,0,0,-1938.58094,-0.001322149,-1938.58094,-1194814,,,,0,0,0,Hybrid,USDIDR091626-197397327,TD 08/17/2026 VD 09/16/2026 SELL USD VS .BUY IDR @ 17838.44000000,0,1,Henry Chan,0,,,,0,0,0,0,0,0,0,0,0,0,0,0,-1938.58094,-0.000543342,-1938.58094,
BNPP-IPBFX-NMMF,420816691,USD,,,,,,NMMF,,-1145238.299,PARIUK,IDR.C-IJAA,,NMCL,0,0,0,0,0,0,0,0,0,0,0,0,-1749.730377,0.090935745,-1749.730377,0,0,-1749.730377,,FORWARD,12,,NMMF,,,,5.60E-05,,,,,,,0,,-20417881014,-8.07E-05,-1749.730377,-31195068.02,-1749.730377,-31195068.02,0,0,0,0,0,0,0,0,0,0,0,0,-1749.730377,-0.005120618,-1749.730377,HAHY7,HAHY7,XX,,New PB,-1144493,HAHY7:XXNMMFNMCL0001,0,0,0,0,17867.36667,BloombergBVAL,,2149429186,2088428191,,1461916275,,0,0,0,0,0,0,0,0,0,0,0,-1749.730377,-0.001193349,-1749.730377,-1144493,,,,0,0,0,Hybrid,USDIDR091626-197397655,TD 08/17/2026 VD 09/16/2026 SELL USD VS .BUY IDR @ 17840.11000000,0,1,Henry Chan,0,,,,0,0,0,0,0,0,0,0,0,0,0,0,-1749.730377,-0.000490412,-1749.730377,
BNPP-IPBFX-NMMF,128940,USD,,,,,,NMMF,,-3558849.092,PARIUK,JPY.C-JPAA,,NMCL,0,0,0,0,0,0,0,0,0,0,0,0,-4962.770612,0.25792159,-4962.770612,0,0,66435.65499,,FORWARD,12,,NMMF,,,,0.006266,,,,,,,0,,-567946050,0.003065807,66435.65499,10602266.87,66435.65499,10602266.87,0,0,0,0,0,0,0,0,0,0,0,0,-17794.67871,-0.052076458,-17794.67871,HAHY7,HAHY7,XX,,New PB,-3500000.02,HAHY7:XXNMMFNMCL0001,84230.3337,13390517.3,0,0,159.24108,BloombergBVAL,,2149429186,2088428191,158.444437,1461916275,,0,0,0,0,0,0,0,0,0,0,0,66435.65499,0.045310375,66435.65499,-3500000.02,,,,0,0,71398.4256,Hybrid,USDJPY091626-196243174,TD 07/22/2026 VD 09/16/2026 SELL USD VS .BUY JPY @ 162.27029909,0,1,Henry Chan,0,,,,0,0,0,0,0,0,0,0,0,0,0,0,66435.65499,0.018620478,66435.65499,
BNPP-IPBFX-NMMF,128941,USD,,,,,,NMMF,,-3558845.802,PARIUK,JPY.C-JPAA,,NMCL,0,0,0,0,0,0,0,0,0,0,0,0,-4962.766278,0.257921365,-4962.766278,0,0,66432.3633,,FORWARD,12,,NMMF,,,,0.006266,,,,,,,0,,-567945525,0.003065655,66432.3633,10601741.56,66432.3633,10601741.56,0,0,0,0,0,0,0,0,0,0,0,0,-17794.66988,-0.052076432,-17794.66988,HAHY7,HAHY7,XX,,New PB,-3500000.022,HAHY7:XXNMMFNMCL0001,84227.03318,13389992.6,0,0,159.24108,BloombergBVAL,,2149429186,2088428191,158.444437,1461916275,,0,0,0,0,0,0,0,0,0,0,0,66432.3633,0.04530813,66432.3633,-3500000.022,,,,0,0,71395.12958,Hybrid,USDJPY091626-196243315,TD 07/22/2026 VD 09/16/2026 SELL USD VS .BUY JPY @ 162.27014900,0,1,Henry Chan,0,,,,0,0,0,0,0,0,0,0,0,0,0,0,66432.3633,0.018619555,66432.3633,
BNPP-IPBFX-NMMF,128952,USD,,,,,,NMMF,,-2035388.847,PARIUK,JPY.C-JPAA,,NMCL,0,0,0,0,0,0,0,0,0,0,0,0,-2838.188998,0.147504343,-2838.188998,0,0,39724.03679,,FORWARD,12,,NMMF,,,,0.006266,,,,,,,0,,-324821600,0.001833145,39724.03679,6339439.86,39724.03679,6339439.86,0,0,0,0,0,0,0,0,0,0,0,0,-10173.39111,-0.029772618,-10173.39111,HAHY7,HAHY7,XX,,New PB,-2000000.001,HAHY7:XXNMMFNMCL0001,49897.4279,7932443.6,0,0,159.24108,BloombergBVAL,,2149429186,2088428191,158.444578,1461916275,,0,0,0,0,0,0,0,0,0,0,0,39724.03679,0.027092545,39724.03679,-2000000.001,,,,0,0,42562.22579,Hybrid,USDJPY091626-196283751,TD 07/23/2026 VD 09/16/2026 SELL USD VS .BUY JPY @ 162.41079993,0,1,Henry Chan,0,,,,0,0,0,0,0,0,0,0,0,0,0,0,39724.03679,0.011133789,39724.03679,
BNPP-IPBFX-NMMF,128953,USD,,,,,,NMMF,,-2035679.598,PARIUK,JPY.C-JPAA,,NMCL,0,0,0,0,0,0,0,0,0,0,0,0,-2838.5721,0.147524254,-2838.5721,0,0,40014.78094,,FORWARD,12,,NMMF,,,,0.006266,,,,,,,0,,-324868000,0.001846562,40014.78094,6385838.846,40014.78094,6385838.846,0,0,0,0,0,0,0,0,0,0,0,0,-10174.2167,-0.029775034,-10174.2167,HAHY7,HAHY7,XX,,New PB,-2000000.007,HAHY7:XXNMMFNMCL0001,50188.99764,7978795.9,0,0,159.24108,BloombergBVAL,,2149429186,2088428191,158.444601,1461916275,,0,0,0,0,0,0,0,0,0,0,0,40014.78094,0.027290838,40014.78094,-2000000.007,,,,0,0,42853.35304,Hybrid,USDJPY091626-196283857,TD 07/23/2026 VD 09/16/2026 SELL USD VS .BUY JPY @ 162.43399941,0,1,Henry Chan,0,,,,0,0,0,0,0,0,0,0,0,0,0,0,40014.78094,0.011215278,40014.78094,
BNPP-IPBFX-NMMF,128977,USD,,,,,,NMMF,,-2044351.984,PARIUK,JPY.C-JPAA,,NMCL,0,0,0,0,0,0,0,0,0,0,0,0,-2849.999099,0.148118129,-2849.999099,0,0,48687.18004,,FORWARD,12,,NMMF,,,,0.006266,,,,,,,0,,-326252000,0.002246768,48687.18004,7769841.001,48687.18004,7769841.001,0,0,0,0,0,0,0,0,0,0,0,0,-10198.85739,-0.029847146,-10198.85739,HAHY7,HAHY7,XX,,New PB,-1999999.994,HAHY7:XXNMMFNMCL0001,58886.03743,9361407.8,0,0,159.24108,BloombergBVAL,,2149429186,2088428191,158.445297,1461916275,,0,0,0,0,0,0,0,0,0,0,0,48687.18004,0.033205579,48687.18004,-1999999.994,,,,0,0,51537.17914,Hybrid,USDJPY091626-196366231,TD 07/24/2026 VD 09/16/2026 SELL USD VS .BUY JPY @ 163.12600051,0,1,Henry Chan,0,,,,0,0,0,0,0,0,0,0,0,0,0,0,48687.18004,0.013645964,48687.18004,
BNPP-IPBFX-NMMF,129010,USD,,,,,,NMMF,,-2043860.715,PARIUK,JPY.C-JPAA,,NMCL,0,0,0,0,0,0,0,0,0,0,0,0,-2849.35179,0.148084488,-2849.35179,0,0,48195.90525,,FORWARD,12,,NMMF,,,,0.006266,,,,,,,0,,-326173600,0.002224097,48195.90525,7691439.931,48195.90525,7691439.931,0,0,0,0,0,0,0,0,0,0,0,0,-10197.46163,-0.029843061,-10197.46163,HAHY7,HAHY7,XX,,New PB,-2000000,HAHY7:XXNMMFNMCL0001,58393.36688,9283085.5,0,0,159.24108,BloombergBVAL,,2149429186,2088428191,158.445257,1461916275,,0,0,0,0,0,0,0,0,0,0,0,48195.90525,0.03287052,48195.90525,-2000000,,,,0,0,51045.25704,Hybrid,USDJPY091626-196490358,TD 07/28/2026 VD 09/16/2026 SELL USD VS .BUY JPY @ 163.08679996,0,1,Henry Chan,0,,,,0,0,0,0,0,0,0,0,0,0,0,0,48195.90525,0.01350827,48195.90525,
BNPP-IPBFX-NMMF,129009,USD,,,,,,NMMF,,-1022071.973,PARIUK,JPY.C-JPAA,,NMCL,0,0,0,0,0,0,0,0,0,0,0,0,-1424.862492,0.074051942,-1424.862492,0,0,24239.5694,,FORWARD,12,,NMMF,,,,0.006266,,,,,,,0,,-163109400,0.001118584,24239.5694,3868320.162,24239.5694,3868320.162,0,0,0,0,0,0,0,0,0,0,0,0,-5099.133539,-0.014922709,-5099.133539,HAHY7,HAHY7,XX,,New PB,-999999.999,HAHY7:XXNMMFNMCL0001,29338.70294,4664120.3,0,0,159.24108,BloombergBVAL,,2149429186,2088428191,158.44528,1461916275,,0,0,0,0,0,0,0,0,0,0,0,24239.5694,0.016531845,24239.5694,-999999.999,,,,0,0,25664.43189,Hybrid,USDJPY091626-196490607,TD 07/28/2026 VD 09/16/2026 SELL USD VS .BUY JPY @ 163.10940017,0,1,Henry Chan,0,,,,0,0,0,0,0,0,0,0,0,0,0,0,24239.5694,0.006793827,24239.5694,
BNPP-IPBFX-NMMF,129048,USD,,,,,,NMMF,,-2043399.525,PARIUK,JPY.C-JPAA,,NMCL,0,0,0,0,0,0,0,0,0,0,0,0,-2848.744111,0.148052906,-2848.744111,0,0,47734.71843,,FORWARD,12,,NMMF,,,,0.006266,,,,,,,0,,-326100000,0.002202814,47734.71843,7617840.51,47734.71843,7617840.51,0,0,0,0,0,0,0,0,0,0,0,0,-10196.15121,-0.029839226,-10196.15121,HAHY7,HAHY7,XX,,New PB,-1999999.997,HAHY7:XXNMMFNMCL0001,57930.86963,9209560,0,0,159.24108,BloombergBVAL,,2149429186,2088428191,158.44522,1461916275,,0,0,0,0,0,0,0,0,0,0,0,47734.71843,0.032555982,47734.71843,-1999999.997,,,,0,0,50583.46254,Hybrid,USDJPY091626-196556579,TD 07/29/2026 VD 09/16/2026 SELL USD VS .BUY JPY @ 163.05000026,0,1,Henry Chan,0,,,,0,0,0,0,0,0,0,0,0,0,0,0,47734.71843,0.01337901,47734.71843,
BNPP-IPBFX-NMMF,129047,USD,,,,,,NMMF,,-2043519.836,PARIUK,JPY.C-JPAA,,NMCL,0,0,0,0,0,0,0,0,0,0,0,0,-2848.902635,0.148061145,-2848.902635,0,0,47855.03532,,FORWARD,12,,NMMF,,,,0.006266,,,,,,,0,,-326119200,0.002208367,47855.03532,7637041.521,47855.03532,7637041.521,0,0,0,0,0,0,0,0,0,0,0,0,-10196.49354,-0.029840228,-10196.49354,HAHY7,HAHY7,XX,,New PB,-1999999.99,HAHY7:XXNMMFNMCL0001,58051.52886,9228741.8,0,0,159.24108,BloombergBVAL,,2149429186,2088428191,158.44523,1461916275,,0,0,0,0,0,0,0,0,0,0,0,47855.03532,0.03263804,47855.03532,-1999999.99,,,,0,0,50703.93795,Hybrid,USDJPY091626-196556868,TD 07/29/2026 VD 09/16/2026 SELL USD VS .BUY JPY @ 163.05960078,0,1,Henry Chan,0,,,,0,0,0,0,0,0,0,0,0,0,0,0,47855.03532,0.013412732,47855.03532,
BNPP-IPBFX-NMMF,129032,USD,,,,,,NMMF,,-2043365.688,PARIUK,JPY.C-JPAA,,NMCL,0,0,0,0,0,0,0,0,0,0,0,0,-2848.699527,0.148050589,-2848.699527,0,0,47700.86858,,FORWARD,12,,NMMF,,,,0.006266,,,,,,,0,,-326094600,0.002201252,47700.86858,7612438.513,47700.86858,7612438.513,0,0,0,0,0,0,0,0,0,0,0,0,-10196.05547,-0.029838946,-10196.05547,HAHY7,HAHY7,XX,,New PB,-2000000.009,HAHY7:XXNMMFNMCL0001,57896.92405,9204163.5,0,0,159.24108,BloombergBVAL,,2149429186,2088428191,158.445218,1461916275,,0,0,0,0,0,0,0,0,0,0,0,47700.86858,0.032532896,47700.86858,-2000000.009,,,,0,0,50549.5681,Hybrid,USDJPY091626-196556869,TD 07/29/2026 VD 09/16/2026 SELL USD VS .BUY JPY @ 163.04729924,0,1,Henry Chan,0,,,,0,0,0,0,0,0,0,0,0,0,0,0,47700.86858,0.013369522,47700.86858,
BNPP-IPBFX-NMMF,129034,USD,,,,,,NMMF,,-2043492.264,PARIUK,JPY.C-JPAA,,NMCL,0,0,0,0,0,0,0,0,0,0,0,0,-2848.866308,0.148059257,-2848.866308,0,0,47827.44588,,FORWARD,12,,NMMF,,,,0.006266,,,,,,,0,,-326114800,0.002207094,47827.44588,7632638.606,47827.44588,7632638.606,0,0,0,0,0,0,0,0,0,0,0,0,-10196.4151,-0.029839998,-10196.4151,HAHY7,HAHY7,XX,,New PB,-2000000.009,HAHY7:XXNMMFNMCL0001,58023.86098,9224343.3,0,0,159.24108,BloombergBVAL,,2149429186,2088428191,158.445228,1461916275,,0,0,0,0,0,0,0,0,0,0,0,47827.44588,0.032619224,47827.44588,-2000000.009,,,,0,0,50676.31219,Hybrid,USDJPY091626-196556870,TD 07/29/2026 VD 09/16/2026 SELL USD VS .BUY JPY @ 163.05739929,0,1,Henry Chan,0,,,,0,0,0,0,0,0,0,0,0,0,0,0,47827.44588,0.013404999,47827.44588,
BNPP-IPBFX-NMMF,129050,USD,,,,,,NMMF,,-2043279.214,PARIUK,JPY.C-JPAA,,NMCL,0,0,0,0,0,0,0,0,0,0,0,0,-2848.585585,0.148044667,-2848.585585,0,0,47614.41537,,FORWARD,12,,NMMF,,,,0.006266,,,,,,,0,,-326080800,0.002197263,47614.41537,7598641.706,47614.41537,7598641.706,0,0,0,0,0,0,0,0,0,0,0,0,-10195.80951,-0.029838226,-10195.80951,HAHY7,HAHY7,XX,,New PB,-1999999.989,HAHY7:XXNMMFNMCL0001,57810.22488,9190380.5,0,0,159.24108,BloombergBVAL,,2149429186,2088428191,158.445211,1461916275,,0,0,0,0,0,0,0,0,0,0,0,47614.41537,0.032473933,47614.41537,-1999999.989,,,,0,0,50463.00096,Hybrid,USDJPY091626-196556879,TD 07/29/2026 VD 09/16/2026 SELL USD VS .BUY JPY @ 163.04040087,0,1,Henry Chan,0,,,,0,0,0,0,0,0,0,0,0,0,0,0,47614.41537,0.013345291,47614.41537,
BNPP-IPBFX-NMMF,,USD,,,,,,NMMF,,2958379.129,PARIUK,JPY.C-JPAA,,NMCL,0,0,0,0,0,0,0,0,0,0,0,0,4132.498428,-0.214771274,4132.498428,0,0,35118.08606,,FORWARD,12,,NMMF,,,,0.006266,,,,,,,0,,472118850,0.001620595,35118.08606,5604390,35118.08606,5604390,0,0,0,0,0,0,0,0,0,0,0,0,35118.08606,0.102773732,35118.08606,HAHY7,HAHY7,XX,,New PB,3000000,HAHY7:XXNMMFNMCL0001,0,0,0,0,159.24108,BloombergBVAL,,2149429186,2088428191,,1461916275,,0,0,0,0,0,0,0,0,0,0,0,35118.08606,0.0239512,35118.08606,3000000,,,,0,0,30985.58763,Hybrid,USDJPY091626-196850233,TD 08/04/2026 VD 09/16/2026 SELL JPY VS .BUY USD @ 157.37295000,0,1,Henry Chan,0,,,,0,0,0,0,0,0,0,0,0,0,0,0,35118.08606,0.00984284,35118.08606,
BNPP-IPBFX-NMMF,,USD,,,,,,NMMF,,2958381.948,PARIUK,JPY.C-JPAA,,NMCL,0,0,0,0,0,0,0,0,0,0,0,0,4132.502143,-0.214771467,4132.502143,0,0,35115.26628,,FORWARD,12,,NMMF,,,,0.006266,,,,,,,0,,472119300,0.001620465,35115.26628,5603940,35115.26628,5603940,0,0,0,0,0,0,0,0,0,0,0,0,35115.26628,0.10276548,35115.26628,HAHY7,HAHY7,XX,,New PB,3000000,HAHY7:XXNMMFNMCL0001,0,0,0,0,159.24108,BloombergBVAL,,2149429186,2088428191,,1461916275,,0,0,0,0,0,0,0,0,0,0,0,35115.26628,0.023949277,35115.26628,3000000,,,,0,0,30982.76414,Hybrid,USDJPY091626-196851486,TD 08/04/2026 VD 09/16/2026 SELL JPY VS .BUY USD @ 157.37310000,0,1,Henry Chan,0,,,,0,0,0,0,0,0,0,0,0,0,0,0,35115.26628,0.00984205,35115.26628,
BNPP-IPBFX-NMMF,420815799,USD,,,,,,NMMF,,2463983.908,PARIUK,JPY.C-JPAA,,NMCL,0,0,0,0,0,0,0,0,0,0,0,0,3441.993564,-0.178884845,3441.993564,0,0,30597.10173,,FORWARD,12,,NMMF,,,,0.006266,,,,,,,0,,393219800,0.001411965,30597.10173,4882899.673,30597.10173,4882899.673,0,0,0,0,0,0,0,0,0,0,0,0,30597.10173,0.089542987,30597.10173,HAHY7,HAHY7,XX,,New PB,2499999.998,HAHY7:XXNMMFNMCL0001,0,0,0,0,159.24108,BloombergBVAL,,2149429186,2088428191,,1461916275,,0,0,0,0,0,0,0,0,0,0,0,30597.10173,0.020867803,30597.10173,2499999.998,,,,0,0,27155.10817,Hybrid,USDJPY091626-196922064,TD 08/05/2026 VD 09/16/2026 SELL JPY VS .BUY USD @ 157.28792013,0,1,Henry Chan,0,,,,0,0,0,0,0,0,0,0,0,0,0,0,30597.10173,0.008575706,30597.10173,
BNPP-IPBFX-NMMF,420815855,USD,,,,,,NMMF,,985693.0702,PARIUK,JPY.C-JPAA,,NMCL,0,0,0,0,0,0,0,0,0,0,0,0,1376.928539,-0.071560752,1376.928539,0,0,12139.33466,,FORWARD,12,,NMMF,,,,0.006266,,,,,,,0,,157303800,0.000560194,12139.33466,1937280,12139.33466,1937280,0,0,0,0,0,0,0,0,0,0,0,0,12139.33466,0.035525989,12139.33466,HAHY7,HAHY7,XX,,New PB,1000000,HAHY7:XXNMMFNMCL0001,0,0,0,0,159.24108,BloombergBVAL,,2149429186,2088428191,,1461916275,,0,0,0,0,0,0,0,0,0,0,0,12139.33466,0.008279256,12139.33466,1000000,,,,0,0,10762.40612,Hybrid,USDJPY091626-196926608,TD 08/06/2026 VD 09/16/2026 SELL JPY VS .BUY USD @ 157.30380000,0,1,Henry Chan,0,,,,0,0,0,0,0,0,0,0,0,0,0,0,12139.33466,0.003402393,12139.33466,
BNPP-IPBFX-NMMF,420815877,USD,,,,,,NMMF,,492944.1308,PARIUK,JPY.C-JPAA,,NMCL,0,0,0,0,0,0,0,0,0,0,0,0,688.592864,-0.035787059,688.592864,0,0,5972.07166,,FORWARD,12,,NMMF,,,,0.006266,,,,,,,0,,78667475,0.000275593,5972.07166,953065,5972.07166,953065,0,0,0,0,0,0,0,0,0,0,0,0,5972.07166,0.017477379,5972.07166,HAHY7,HAHY7,XX,,New PB,500000,HAHY7:XXNMMFNMCL0001,0,0,0,0,159.24108,BloombergBVAL,,2149429186,2088428191,,1461916275,,0,0,0,0,0,0,0,0,0,0,0,5972.07166,0.004073066,5972.07166,500000,,,,0,0,5283.478796,Hybrid,USDJPY091626-196928224,TD 08/06/2026 VD 09/16/2026 SELL JPY VS .BUY USD @ 157.33495000,0,1,Henry Chan,0,,,,0,0,0,0,0,0,0,0,0,0,0,0,5972.07166,0.001673843,5972.07166,
BNPP-IPBFX-NMMF,420815885,USD,,,,,,NMMF,,985863.5102,PARIUK,JPY.C-JPAA,,NMCL,0,0,0,0,0,0,0,0,0,0,0,0,1377.153116,-0.071572424,1377.153116,0,0,11968.89471,,FORWARD,12,,NMMF,,,,0.006266,,,,,,,0,,157331000,0.000552329,11968.89471,1910080,11968.89471,1910080,0,0,0,0,0,0,0,0,0,0,0,0,11968.89471,0.035027193,11968.89471,HAHY7,HAHY7,XX,,New PB,1000000,HAHY7:XXNMMFNMCL0001,0,0,0,0,159.24108,BloombergBVAL,,2149429186,2088428191,,1461916275,,0,0,0,0,0,0,0,0,0,0,0,11968.89471,0.008163013,11968.89471,1000000,,,,0,0,10591.74159,Hybrid,USDJPY091626-196928376,TD 08/06/2026 VD 09/16/2026 SELL JPY VS .BUY USD @ 157.33100000,0,1,Henry Chan,0,,,,0,0,0,0,0,0,0,0,0,0,0,0,11968.89471,0.003354622,11968.89471,
BNPP-IPBFX-NMMF,420816081,USD,,,,,,NMMF,,-1977805.21,PARIUK,JPY.C-JPAA,,NMCL,0,0,0,0,0,0,0,0,0,0,0,0,-2762.315039,0.143561076,-2762.315039,0,0,-17859.60009,,FORWARD,12,,NMMF,,,,0.006266,,,,,,,0,,-315632000,-0.000824167,-17859.60009,-2850160,-17859.60009,-2850160,0,0,0,0,0,0,0,0,0,0,0,0,-17859.60009,-0.052266452,-17859.60009,HAHY7,HAHY7,XX,,New PB,-2000000,HAHY7:XXNMMFNMCL0001,0,0,0,0,159.24108,BloombergBVAL,,2149429186,2088428191,,1461916275,,0,0,0,0,0,0,0,0,0,0,0,-17859.60009,-0.012180585,-17859.60009,-2000000,,,,0,0,-15097.28505,Hybrid,USDJPY091626-196998304,TD 08/07/2026 VD 09/16/2026 SELL USD VS .BUY JPY @ 157.81600000,0,1,Henry Chan,0,,,,0,0,0,0,0,0,0,0,0,0,0,0,-17859.60009,-0.00500566,-17859.60009,
BNPP-IPBFX-NMMF,420816093,USD,,,,,,NMMF,,1979963.656,PARIUK,JPY.C-JPAA,,NMCL,0,0,0,0,0,0,0,0,0,0,0,0,2765.159074,-0.143708884,2765.159074,0,0,15701.1536,,FORWARD,12,,NMMF,,,,0.006266,,,,,,,0,,315976460,0.000724561,15701.1536,2505700,15701.1536,2505700,0,0,0,0,0,0,0,0,0,0,0,0,15701.1536,0.045949718,15701.1536,HAHY7,HAHY7,XX,,New PB,2000000,HAHY7:XXNMMFNMCL0001,0,0,0,0,159.24108,BloombergBVAL,,2149429186,2088428191,,1461916275,,0,0,0,0,0,0,0,0,0,0,0,15701.1536,0.010708484,15701.1536,2000000,,,,0,0,12935.99453,Hybrid,USDJPY091626-196998745,TD 08/07/2026 VD 09/16/2026 SELL JPY VS .BUY USD @ 157.98823000,0,1,Henry Chan,0,,,,0,0,0,0,0,0,0,0,0,0,0,0,15701.1536,0.004400694,15701.1536,
BNPP-IPBFX-NMMF,420816109,USD,,,,,,NMMF,,989561.5558,PARIUK,JPY.C-JPAA,,NMCL,0,0,0,0,0,0,0,0,0,0,0,0,1382.025773,-0.071825662,1382.025773,0,0,8270.849129,,FORWARD,12,,NMMF,,,,0.006266,,,,,,,0,,157921160,0.000381675,8270.849129,1319920,8270.849129,1319920,0,0,0,0,0,0,0,0,0,0,0,0,8270.849129,0.024204794,8270.849129,HAHY7,HAHY7,XX,,New PB,1000000,HAHY7:XXNMMFNMCL0001,0,0,0,0,159.24108,BloombergBVAL,,2149429186,2088428191,,1461916275,,0,0,0,0,0,0,0,0,0,0,0,8270.849129,0.005640876,8270.849129,1000000,,,,0,0,6888.823356,Hybrid,USDJPY091626-197000726,TD 08/07/2026 VD 09/16/2026 SELL JPY VS .BUY USD @ 157.92116000,0,1,Henry Chan,0,,,,0,0,0,0,0,0,0,0,0,0,0,0,8270.849129,0.00231814,8270.849129,
BNPP-IPBFX-NMMF,420816257,USD,,,,,,NMMF,,-990353.2243,PARIUK,JPY.C-JPAA,,NMCL,0,0,0,0,0,0,0,0,0,0,0,0,-1383.0689,0.071879875,-1383.0689,0,0,-7479.180635,,FORWARD,12,,NMMF,,,,0.006266,,,,,,,0,,-158047500,-0.000345142,-7479.180635,-1193580,-7479.180635,-1193580,0,0,0,0,0,0,0,0,0,0,0,0,-7479.180635,-0.021887961,-7479.180635,HAHY7,HAHY7,XX,,New PB,-1000000,HAHY7:XXNMMFNMCL0001,0,0,0,0,159.24108,BloombergBVAL,,2149429186,2088428191,,1461916275,,0,0,0,0,0,0,0,0,0,0,0,-7479.180635,-0.005100943,-7479.180635,-1000000,,,,0,0,-6096.111735,Hybrid,USDJPY091626-197072781,TD 08/10/2026 VD 09/16/2026 SELL USD VS .BUY JPY @ 158.04750000,0,1,Henry Chan,0,,,,0,0,0,0,0,0,0,0,0,0,0,0,-7479.180635,-0.002096253,-7479.180635,
BNPP-IPBFX-NMMF,420816253,USD,,,,,,NMMF,,-990324.3999,PARIUK,JPY.C-JPAA,,NMCL,0,0,0,0,0,0,0,0,0,0,0,0,-1383.03092,0.071877901,-1383.03092,0,0,-7508.005038,,FORWARD,12,,NMMF,,,,0.006266,,,,,,,0,,-158042900,-0.000346472,-7508.005038,-1198180,-7508.005038,-1198180,0,0,0,0,0,0,0,0,0,0,0,0,-7508.005038,-0.021972316,-7508.005038,HAHY7,HAHY7,XX,,New PB,-1000000,HAHY7:XXNMMFNMCL0001,0,0,0,0,159.24108,BloombergBVAL,,2149429186,2088428191,,1461916275,,0,0,0,0,0,0,0,0,0,0,0,-7508.005038,-0.005120602,-7508.005038,-1000000,,,,0,0,-6124.974118,Hybrid,USDJPY091626-197073021,TD 08/10/2026 VD 09/16/2026 SELL USD VS .BUY JPY @ 158.04290000,0,1,Henry Chan,0,,,,0,0,0,0,0,0,0,0,0,0,0,0,-7508.005038,-0.002104332,-7508.005038,
BNPP-IPBFX-NMMF,420816629,USD,,,,,,NMMF,,994854.2174,PARIUK,JPY.C-JPAA,,NMCL,0,0,0,0,0,0,0,0,0,0,0,0,1388.999546,-0.072188098,1388.999546,0,0,2978.187446,,FORWARD,12,,NMMF,,,,0.006266,,,,,,,0,,158765800,0.000137434,2978.187446,475280,2978.187446,475280,0,0,0,0,0,0,0,0,0,0,0,0,2978.187446,0.008715721,2978.187446,HAHY7,HAHY7,XX,,New PB,1000000,HAHY7:XXNMMFNMCL0001,0,0,0,0,159.24108,BloombergBVAL,,2149429186,2088428191,,1461916275,,0,0,0,0,0,0,0,0,0,0,0,2978.187446,0.00203118,2978.187446,1000000,,,,0,0,1589.1879,Hybrid,USDJPY091626-197300825,TD 08/14/2026 VD 09/16/2026 SELL JPY VS .BUY USD @ 158.76580000,0,1,Henry Chan,0,,,,0,0,0,0,0,0,0,0,0,0,0,0,2978.187446,0.000834722,2978.187446,
BNPP-IPBFX-NMMF,420816627,USD,,,,,,NMMF,,994846.5727,PARIUK,JPY.C-JPAA,,NMCL,0,0,0,0,0,0,0,0,0,0,0,0,1388.989473,-0.072187575,1388.989473,0,0,2985.832179,,FORWARD,12,,NMMF,,,,0.006266,,,,,,,0,,158764580,0.000137787,2985.832179,476500,2985.832179,476500,0,0,0,0,0,0,0,0,0,0,0,0,2985.832179,0.008738093,2985.832179,HAHY7,HAHY7,XX,,New PB,1000000,HAHY7:XXNMMFNMCL0001,0,0,0,0,159.24108,BloombergBVAL,,2149429186,2088428191,,1461916275,,0,0,0,0,0,0,0,0,0,0,0,2985.832179,0.002036394,2985.832179,1000000,,,,0,0,1596.842706,Hybrid,USDJPY091626-197300962,TD 08/14/2026 VD 09/16/2026 SELL JPY VS .BUY USD @ 158.76458000,0,1,Henry Chan,0,,,,0,0,0,0,0,0,0,0,0,0,0,0,2985.832179,0.000836864,2985.832179,
BNPP-IPBFX-NMMF,420816631,USD,,,,,,NMMF,,994859.4184,PARIUK,JPY.C-JPAA,,NMCL,0,0,0,0,0,0,0,0,0,0,0,0,1389.006399,-0.072188454,1389.006399,0,0,2972.986521,,FORWARD,12,,NMMF,,,,0.006266,,,,,,,0,,158766630,0.000137194,2972.986521,474450,2972.986521,474450,0,0,0,0,0,0,0,0,0,0,0,0,2972.986521,0.0087005,2972.986521,HAHY7,HAHY7,XX,,New PB,1000000,HAHY7:XXNMMFNMCL0001,0,0,0,0,159.24108,BloombergBVAL,,2149429186,2088428191,,1461916275,,0,0,0,0,0,0,0,0,0,0,0,2972.986521,0.002027633,2972.986521,1000000,,,,0,0,1583.980123,Hybrid,USDJPY091626-197301015,TD 08/14/2026 VD 09/16/2026 SELL JPY VS .BUY USD @ 158.76663000,0,1,Henry Chan,0,,,,0,0,0,0,0,0,0,0,0,0,0,0,2972.986521,0.000833264,2972.986521,
BNPP-IPBFX-NMMF,129053,USD,,,,,,NMMF,,2049647.464,PARIUK,KRW.C-KSAA,,NMCL,0,0,0,0,0,0,0,0,0,0,0,0,41.034186,-0.0021326,41.034186,0,0,-50284.474,,FORWARD,12,,NMMF,,,,0.000706,,,,,,,0,,2902350000,-0.002320478,-50284.474,-71204022.01,-50284.474,-71204022.01,0,0,0,0,0,0,0,0,0,0,0,0,-38515.86804,-0.112717404,-38515.86804,HAHY7,HAHY7,XX,,New PB,2000000.097,HAHY7:XXNMMFNMCL0001,-11768.60596,-16983746,0,0,1415.57292,BloombergBVAL,,2149429186,2088428191,1442.683057,1461916275,,0,0,0,0,0,0,0,0,0,0,0,-50284.474,-0.034294963,-50284.474,2000000.097,,,,0,0,-50325.50819,Hybrid,USDKRW091626-196556698,TD 07/29/2026 VD 09/16/2026 SELL KRW VS .BUY USD @ 1451.17492927,0,1,Henry Chan,0,,,,0,0,0,0,0,0,0,0,0,0,0,0,-50284.474,-0.014093651,-50284.474,
BNPP-IPBFX-NMMF,129077,USD,,,,,,NMMF,,2049473.738,PARIUK,KRW.C-KSAA,,NMCL,0,0,0,0,0,0,0,0,0,0,0,0,41.024617,-0.002132102,41.024617,0,0,-50110.78306,,FORWARD,12,,NMMF,,,,0.000706,,,,,,,0,,2902104000,-0.002312463,-50110.78306,-70958071.47,-50110.78306,-70958071.47,0,0,0,0,0,0,0,0,0,0,0,0,-38511.91808,-0.112705844,-38511.91808,HAHY7,HAHY7,XX,,New PB,2000000.063,HAHY7:XXNMMFNMCL0001,-11598.86498,-16738786,0,0,1415.57292,BloombergBVAL,,2149429186,2088428191,1442.682562,1461916275,,0,0,0,0,0,0,0,0,0,0,0,-50110.78306,-0.034176503,-50110.78306,2000000.063,,,,0,0,-50151.80768,Hybrid,USDKRW091626-196556867,TD 07/29/2026 VD 09/16/2026 SELL KRW VS .BUY USD @ 1451.05195463,0,1,Henry Chan,0,,,,0,0,0,0,0,0,0,0,0,0,0,0,-50110.78306,-0.014044969,-50110.78306,
BNPP-IPBFX-NMMF,129052,USD,,,,,,NMMF,,2049349.446,PARIUK,KRW.C-KSAA,,NMCL,0,0,0,0,0,0,0,0,0,0,0,0,41.01777,-0.002131746,41.01777,0,0,-49986.48211,,FORWARD,12,,NMMF,,,,0.000706,,,,,,,0,,2901928000,-0.002306727,-49986.48211,-70782058.34,-49986.48211,-70782058.34,0,0,0,0,0,0,0,0,0,0,0,0,-38509.09183,-0.112697573,-38509.09183,HAHY7,HAHY7,XX,,New PB,2000000.072,HAHY7:XXNMMFNMCL0001,-11477.39027,-16563481,0,0,1415.57292,BloombergBVAL,,2149429186,2088428191,1442.682208,1461916275,,0,0,0,0,0,0,0,0,0,0,0,-49986.48211,-0.034091727,-49986.48211,2000000.072,,,,0,0,-50027.49988,Hybrid,USDKRW091626-196557015,TD 07/29/2026 VD 09/16/2026 SELL KRW VS .BUY USD @ 1450.96394790,0,1,Henry Chan,0,,,,0,0,0,0,0,0,0,0,0,0,0,0,-49986.48211,-0.01401013,-49986.48211,
BNPP-IPBFX-NMMF,420815355,USD,,,,,,NMMF,,2037959.809,PARIUK,KRW.C-KSAA,,NMCL,0,0,0,0,0,0,0,0,0,0,0,0,40.390354,-0.002099139,40.390354,0,0,-38596.91644,,FORWARD,12,,NMMF,,,,0.000706,,,,,,,0,,2885800000,-0.001781132,-38596.91644,-54654160,-38596.91644,-54654160,0,0,0,0,0,0,0,0,0,0,0,0,-38250.11848,-0.111939683,-38250.11848,HAHY7,HAHY7,XX,,New PB,2000000,HAHY7:XXNMMFNMCL0001,-346.797954,-500478,0,0,1415.57292,BloombergBVAL,,2149429186,2088428191,1442.649761,1461916275,,0,0,0,0,0,0,0,0,0,0,0,-38596.91644,-0.026323828,-38596.91644,2000000,,,,0,0,-38637.30679,Hybrid,USDKRW091626-196596299,TD 07/30/2026 VD 09/16/2026 SELL KRW VS .BUY USD @ 1442.90000000,0,1,Henry Chan,0,,,,0,0,0,0,0,0,0,0,0,0,0,0,-38596.91644,-0.010817881,-38596.91644,
BNPP-IPBFX-NMMF,420815367,USD,,,,,,NMMF,,2037885.092,PARIUK,KRW.C-KSAA,,NMCL,0,0,0,0,0,0,0,0,0,0,0,0,40.386238,-0.002098925,40.386238,0,0,-38522.20019,,FORWARD,12,,NMMF,,,,0.000706,,,,,,,0,,2885694200,-0.001777684,-38522.20019,-54548360,-38522.20019,-54548360,0,0,0,0,0,0,0,0,0,0,0,0,-38248.41941,-0.111934711,-38248.41941,HAHY7,HAHY7,XX,,New PB,2000000,HAHY7:XXNMMFNMCL0001,-273.780784,-395104,0,0,1415.57292,BloombergBVAL,,2149429186,2088428191,1442.649548,1461916275,,0,0,0,0,0,0,0,0,0,0,0,-38522.20019,-0.02627287,-38522.20019,2000000,,,,0,0,-38562.58643,Hybrid,USDKRW091626-196596413,TD 07/30/2026 VD 09/16/2026 SELL KRW VS .BUY USD @ 1442.84710000,0,1,Henry Chan,0,,,,0,0,0,0,0,0,0,0,0,0,0,0,-38522.20019,-0.01079694,-38522.20019,
BNPP-IPBFX-NMMF,,USD,,,,,,NMMF,,-4048575.448,PARIUK,KRW.C-KSAA,,NMCL,0,0,0,0,0,0,0,0,0,0,0,0,-79.274403,0.004119993,-79.274403,0,0,49849.66357,,FORWARD,12,,NMMF,,,,0.000706,,,,,,,0,,-5732880000,0.002300413,49849.66357,70588320,49849.66357,70588320,0,0,0,0,0,0,0,0,0,0,0,0,49849.66357,0.145885967,49849.66357,HAHY7,HAHY7,XX,,New PB,-4000000,HAHY7:XXNMMFNMCL0001,0,0,0,0,1415.57292,BloombergBVAL,,2149429186,2088428191,,1461916275,,0,0,0,0,0,0,0,0,0,0,0,49849.66357,0.033998414,49849.66357,-4000000,,,,0,0,49928.93797,Hybrid,USDKRW091626-196873720,TD 08/04/2026 VD 09/16/2026 SELL USD VS .BUY KRW @ 1433.22000000,0,1,Henry Chan,0,,,,0,0,0,0,0,0,0,0,0,0,0,0,49849.66357,0.013971783,49849.66357,
BNPP-IPBFX-NMMF,420815917,USD,,,,,,NMMF,,-2999662.294,PARIUK,KRW.C-KSAA,,NMCL,0,0,0,0,0,0,0,0,0,0,0,0,-57.430298,0.002984727,-57.430298,0,0,617.955628,,FORWARD,12,,NMMF,,,,0.000706,,,,,,,0,,-4247593800,2.85E-05,617.955628,875040,617.955628,875040,0,0,0,0,0,0,0,0,0,0,0,0,617.955628,0.001808459,617.955628,HAHY7,HAHY7,XX,,New PB,-3000000,HAHY7:XXNMMFNMCL0001,0,0,0,0,1415.57292,BloombergBVAL,,2149429186,2088428191,,1461916275,,0,0,0,0,0,0,0,0,0,0,0,617.955628,0.000421457,617.955628,-3000000,,,,0,0,675.385926,Hybrid,USDKRW091626-196933087,TD 08/06/2026 VD 09/16/2026 SELL USD VS .BUY KRW @ 1415.86460000,0,1,Henry Chan,0,,,,0,0,0,0,0,0,0,0,0,0,0,0,617.955628,0.0001732,617.955628,
BNPP-IPBFX-NMMF,420815925,USD,,,,,,NMMF,,2997994.949,PARIUK,KRW.C-KSAA,,NMCL,0,0,0,0,0,0,0,0,0,0,0,0,57.338449,-0.002979953,57.338449,0,0,1049.388993,,FORWARD,12,,NMMF,,,,0.000706,,,,,,,0,,4245232800,4.84E-05,1049.388993,1485960,1049.388993,1485960,0,0,0,0,0,0,0,0,0,0,0,0,1049.388993,0.003071056,1049.388993,HAHY7,HAHY7,XX,,New PB,3000000,HAHY7:XXNMMFNMCL0001,0,0,0,0,1415.57292,BloombergBVAL,,2149429186,2088428191,,1461916275,,0,0,0,0,0,0,0,0,0,0,0,1049.388993,0.000715703,1049.388993,3000000,,,,0,0,992.050544,Hybrid,USDKRW091626-196933175,TD 08/06/2026 VD 09/16/2026 SELL KRW VS .BUY USD @ 1415.07760000,0,1,Henry Chan,0,,,,0,0,0,0,0,0,0,0,0,0,0,0,1049.388993,0.000294121,1049.388993,
BNPP-IPBFX-NMMF,420815921,USD,,,,,,NMMF,,-2999639.413,PARIUK,KRW.C-KSAA,,NMCL,0,0,0,0,0,0,0,0,0,0,0,0,-57.429037,0.002984661,-57.429037,0,0,595.07466,,FORWARD,12,,NMMF,,,,0.000706,,,,,,,0,,-4247561400,2.75E-05,595.07466,842640,595.07466,842640,0,0,0,0,0,0,0,0,0,0,0,0,595.07466,0.001741497,595.07466,HAHY7,HAHY7,XX,,New PB,-3000000,HAHY7:XXNMMFNMCL0001,0,0,0,0,1415.57292,BloombergBVAL,,2149429186,2088428191,,1461916275,,0,0,0,0,0,0,0,0,0,0,0,595.07466,0.000405852,595.07466,-3000000,,,,0,0,652.503697,Hybrid,USDKRW091626-196933236,TD 08/06/2026 VD 09/16/2026 SELL USD VS .BUY KRW @ 1415.85380000,0,1,Henry Chan,0,,,,0,0,0,0,0,0,0,0,0,0,0,0,595.07466,0.000166787,595.07466,
BNPP-IPBFX-NMMF,420816663,USD,,,,,,NMMF,,-997961.899,PARIUK,KRW.C-KSAA,,NMCL,0,0,0,0,0,0,0,0,0,0,0,0,-1668.050824,0.086690753,-1668.050824,0,0,-1668.050824,,FORWARD,12,,NMMF,,,,0.000706,,,,,,,0,,-1413138000,-7.70E-05,-1668.050824,-2362000,-1668.050824,-2362000,0,0,0,0,0,0,0,0,0,0,0,0,-1668.050824,-0.004881582,-1668.050824,HAHY7,HAHY7,XX,,New PB,-1000000,HAHY7:XXNMMFNMCL0001,0,0,0,0,1415.5,BloombergBVAL,,2149429186,2088428191,,1461916275,,0,0,0,0,0,0,0,0,0,0,0,-1668.050824,-0.001137642,-1668.050824,-1000000,,,,0,0,0,Hybrid,USDKRW092126-197396442,TD 08/17/2026 VD 09/21/2026 SELL USD VS .BUY KRW @ 1413.13800000,0,1,Henry Chan,0,,,,0,0,0,0,0,0,0,0,0,0,0,0,-1668.050824,-0.000467519,-1668.050824,
BNPP-IPBFX-NMMF,420816687,USD,,,,,,NMMF,,-997938.5943,PARIUK,KRW.C-KSAA,,NMCL,0,0,0,0,0,0,0,0,0,0,0,0,-1691.355514,0.087901928,-1691.355514,0,0,-1691.355514,,FORWARD,12,,NMMF,,,,0.000706,,,,,,,0,,-1413105000,-7.81E-05,-1691.355514,-2395000,-1691.355514,-2395000,0,0,0,0,0,0,0,0,0,0,0,0,-1691.355514,-0.004949783,-1691.355514,HAHY7,HAHY7,XX,,New PB,-1000000,HAHY7:XXNMMFNMCL0001,0,0,0,0,1415.5,BloombergBVAL,,2149429186,2088428191,,1461916275,,0,0,0,0,0,0,0,0,0,0,0,-1691.355514,-0.001153536,-1691.355514,-1000000,,,,0,0,0,Hybrid,USDKRW092126-197397205,TD 08/17/2026 VD 09/21/2026 SELL USD VS .BUY KRW @ 1413.10500000,0,1,Henry Chan,0,,,,0,0,0,0,0,0,0,0,0,0,0,0,-1691.355514,-0.00047405,-1691.355514,
BNPP-IPBFX-NMMF,420816679,USD,,,,,,NMMF,,-997769.1762,PARIUK,KRW.C-KSAA,,NMCL,0,0,0,0,0,0,0,0,0,0,0,0,-1860.773546,0.096706801,-1860.773546,0,0,-1860.773546,,FORWARD,12,,NMMF,,,,0.000706,,,,,,,0,,-1412865100,-8.59E-05,-1860.773546,-2634900,-1860.773546,-2634900,0,0,0,0,0,0,0,0,0,0,0,0,-1860.773546,-0.005445588,-1860.773546,HAHY7,HAHY7,XX,,New PB,-1000000,HAHY7:XXNMMFNMCL0001,0,0,0,0,1415.5,BloombergBVAL,,2149429186,2088428191,,1461916275,,0,0,0,0,0,0,0,0,0,0,0,-1860.773546,-0.001269083,-1860.773546,-1000000,,,,0,0,0,Hybrid,USDKRW092126-197397656,TD 08/17/2026 VD 09/21/2026 SELL USD VS .BUY KRW @ 1412.86510000,0,1,Henry Chan,0,,,,0,0,0,0,0,0,0,0,0,0,0,0,-1860.773546,-0.000521535,-1860.773546,
BNPP-IPBFX-NMMF,420815425,USD,,,,,,NMMF,,-3071387.884,PARIUK,MXN.C-MMAA,,NMCL,0,0,0,0,0,0,0,0,0,0,0,0,-1933.648849,0.100494225,-1933.648849,0,0,64071.87069,,FORWARD,12,,NMMF,,,,0.058664,,,,,,,0,,-52355400,0.002956725,64071.87069,1092180,64071.87069,1092180,0,0,0,0,0,0,0,0,0,0,0,0,52589.27452,0.15390349,52589.27452,HAHY7,HAHY7,XX,,New PB,-3000000,HAHY7:XXNMMFNMCL0001,11482.59617,198888.9,0,0,17.08774,BloombergBVAL,,2149429186,2088428191,17.385504,1461916275,,0,0,0,0,0,0,0,0,0,0,0,64071.87069,0.043698229,64071.87069,-3000000,,,,0,0,66005.51954,Hybrid,USDMXN091726-196608799,TD 07/30/2026 VD 09/17/2026 SELL USD VS .BUY MXN @ 17.45180000,0,1,Henry Chan,0,,,,0,0,0,0,0,0,0,0,0,0,0,0,64071.87069,0.01795796,64071.87069,
BNPP-IPBFX-NMMF,420815837,USD,,,,,,NMMF,,-1015256.272,PARIUK,MXN.C-MMAA,,NMCL,0,0,0,0,0,0,0,0,0,0,0,0,-638.463457,0.033181769,-638.463457,0,0,12817.60067,,FORWARD,12,,NMMF,,,,0.058664,,,,,,,0,,-17306231,0.000591494,12817.60067,218491,12817.60067,218491,0,0,0,0,0,0,0,0,0,0,0,0,12817.60067,0.037510947,12817.60067,HAHY7,HAHY7,XX,,New PB,-1000000,HAHY7:XXNMMFNMCL0001,0,0,0,0,17.08774,BloombergBVAL,,2149429186,2088428191,,1461916275,,0,0,0,0,0,0,0,0,0,0,0,12817.60067,0.008741846,12817.60067,-1000000,,,,0,0,13456.06413,Hybrid,USDMXN091726-196926190,TD 08/06/2026 VD 09/17/2026 SELL USD VS .BUY MXN @ 17.30623100,0,1,Henry Chan,0,,,,0,0,0,0,0,0,0,0,0,0,0,0,12817.60067,0.003592496,12817.60067,
BNPP-IPBFX-NMMF,420815867,USD,,,,,,NMMF,,-1015196.493,PARIUK,MXN.C-MMAA,,NMCL,0,0,0,0,0,0,0,0,0,0,0,0,-638.420853,0.033179555,-638.420853,0,0,12757.82185,,FORWARD,12,,NMMF,,,,0.058664,,,,,,,0,,-17305212,0.000588735,12757.82185,217472,12757.82185,217472,0,0,0,0,0,0,0,0,0,0,0,0,12757.82185,0.037336003,12757.82185,HAHY7,HAHY7,XX,,New PB,-1000000,HAHY7:XXNMMFNMCL0001,0,0,0,0,17.08774,BloombergBVAL,,2149429186,2088428191,,1461916275,,0,0,0,0,0,0,0,0,0,0,0,12757.82185,0.008701076,12757.82185,-1000000,,,,0,0,13396.2427,Hybrid,USDMXN091726-196928227,TD 08/06/2026 VD 09/17/2026 SELL USD VS .BUY MXN @ 17.30521200,0,1,Henry Chan,0,,,,0,0,0,0,0,0,0,0,0,0,0,0,12757.82185,0.003575742,12757.82185,
BNPP-IPBFX-NMMF,420815883,USD,,,,,,NMMF,,-1015336.583,PARIUK,MXN.C-MMAA,,NMCL,0,0,0,0,0,0,0,0,0,0,0,0,-638.520694,0.033184744,-638.520694,0,0,12897.91197,,FORWARD,12,,NMMF,,,,0.058664,,,,,,,0,,-17307600,0.0005952,12897.91197,219860,12897.91197,219860,0,0,0,0,0,0,0,0,0,0,0,0,12897.91197,0.037745979,12897.91197,HAHY7,HAHY7,XX,,New PB,-1000000,HAHY7:XXNMMFNMCL0001,0,0,0,0,17.08774,BloombergBVAL,,2149429186,2088428191,,1461916275,,0,0,0,0,0,0,0,0,0,0,0,12897.91197,0.00879662,12897.91197,-1000000,,,,0,0,13536.43266,Hybrid,USDMXN091726-196928375,TD 08/06/2026 VD 09/17/2026 SELL USD VS .BUY MXN @ 17.30760000,0,1,Henry Chan,0,,,,0,0,0,0,0,0,0,0,0,0,0,0,12897.91197,0.003615006,12897.91197,
BNPP-IPBFX-NMMF,420815879,USD,,,,,,NMMF,,-1015253.514,PARIUK,MXN.C-MMAA,,NMCL,0,0,0,0,0,0,0,0,0,0,0,0,-638.461491,0.033181667,-638.461491,0,0,12814.84345,,FORWARD,12,,NMMF,,,,0.058664,,,,,,,0,,-17306184,0.000591367,12814.84345,218444,12814.84345,218444,0,0,0,0,0,0,0,0,0,0,0,0,12814.84345,0.037502878,12814.84345,HAHY7,HAHY7,XX,,New PB,-1000000,HAHY7:XXNMMFNMCL0001,0,0,0,0,17.08774,BloombergBVAL,,2149429186,2088428191,,1461916275,,0,0,0,0,0,0,0,0,0,0,0,12814.84345,0.008739966,12814.84345,-1000000,,,,0,0,13453.30494,Hybrid,USDMXN091726-196928506,TD 08/06/2026 VD 09/17/2026 SELL USD VS .BUY MXN @ 17.30618400,0,1,Henry Chan,0,,,,0,0,0,0,0,0,0,0,0,0,0,0,12814.84345,0.003591724,12814.84345,
BNPP-IPBFX-NMMF,420816491,USD,,,,,,NMMF,,-2006996.293,PARIUK,MXN.C-MMAA,,NMCL,0,0,0,0,0,0,0,0,0,0,0,0,-1260.167093,0.065492509,-1260.167093,0,0,2118.951061,,FORWARD,12,,NMMF,,,,0.058664,,,,,,,0,,-34211600,9.78E-05,2118.951061,36120,2118.951061,36120,0,0,0,0,0,0,0,0,0,0,0,0,2118.951061,0.00620115,2118.951061,HAHY7,HAHY7,XX,,New PB,-2000000,HAHY7:XXNMMFNMCL0001,0,0,0,0,17.08774,BloombergBVAL,,2149429186,2088428191,,1461916275,,0,0,0,0,0,0,0,0,0,0,0,2118.951061,0.001445165,2118.951061,-2000000,,,,0,0,3379.118153,Hybrid,USDMXN091726-197177157,TD 08/12/2026 VD 09/17/2026 SELL USD VS .BUY MXN @ 17.10580000,0,1,Henry Chan,0,,,,0,0,0,0,0,0,0,0,0,0,0,0,2118.951061,0.000593896,2118.951061,
BNPP-IPBFX-NMMF,420816487,USD,,,,,,NMMF,,-2007008.026,PARIUK,MXN.C-MMAA,,NMCL,0,0,0,0,0,0,0,0,0,0,0,0,-1260.175455,0.065492944,-1260.175455,0,0,2130.683901,,FORWARD,12,,NMMF,,,,0.058664,,,,,,,0,,-34211800,9.83E-05,2130.683901,36320,2130.683901,36320,0,0,0,0,0,0,0,0,0,0,0,0,2130.683901,0.006235486,2130.683901,HAHY7,HAHY7,XX,,New PB,-2000000,HAHY7:XXNMMFNMCL0001,0,0,0,0,17.08774,BloombergBVAL,,2149429186,2088428191,,1461916275,,0,0,0,0,0,0,0,0,0,0,0,2130.683901,0.001453167,2130.683901,-2000000,,,,0,0,3390.859356,Hybrid,USDMXN091726-197177169,TD 08/12/2026 VD 09/17/2026 SELL USD VS .BUY MXN @ 17.10590000,0,1,Henry Chan,0,,,,0,0,0,0,0,0,0,0,0,0,0,0,2130.683901,0.000597185,2130.683901,
BNPP-IPBFX-NMMF,420816489,USD,,,,,,NMMF,,-2007406.942,PARIUK,MXN.C-MMAA,,NMCL,0,0,0,0,0,0,0,0,0,0,0,0,-1260.459759,0.06550772,-1260.459759,0,0,2529.600491,,FORWARD,12,,NMMF,,,,0.058664,,,,,,,0,,-34218600,0.000116733,2529.600491,43120,2529.600491,43120,0,0,0,0,0,0,0,0,0,0,0,0,2529.600491,0.007402923,2529.600491,HAHY7,HAHY7,XX,,New PB,-2000000,HAHY7:XXNMMFNMCL0001,0,0,0,0,17.08774,BloombergBVAL,,2149429186,2088428191,,1461916275,,0,0,0,0,0,0,0,0,0,0,0,2529.600491,0.001725235,2529.600491,-2000000,,,,0,0,3790.06025,Hybrid,USDMXN091726-197177262,TD 08/12/2026 VD 09/17/2026 SELL USD VS .BUY MXN @ 17.10930000,0,1,Henry Chan,0,,,,0,0,0,0,0,0,0,0,0,0,0,0,2529.600491,0.000708992,2529.600491,
BNPP-IPBFX-NMMF,420816671,USD,,,,,,NMMF,,1000207.085,PARIUK,MXN.C-MMAA,,NMCL,0,0,0,0,0,0,0,0,0,0,0,0,2231.586333,-0.11597842,2231.586333,0,0,2231.586333,,FORWARD,12,,NMMF,,,,0.058664,,,,,,,0,,17049700,0.000102981,2231.586333,38040,2231.586333,38040,0,0,0,0,0,0,0,0,0,0,0,0,2231.586333,0.006530779,2231.586333,HAHY7,HAHY7,XX,,New PB,1000000,HAHY7:XXNMMFNMCL0001,0,0,0,0,17.08774,BloombergBVAL,,2149429186,2088428191,,1461916275,,0,0,0,0,0,0,0,0,0,0,0,2231.586333,0.001521984,2231.586333,1000000,,,,0,0,0,Hybrid,USDMXN091726-197397204,TD 08/17/2026 VD 09/17/2026 SELL MXN VS .BUY USD @ 17.04970000,0,1,Henry Chan,0,,,,0,0,0,0,0,0,0,0,0,0,0,0,2231.586333,0.000625465,2231.586333,
BNPP-IPBFX-NMMF,420816711,USD,,,,,,NMMF,,1000171.886,PARIUK,MXN.C-MMAA,,NMCL,0,0,0,0,0,0,0,0,0,0,0,0,2266.784855,-0.117807733,2266.784855,0,0,2266.784855,,FORWARD,12,,NMMF,,,,0.058664,,,,,,,0,,17049100,0.000104605,2266.784855,38640,2266.784855,38640,0,0,0,0,0,0,0,0,0,0,0,0,2266.784855,0.006633788,2266.784855,HAHY7,HAHY7,XX,,New PB,1000000,HAHY7:XXNMMFNMCL0001,0,0,0,0,17.08774,BloombergBVAL,,2149429186,2088428191,,1461916275,,0,0,0,0,0,0,0,0,0,0,0,2266.784855,0.00154599,2266.784855,1000000,,,,0,0,0,Hybrid,USDMXN091726-197397325,TD 08/17/2026 VD 09/17/2026 SELL MXN VS .BUY USD @ 17.04910000,0,1,Henry Chan,0,,,,0,0,0,0,0,0,0,0,0,0,0,0,2266.784855,0.000635331,2266.784855,
BNPP-IPBFX-NMMF,420816669,USD,,,,,,NMMF,,1000207.085,PARIUK,MXN.C-MMAA,,NMCL,0,0,0,0,0,0,0,0,0,0,0,0,2231.586333,-0.11597842,2231.586333,0,0,2231.586333,,FORWARD,12,,NMMF,,,,0.058664,,,,,,,0,,17049700,0.000102981,2231.586333,38040,2231.586333,38040,0,0,0,0,0,0,0,0,0,0,0,0,2231.586333,0.006530779,2231.586333,HAHY7,HAHY7,XX,,New PB,1000000,HAHY7:XXNMMFNMCL0001,0,0,0,0,17.08774,BloombergBVAL,,2149429186,2088428191,,1461916275,,0,0,0,0,0,0,0,0,0,0,0,2231.586333,0.001521984,2231.586333,1000000,,,,0,0,0,Hybrid,USDMXN091726-197397657,TD 08/17/2026 VD 09/17/2026 SELL MXN VS .BUY USD @ 17.04970000,0,1,Henry Chan,0,,,,0,0,0,0,0,0,0,0,0,0,0,0,2231.586333,0.000625465,2231.586333,
BNPP-IPBFX-NMMF,128978,USD,,,,,,NMMF,,-3059818.336,PARIUK,NOK.C-NOAA,,NMCL,0,0,0,0,0,0,0,0,0,0,0,0,8557.407556,-0.444739509,8557.407556,0,0,58783.62098,,FORWARD,12,,NMMF,,,,0.106125,,,,,,,0,,-28832301,0.002712688,58783.62098,553911.0065,58783.62098,553911.0065,0,0,0,0,0,0,0,0,0,0,0,0,19956.82777,0.058404028,19956.82777,HAHY7,HAHY7,XX,,New PB,-2999999.999,HAHY7:XXNMMFNMCL0001,38826.79322,368136.2399,0,0,9.42613,BloombergBVAL,,2149429186,2088428191,9.488055,1461916275,,0,0,0,0,0,0,0,0,0,0,0,58783.62098,0.040091543,58783.62098,-2999999.999,,,,0,0,50226.21343,Hybrid,USDNOK091626-196366187,TD 07/24/2026 VD 09/16/2026 SELL USD VS .BUY NOK @ 9.61076700,0,1,Henry Chan,0,,,,0,0,0,0,0,0,0,0,0,0,0,0,58783.62098,0.016475778,58783.62098,
BNPP-IPBFX-NMMF,420815413,USD,,,,,,NMMF,,-3048705.173,PARIUK,NOK.C-NOAA,,NMCL,0,0,0,0,0,0,0,0,0,0,0,0,8526.605188,-0.44313867,8526.605188,0,0,47670.45744,,FORWARD,12,,NMMF,,,,0.106125,,,,,,,0,,-28727583,0.002199849,47670.45744,449193,47670.45744,449193,0,0,0,0,0,0,0,0,0,0,0,0,19833.05091,0.058041792,19833.05091,HAHY7,HAHY7,XX,,New PB,-3000000,HAHY7:XXNMMFNMCL0001,27837.40653,263940.37,0,0,9.42613,BloombergBVAL,,2149429186,2088428191,9.487881,1461916275,,0,0,0,0,0,0,0,0,0,0,0,47670.45744,0.032512155,47670.45744,-3000000,,,,0,0,39143.85225,Hybrid,USDNOK091626-196607471,TD 07/30/2026 VD 09/16/2026 SELL USD VS .BUY NOK @ 9.57586100,0,1,Henry Chan,0,,,,0,0,0,0,0,0,0,0,0,0,0,0,47670.45744,0.013360999,47670.45744,
BNPP-IPBFX-NMMF,420815853,USD,,,,,,NMMF,,1012132.639,PARIUK,NOK.C-NOAA,,NMCL,0,0,0,0,0,0,0,0,0,0,0,0,-2830.83105,0.147121941,-2830.83105,0,0,-11787.73369,,FORWARD,12,,NMMF,,,,0.106125,,,,,,,0,,9537204.4,-0.000543969,-11787.73369,-111074.4,-11787.73369,-111074.4,0,0,0,0,0,0,0,0,0,0,0,0,-11787.73369,-0.034497022,-11787.73369,HAHY7,HAHY7,XX,,New PB,1000000,HAHY7:XXNMMFNMCL0001,0,0,0,0,9.42613,BloombergBVAL,,2149429186,2088428191,,1461916275,,0,0,0,0,0,0,0,0,0,0,0,-11787.73369,-0.008039458,-11787.73369,1000000,,,,0,0,-8956.902637,Hybrid,USDNOK091626-196926610,TD 08/06/2026 VD 09/16/2026 SELL NOK VS .BUY USD @ 9.53720440,0,1,Henry Chan,0,,,,0,0,0,0,0,0,0,0,0,0,0,0,-11787.73369,-0.003303847,-11787.73369,
BNPP-IPBFX-NMMF,420815873,USD,,,,,,NMMF,,1012187.378,PARIUK,NOK.C-NOAA,,NMCL,0,0,0,0,0,0,0,0,0,0,0,0,-2830.98277,0.147129826,-2830.98277,0,0,-11842.47279,,FORWARD,12,,NMMF,,,,0.106125,,,,,,,0,,9537720.2,-0.000546495,-11842.47279,-111590.2,-11842.47279,-111590.2,0,0,0,0,0,0,0,0,0,0,0,0,-11842.47279,-0.034657217,-11842.47279,HAHY7,HAHY7,XX,,New PB,1000000,HAHY7:XXNMMFNMCL0001,0,0,0,0,9.42613,BloombergBVAL,,2149429186,2088428191,,1461916275,,0,0,0,0,0,0,0,0,0,0,0,-11842.47279,-0.008076791,-11842.47279,1000000,,,,0,0,-9011.49002,Hybrid,USDNOK091626-196928225,TD 08/06/2026 VD 09/16/2026 SELL NOK VS .BUY USD @ 9.53772020,0,1,Henry Chan,0,,,,0,0,0,0,0,0,0,0,0,0,0,0,-11842.47279,-0.003319189,-11842.47279,
BNPP-IPBFX-NMMF,420815863,USD,,,,,,NMMF,,1012106.84,PARIUK,NOK.C-NOAA,,NMCL,0,0,0,0,0,0,0,0,0,0,0,0,-2830.759543,0.147118225,-2830.759543,0,0,-11761.93478,,FORWARD,12,,NMMF,,,,0.106125,,,,,,,0,,9536961.3,-0.000542778,-11761.93478,-110831.3,-11761.93478,-110831.3,0,0,0,0,0,0,0,0,0,0,0,0,-11761.93478,-0.034421521,-11761.93478,HAHY7,HAHY7,XX,,New PB,1000000,HAHY7:XXNMMFNMCL0001,0,0,0,0,9.42613,BloombergBVAL,,2149429186,2088428191,,1461916275,,0,0,0,0,0,0,0,0,0,0,0,-11761.93478,-0.008021862,-11761.93478,1000000,,,,0,0,-8931.175237,Hybrid,USDNOK091626-196928370,TD 08/06/2026 VD 09/16/2026 SELL NOK VS .BUY USD @ 9.53696130,0,1,Henry Chan,0,,,,0,0,0,0,0,0,0,0,0,0,0,0,-11761.93478,-0.003296616,-11761.93478,
BNPP-IPBFX-NMMF,420815887,USD,,,,,,NMMF,,1012124.913,PARIUK,NOK.C-NOAA,,NMCL,0,0,0,0,0,0,0,0,0,0,0,0,-2830.809636,0.147120828,-2830.809636,0,0,-11780.00781,,FORWARD,12,,NMMF,,,,0.106125,,,,,,,0,,9537131.6,-0.000543612,-11780.00781,-111001.6,-11780.00781,-111001.6,0,0,0,0,0,0,0,0,0,0,0,0,-11780.00781,-0.034474412,-11780.00781,HAHY7,HAHY7,XX,,New PB,1000000,HAHY7:XXNMMFNMCL0001,0,0,0,0,9.42613,BloombergBVAL,,2149429186,2088428191,,1461916275,,0,0,0,0,0,0,0,0,0,0,0,-11780.00781,-0.008034188,-11780.00781,1000000,,,,0,0,-8949.198175,Hybrid,USDNOK091626-196928434,TD 08/06/2026 VD 09/16/2026 SELL NOK VS .BUY USD @ 9.53713160,0,1,Henry Chan,0,,,,0,0,0,0,0,0,0,0,0,0,0,0,-11780.00781,-0.003301682,-11780.00781,
BNPP-IPBFX-NMMF,420815889,USD,,,,,,NMMF,,1012030.462,PARIUK,NOK.C-NOAA,,NMCL,0,0,0,0,0,0,0,0,0,0,0,0,-2830.547846,0.147107223,-2830.547846,0,0,-11685.55686,,FORWARD,12,,NMMF,,,,0.106125,,,,,,,0,,9536241.6,-0.000539253,-11685.55686,-110111.6,-11685.55686,-110111.6,0,0,0,0,0,0,0,0,0,0,0,0,-11685.55686,-0.034197999,-11685.55686,HAHY7,HAHY7,XX,,New PB,1000000,HAHY7:XXNMMFNMCL0001,0,0,0,0,9.42613,BloombergBVAL,,2149429186,2088428191,,1461916275,,0,0,0,0,0,0,0,0,0,0,0,-11685.55686,-0.007969771,-11685.55686,1000000,,,,0,0,-8855.009011,Hybrid,USDNOK091626-196928504,TD 08/06/2026 VD 09/16/2026 SELL NOK VS .BUY USD @ 9.53624160,0,1,Henry Chan,0,,,,0,0,0,0,0,0,0,0,0,0,0,0,-11685.55686,-0.003275209,-11685.55686,
BNPP-IPBFX-NMMF,420815941,USD,,,,,,NMMF,,1012110.947,PARIUK,NOK.C-NOAA,,NMCL,0,0,0,0,0,0,0,0,0,0,0,0,-2830.770926,0.147118817,-2830.770926,0,0,-11766.04181,,FORWARD,12,,NMMF,,,,0.106125,,,,,,,0,,9537000,-0.000542968,-11766.04181,-110870,-11766.04181,-110870,0,0,0,0,0,0,0,0,0,0,0,0,-11766.04181,-0.03443354,-11766.04181,HAHY7,HAHY7,XX,,New PB,1000000,HAHY7:XXNMMFNMCL0001,0,0,0,0,9.42613,BloombergBVAL,,2149429186,2088428191,,1461916275,,0,0,0,0,0,0,0,0,0,0,0,-11766.04181,-0.008024663,-11766.04181,1000000,,,,0,0,-8935.270879,Hybrid,USDNOK091626-196933242,TD 08/06/2026 VD 09/16/2026 SELL NOK VS .BUY USD @ 9.53700000,0,1,Henry Chan,0,,,,0,0,0,0,0,0,0,0,0,0,0,0,-11766.04181,-0.003297767,-11766.04181,
BNPP-IPBFX-NMMF,128979,USD,,,,,,NMMF,,3059463.601,PARIUK,SEK.C-SSAA,,NMCL,0,0,0,0,0,0,0,0,0,0,0,0,-1084.112526,0.056342726,-1084.112526,0,0,-63988.73453,,FORWARD,12,,NMMF,,,,0.10504,,,,,,,0,,29126583,-0.002952889,-63988.73453,-609182.9909,-63988.73453,-609182.9909,0,0,0,0,0,0,0,0,0,0,0,0,1724.606845,0.005047094,1724.606845,HAHY7,HAHY7,XX,,New PB,3000000.001,HAHY7:XXNMMFNMCL0001,-65713.34137,-625689.5799,0,0,9.5058,BloombergBVAL,,2149429186,2088428191,9.500298,1461916275,,0,0,0,0,0,0,0,0,0,0,0,-63988.73453,-0.043641529,-63988.73453,3000000.001,,,,0,0,-62904.622,Hybrid,USDSEK091626-196365350,TD 07/24/2026 VD 09/16/2026 SELL SEK VS .BUY USD @ 9.70886100,0,1,Henry Chan,0,,,,0,0,0,0,0,0,0,0,0,0,0,0,-63988.73453,-0.017934659,-63988.73453,
BNPP-IPBFX-NMMF,129079,USD,,,,,,NMMF,,3045899.922,PARIUK,SEK.C-SSAA,,NMCL,0,0,0,0,0,0,0,0,0,0,0,0,-1078.657996,0.056059247,-1078.657996,0,0,-50425.05483,,FORWARD,12,,NMMF,,,,0.10504,,,,,,,0,,28997454.6,-0.002326965,-50425.05483,-480054.59,-50425.05483,-480054.59,0,0,0,0,0,0,0,0,0,0,0,0,1754.924156,0.005135818,1754.924156,HAHY7,HAHY7,XX,,New PB,3000000.001,HAHY7:XXNMMFNMCL0001,-52179.97898,-496831.6699,0,0,9.5058,BloombergBVAL,,2149429186,2088428191,9.500208,1461916275,,0,0,0,0,0,0,0,0,0,0,0,-50425.05483,-0.034390842,-50425.05483,3000000.001,,,,0,0,-49346.39683,Hybrid,USDSEK091626-196556580,TD 07/29/2026 VD 09/16/2026 SELL SEK VS .BUY USD @ 9.66581820,0,1,Henry Chan,0,,,,0,0,0,0,0,0,0,0,0,0,0,0,-50425.05483,-0.014133053,-50425.05483,
BNPP-IPBFX-NMMF,420815431,USD,,,,,,NMMF,,3018042.869,PARIUK,SEK.C-SSAA,,NMCL,0,0,0,0,0,0,0,0,0,0,0,0,-1067.455494,0.055477039,-1067.455494,0,0,-22568.00306,,FORWARD,12,,NMMF,,,,0.10504,,,,,,,0,,28732251,-0.001041446,-22568.00306,-214851,-22568.00306,-214851,0,0,0,0,0,0,0,0,0,0,0,0,1817.1894,0.005318039,1817.1894,HAHY7,HAHY7,XX,,New PB,3000000,HAHY7:XXNMMFNMCL0001,-24385.19246,-232183.61,0,0,9.5058,BloombergBVAL,,2149429186,2088428191,9.500022,1461916275,,0,0,0,0,0,0,0,0,0,0,0,-22568.00306,-0.015391805,-22568.00306,3000000,,,,0,0,-21500.54757,Hybrid,USDSEK091626-196608798,TD 07/30/2026 VD 09/16/2026 SELL SEK VS .BUY USD @ 9.57741700,0,1,Henry Chan,0,,,,0,0,0,0,0,0,0,0,0,0,0,0,-22568.00306,-0.006325323,-22568.00306,
BNPP-IPBFX-NMMF,,USD,,,,,,NMMF,,-4012104.418,PARIUK,SEK.C-SSAA,,NMCL,0,0,0,0,0,0,0,0,0,0,0,0,1418.467289,-0.073719575,1418.467289,0,0,18137.93046,,FORWARD,12,,NMMF,,,,0.10504,,,,,,,0,,-38195876,0.000837011,18137.93046,172676,18137.93046,172676,0,0,0,0,0,0,0,0,0,0,0,0,18137.93046,0.053080991,18137.93046,HAHY7,HAHY7,XX,,New PB,-4000000,HAHY7:XXNMMFNMCL0001,0,0,0,0,9.5058,BloombergBVAL,,2149429186,2088428191,,1461916275,,0,0,0,0,0,0,0,0,0,0,0,18137.93046,0.012370412,18137.93046,-4000000,,,,0,0,16719.46317,Hybrid,USDSEK091626-196850232,TD 08/04/2026 VD 09/16/2026 SELL USD VS .BUY SEK @ 9.54896900,0,1,Henry Chan,0,,,,0,0,0,0,0,0,0,0,0,0,0,0,18137.93046,0.00508367,18137.93046,
BNPP-IPBFX-NMMF,420815881,USD,,,,,,NMMF,,-993363.683,PARIUK,SEK.C-SSAA,,NMCL,0,0,0,0,0,0,0,0,0,0,0,0,350.731153,-0.01822795,350.731153,0,0,-5127.939026,,FORWARD,12,,NMMF,,,,0.10504,,,,,,,0,,-9456981.2,-0.000236639,-5127.939026,-48818.8,-5127.939026,-48818.8,0,0,0,0,0,0,0,0,0,0,0,0,-5127.939026,-0.015007009,-5127.939026,HAHY7,HAHY7,XX,,New PB,-1000000,HAHY7:XXNMMFNMCL0001,0,0,0,0,9.5058,BloombergBVAL,,2149429186,2088428191,,1461916275,,0,0,0,0,0,0,0,0,0,0,0,-5127.939026,-0.003497352,-5127.939026,-1000000,,,,0,0,-5478.670179,Hybrid,USDSEK091626-196927890,TD 08/06/2026 VD 09/16/2026 SELL USD VS .BUY SEK @ 9.45698120,0,1,Henry Chan,0,,,,0,0,0,0,0,0,0,0,0,0,0,0,-5127.939026,-0.00143725,-5127.939026,
BNPP-IPBFX-NMMF,420815875,USD,,,,,,NMMF,,-993717.7842,PARIUK,SEK.C-SSAA,,NMCL,0,0,0,0,0,0,0,0,0,0,0,0,350.873552,-0.018235351,350.873552,0,0,-4773.837835,,FORWARD,12,,NMMF,,,,0.10504,,,,,,,0,,-9460352.3,-0.000220298,-4773.837835,-45447.7,-4773.837835,-45447.7,0,0,0,0,0,0,0,0,0,0,0,0,-4773.837835,-0.013970725,-4773.837835,HAHY7,HAHY7,XX,,New PB,-1000000,HAHY7:XXNMMFNMCL0001,0,0,0,0,9.5058,BloombergBVAL,,2149429186,2088428191,,1461916275,,0,0,0,0,0,0,0,0,0,0,0,-4773.837835,-0.003255848,-4773.837835,-1000000,,,,0,0,-5124.711387,Hybrid,USDSEK091626-196928374,TD 08/06/2026 VD 09/16/2026 SELL USD VS .BUY SEK @ 9.46035230,0,1,Henry Chan,0,,,,0,0,0,0,0,0,0,0,0,0,0,0,-4773.837835,-0.001338004,-4773.837835,
BNPP-IPBFX-NMMF,420815865,USD,,,,,,NMMF,,-993207.299,PARIUK,SEK.C-SSAA,,NMCL,0,0,0,0,0,0,0,0,0,0,0,0,350.668264,-0.018224682,350.668264,0,0,-5284.322953,,FORWARD,12,,NMMF,,,,0.10504,,,,,,,0,,-9455492.4,-0.000243856,-5284.322953,-50307.6,-5284.322953,-50307.6,0,0,0,0,0,0,0,0,0,0,0,0,-5284.322953,-0.015464669,-5284.322953,HAHY7,HAHY7,XX,,New PB,-1000000,HAHY7:XXNMMFNMCL0001,0,0,0,0,9.5058,BloombergBVAL,,2149429186,2088428191,,1461916275,,0,0,0,0,0,0,0,0,0,0,0,-5284.322953,-0.003604008,-5284.322953,-1000000,,,,0,0,-5634.991217,Hybrid,USDSEK091626-196928435,TD 08/06/2026 VD 09/16/2026 SELL USD VS .BUY SEK @ 9.45549240,0,1,Henry Chan,0,,,,0,0,0,0,0,0,0,0,0,0,0,0,-5284.322953,-0.001481082,-5284.322953,
BNPP-IPBFX-NMMF,420815939,USD,,,,,,NMMF,,-992894.5522,PARIUK,SEK.C-SSAA,,NMCL,0,0,0,0,0,0,0,0,0,0,0,0,350.542496,-0.018218146,350.542496,0,0,-5597.069797,,FORWARD,12,,NMMF,,,,0.10504,,,,,,,0,,-9452515,-0.000258288,-5597.069797,-53285,-5597.069797,-53285,0,0,0,0,0,0,0,0,0,0,0,0,-5597.069797,-0.016379929,-5597.069797,HAHY7,HAHY7,XX,,New PB,-1000000,HAHY7:XXNMMFNMCL0001,0,0,0,0,9.5058,BloombergBVAL,,2149429186,2088428191,,1461916275,,0,0,0,0,0,0,0,0,0,0,0,-5597.069797,-0.003817308,-5597.069797,-1000000,,,,0,0,-5947.612293,Hybrid,USDSEK091626-196933093,TD 08/06/2026 VD 09/16/2026 SELL USD VS .BUY SEK @ 9.45251500,0,1,Henry Chan,0,,,,0,0,0,0,0,0,0,0,0,0,0,0,-5597.069797,-0.001568738,-5597.069797,
BNPP-IPBFX-NMMF,420815937,USD,,,,,,NMMF,,-992663.4636,PARIUK,SEK.C-SSAA,,NMCL,0,0,0,0,0,0,0,0,0,0,0,0,350.449565,-0.018213316,350.449565,0,0,-5828.15835,,FORWARD,12,,NMMF,,,,0.10504,,,,,,,0,,-9450315,-0.000268952,-5828.15835,-55485,-5828.15835,-55485,0,0,0,0,0,0,0,0,0,0,0,0,-5828.15835,-0.017056214,-5828.15835,HAHY7,HAHY7,XX,,New PB,-1000000,HAHY7:XXNMMFNMCL0001,0,0,0,0,9.5058,BloombergBVAL,,2149429186,2088428191,,1461916275,,0,0,0,0,0,0,0,0,0,0,0,-5828.15835,-0.003974914,-5828.15835,-1000000,,,,0,0,-6178.607915,Hybrid,USDSEK091626-196933188,TD 08/06/2026 VD 09/16/2026 SELL USD VS .BUY SEK @ 9.45031500,0,1,Henry Chan,0,,,,0,0,0,0,0,0,0,0,0,0,0,0,-5828.15835,-0.001633507,-5828.15835,
BNPP-IPBFX-NMMF,420816709,USD,,,,,,NMMF,,-1088298.914,PARIUK,SEK.C-SSAA,,NMCL,0,0,0,0,0,0,0,0,0,0,0,0,-2527.221695,0.131342971,-2527.221695,0,0,-2527.221695,,FORWARD,12,,NMMF,,,,0.10504,,,,,,,0,,-10360779.79,-0.000116624,-2527.221695,-24059.55489,-2527.221695,-24059.55489,0,0,0,0,0,0,0,0,0,0,0,0,-2527.221695,-0.007395961,-2527.221695,HAHY7,HAHY7,XX,,New PB,-1092474,HAHY7:XXNMMFNMCL0001,0,0,0,0,9.5058,BloombergBVAL,,2149429186,2088428191,,1461916275,,0,0,0,0,0,0,0,0,0,0,0,-2527.221695,-0.001723613,-2527.221695,-1092474,,,,0,0,0,Hybrid,USDSEK091626-197396443,TD 08/17/2026 VD 09/16/2026 SELL USD VS .BUY SEK @ 9.48377700,0,1,Henry Chan,0,,,,0,0,0,0,0,0,0,0,0,0,0,0,-2527.221695,-0.000708326,-2527.221695,
BNPP-IPBFX-NMMF,420816661,USD,,,,,,NMMF,,-454403.0321,PARIUK,SEK.C-SSAA,,NMCL,0,0,0,0,0,0,0,0,0,0,0,0,-1208.69538,0.062817458,-1208.69538,0,0,-1208.69538,,FORWARD,12,,NMMF,,,,0.10504,,,,,,,0,,-4325989.57,-5.58E-05,-1208.69538,-11506.97341,-1208.69538,-11506.97341,0,0,0,0,0,0,0,0,0,0,0,0,-1208.69538,-0.00353727,-1208.69538,HAHY7,HAHY7,XX,,New PB,-456300.0004,HAHY7:XXNMMFNMCL0001,0,0,0,0,9.5058,BloombergBVAL,,2149429186,2088428191,,1461916275,,0,0,0,0,0,0,0,0,0,0,0,-1208.69538,-0.000824353,-1208.69538,-456300.0004,,,,0,0,0,Hybrid,USDSEK091626-197396457,TD 08/17/2026 VD 09/16/2026 SELL USD VS .BUY SEK @ 9.48058200,0,1,Henry Chan,0,,,,0,0,0,0,0,0,0,0,0,0,0,0,-1208.69538,-0.000338771,-1208.69538,
BNPP-IPBFX-NMMF,420816695,USD,,,,,,NMMF,,-886099.9647,PARIUK,SEK.C-SSAA,,NMCL,0,0,0,0,0,0,0,0,0,0,0,0,-2164.173182,0.112474872,-2164.173182,0,0,-2164.173182,,FORWARD,12,,NMMF,,,,0.10504,,,,,,,0,,-8435813.44,-9.99E-05,-2164.173182,-20603.27496,-2164.173182,-20603.27496,0,0,0,0,0,0,0,0,0,0,0,0,-2164.173182,-0.006333493,-2164.173182,HAHY7,HAHY7,XX,,New PB,-889606,HAHY7:XXNMMFNMCL0001,0,0,0,0,9.5058,BloombergBVAL,,2149429186,2088428191,,1461916275,,0,0,0,0,0,0,0,0,0,0,0,-2164.173182,-0.001476007,-2164.173182,-889606,,,,0,0,0,Hybrid,USDSEK091626-197397315,TD 08/17/2026 VD 09/16/2026 SELL USD VS .BUY SEK @ 9.48264000,0,1,Henry Chan,0,,,,0,0,0,0,0,0,0,0,0,0,0,0,-2164.173182,-0.000606571,-2164.173182,
BNPP-IPBFX-NMMF,420816677,USD,,,,,,NMMF,,-860256.7856,PARIUK,SEK.C-SSAA,,NMCL,0,0,0,0,0,0,0,0,0,0,0,0,-2137.432702,0.111085135,-2137.432702,0,0,-2137.432702,,FORWARD,12,,NMMF,,,,0.10504,,,,,,,0,,-8189782.24,-9.86E-05,-2137.432702,-20348.70132,-2137.432702,-20348.70132,0,0,0,0,0,0,0,0,0,0,0,0,-2137.432702,-0.006255237,-2137.432702,HAHY7,HAHY7,XX,,New PB,-863696.9999,HAHY7:XXNMMFNMCL0001,0,0,0,0,9.5058,BloombergBVAL,,2149429186,2088428191,,1461916275,,0,0,0,0,0,0,0,0,0,0,0,-2137.432702,-0.00145777,-2137.432702,-863696.9999,,,,0,0,0,Hybrid,USDSEK091626-197397324,TD 08/17/2026 VD 09/16/2026 SELL USD VS .BUY SEK @ 9.48224000,0,1,Henry Chan,0,,,,0,0,0,0,0,0,0,0,0,0,0,0,-2137.432702,-0.000599076,-2137.432702,
BNPP-IPBFX-NMMF,420816675,USD,,,,,,NMMF,,-1000129.701,PARIUK,SEK.C-SSAA,,NMCL,0,0,0,0,0,0,0,0,0,0,0,0,-2420.78956,0.125811556,-2420.78956,0,0,-2420.78956,,FORWARD,12,,NMMF,,,,0.10504,,,,,,,0,,-9521394.77,-0.000111712,-2420.78956,-23046.30394,-2420.78956,-23046.30394,0,0,0,0,0,0,0,0,0,0,0,0,-2420.78956,-0.007084486,-2420.78956,HAHY7,HAHY7,XX,,New PB,-1004065,HAHY7:XXNMMFNMCL0001,0,0,0,0,9.5058,BloombergBVAL,,2149429186,2088428191,,1461916275,,0,0,0,0,0,0,0,0,0,0,0,-2420.78956,-0.001651024,-2420.78956,-1004065,,,,0,0,0,Hybrid,USDSEK091626-197397326,TD 08/17/2026 VD 09/16/2026 SELL USD VS .BUY SEK @ 9.48284700,0,1,Henry Chan,0,,,,0,0,0,0,0,0,0,0,0,0,0,0,-2420.78956,-0.000678495,-2420.78956,
BNPP-IPBFX-NMMF,420816667,USD,,,,,,NMMF,,-884688.3235,PARIUK,SEK.C-SSAA,,NMCL,0,0,0,0,0,0,0,0,0,0,0,0,-2186.912784,0.113656678,-2186.912784,0,0,-2186.912784,,FORWARD,12,,NMMF,,,,0.10504,,,,,,,0,,-8422374.39,-0.000100919,-2186.912784,-20819.75961,-2186.912784,-20819.75961,0,0,0,0,0,0,0,0,0,0,0,0,-2186.912784,-0.006400041,-2186.912784,HAHY7,HAHY7,XX,,New PB,-888215.0003,HAHY7:XXNMMFNMCL0001,0,0,0,0,9.5058,BloombergBVAL,,2149429186,2088428191,,1461916275,,0,0,0,0,0,0,0,0,0,0,0,-2186.912784,-0.001491516,-2186.912784,-888215.0003,,,,0,0,0,Hybrid,USDSEK091626-197397653,TD 08/17/2026 VD 09/16/2026 SELL USD VS .BUY SEK @ 9.48236000,0,1,Henry Chan,0,,,,0,0,0,0,0,0,0,0,0,0,0,0,-2186.912784,-0.000612944,-2186.912784,
BNPP-IPBFX-NMMF,420816705,USD,,,,,,NMMF,,-802523.4702,PARIUK,SEK.C-SSAA,,NMCL,0,0,0,0,0,0,0,0,0,0,0,0,-1904.315097,0.098969712,-1904.315097,0,0,-1904.315097,,FORWARD,12,,NMMF,,,,0.10504,,,,,,,0,,-7640151.84,-8.79E-05,-1904.315097,-18129.38442,-1904.315097,-18129.38442,0,0,0,0,0,0,0,0,0,0,0,0,-1904.315097,-0.005573014,-1904.315097,HAHY7,HAHY7,XX,,New PB,-805642.9995,HAHY7:XXNMMFNMCL0001,0,0,0,0,9.5058,BloombergBVAL,,2149429186,2088428191,,1461916275,,0,0,0,0,0,0,0,0,0,0,0,-1904.315097,-0.001298779,-1904.315097,-805642.9995,,,,0,0,0,Hybrid,USDSEK091626-197397658,TD 08/17/2026 VD 09/16/2026 SELL USD VS .BUY SEK @ 9.48329700,0,1,Henry Chan,0,,,,0,0,0,0,0,0,0,0,0,0,0,0,-1904.315097,-0.000533738,-1904.315097,
BNPP-IPBFX-NMMF,128971,USD,,,,,,NMMF,,3023349.372,PARIUK,SGD.C-SPAA,,NMCL,0,0,0,0,0,0,0,0,0,0,0,0,-2417.715915,0.125651815,-2417.715915,0,0,-28912.09952,,FORWARD,12,,NMMF,,,,0.782381,,,,,,,0,,3864294,-0.001334207,-28912.09952,-36954,-28912.09952,-36954,0,0,0,0,0,0,0,0,0,0,0,0,-6323.875228,-0.018506938,-6323.875228,HAHY7,HAHY7,XX,,New PB,3000000,HAHY7:XXNMMFNMCL0001,-22588.22429,-28964.88001,0,0,1.27578,BloombergBVAL,,2149429186,2088428191,1.278443,1461916275,,0,0,0,0,0,0,0,0,0,0,0,-28912.09952,-0.019718599,-28912.09952,3000000,,,,0,0,-26494.3836,Hybrid,USDSGD091626-196357298,TD 07/24/2026 VD 09/16/2026 SELL SGD VS .BUY USD @ 1.28809800,0,1,Henry Chan,0,,,,0,0,0,0,0,0,0,0,0,0,0,0,-28912.09952,-0.008103437,-28912.09952,
BNPP-IPBFX-NMMF,128965,USD,,,,,,NMMF,,3022973.829,PARIUK,SGD.C-SPAA,,NMCL,0,0,0,0,0,0,0,0,0,0,0,0,-2417.381262,0.125634422,-2417.381262,0,0,-28536.55674,,FORWARD,12,,NMMF,,,,0.782381,,,,,,,0,,3863814,-0.001316877,-28536.55674,-36474,-28536.55674,-36474,0,0,0,0,0,0,0,0,0,0,0,0,-6322.155274,-0.018501905,-6322.155274,HAHY7,HAHY7,XX,,New PB,3000000,HAHY7:XXNMMFNMCL0001,-22214.40147,-28485.527,0,0,1.27578,BloombergBVAL,,2149429186,2088428191,1.278443,1461916275,,0,0,0,0,0,0,0,0,0,0,0,-28536.55674,-0.019462472,-28536.55674,3000000,,,,0,0,-26119.17548,Hybrid,USDSGD091626-196357299,TD 07/24/2026 VD 09/16/2026 SELL SGD VS .BUY USD @ 1.28793800,0,1,Henry Chan,0,,,,0,0,0,0,0,0,0,0,0,0,0,0,-28536.55674,-0.00799818,-28536.55674,
BNPP-IPBFX-NMMF,128970,USD,,,,,,NMMF,,-3022933.928,PARIUK,SGD.C-SPAA,,NMCL,0,0,0,0,0,0,0,0,0,0,0,0,2417.345705,-0.125632574,2417.345705,0,0,28496.65532,,FORWARD,12,,NMMF,,,,0.782381,,,,,,,0,,-3863763,0.001315035,28496.65532,36423,28496.65532,36423,0,0,0,0,0,0,0,0,0,0,0,0,6321.972346,0.01850137,6321.972346,HAHY7,HAHY7,XX,,New PB,-3000000,HAHY7:XXNMMFNMCL0001,22174.68298,28434.59598,0,0,1.27578,BloombergBVAL,,2149429186,2088428191,1.278443,1461916275,,0,0,0,0,0,0,0,0,0,0,0,28496.65532,0.019435259,28496.65532,-3000000,,,,0,0,26079.30962,Hybrid,USDSGD091626-196357300,TD 07/24/2026 VD 09/16/2026 SELL USD VS .BUY SGD @ 1.28792100,0,1,Henry Chan,0,,,,0,0,0,0,0,0,0,0,0,0,0,0,28496.65532,0.007986997,28496.65532,
BNPP-IPBFX-NMMF,128966,USD,,,,,,NMMF,,3022950.358,PARIUK,SGD.C-SPAA,,NMCL,0,0,0,0,0,0,0,0,0,0,0,0,-2417.360346,0.125633335,-2417.360346,0,0,-28513.08509,,FORWARD,12,,NMMF,,,,0.782381,,,,,,,0,,3863784,-0.001315794,-28513.08509,-36443.9997,-28513.08509,-36443.9997,0,0,0,0,0,0,0,0,0,0,0,0,-6322.047956,-0.018501591,-6322.047956,HAHY7,HAHY7,XX,,New PB,3000000,HAHY7:XXNMMFNMCL0001,-22191.03713,-28455.56691,0,0,1.27578,BloombergBVAL,,2149429186,2088428191,1.278443,1461916275,,0,0,0,0,0,0,0,0,0,0,0,-28513.08509,-0.019446464,-28513.08509,3000000,,,,0,0,-26095.72474,Hybrid,USDSGD091626-196357500,TD 07/24/2026 VD 09/16/2026 SELL SGD VS .BUY USD @ 1.28792800,0,1,Henry Chan,0,,,,0,0,0,0,0,0,0,0,0,0,0,0,-28513.08509,-0.007991601,-28513.08509,
BNPP-IPBFX-NMMF,128967,USD,,,,,,NMMF,,3022809.53,PARIUK,SGD.C-SPAA,,NMCL,0,0,0,0,0,0,0,0,0,0,0,0,-2417.234851,0.125626813,-2417.234851,0,0,-28372.25678,,FORWARD,12,,NMMF,,,,0.782381,,,,,,,0,,3863604,-0.001309295,-28372.25678,-36264,-28372.25678,-36264,0,0,0,0,0,0,0,0,0,0,0,0,-6321.402739,-0.018499703,-6321.402739,HAHY7,HAHY7,XX,,New PB,3000000,HAHY7:XXNMMFNMCL0001,-22050.85404,-28275.81014,0,0,1.27578,BloombergBVAL,,2149429186,2088428191,1.278443,1461916275,,0,0,0,0,0,0,0,0,0,0,0,-28372.25678,-0.019350416,-28372.25678,3000000,,,,0,0,-25955.02193,Hybrid,USDSGD091626-196357640,TD 07/24/2026 VD 09/16/2026 SELL SGD VS .BUY USD @ 1.28786800,0,1,Henry Chan,0,,,,0,0,0,0,0,0,0,0,0,0,0,0,-28372.25678,-0.00795213,-28372.25678,
BNPP-IPBFX-NMMF,128980,USD,,,,,,NMMF,,2013669.757,PARIUK,SGD.C-SPAA,,NMCL,0,0,0,0,0,0,0,0,0,0,0,0,-1610.120611,0.083680045,-1610.120611,0,0,-17378.24215,,FORWARD,12,,NMMF,,,,0.782381,,,,,,,0,,2573772,-0.000801954,-17378.24215,-22212.0002,-17378.24215,-22212.0002,0,0,0,0,0,0,0,0,0,0,0,0,-4207.229853,-0.012312536,-4207.229853,HAHY7,HAHY7,XX,,New PB,2000000,HAHY7:XXNMMFNMCL0001,-13171.01229,-16889.18906,0,0,1.27578,BloombergBVAL,,2149429186,2088428191,1.278441,1461916275,,0,0,0,0,0,0,0,0,0,0,0,-17378.24215,-0.01185229,-17378.24215,2000000,,,,0,0,-15768.12154,Hybrid,USDSGD091626-196366181,TD 07/24/2026 VD 09/16/2026 SELL SGD VS .BUY USD @ 1.28688600,0,1,Henry Chan,0,,,,0,0,0,0,0,0,0,0,0,0,0,0,-17378.24215,-0.004870746,-17378.24215,
BNPP-IPBFX-NMMF,129055,USD,,,,,,NMMF,,2015528.694,PARIUK,SGD.C-SPAA,,NMCL,0,0,0,0,0,0,0,0,0,0,0,0,-1611.777145,0.083766137,-1611.777145,0,0,-19237.17874,,FORWARD,12,,NMMF,,,,0.782381,,,,,,,0,,2576148,-0.000887738,-19237.17874,-24588,-19237.17874,-24588,0,0,0,0,0,0,0,0,0,0,0,0,-4215.745376,-0.012337457,-4215.745376,HAHY7,HAHY7,XX,,New PB,2000000,HAHY7:XXNMMFNMCL0001,-15021.43336,-19261.984,0,0,1.27578,BloombergBVAL,,2149429186,2088428191,1.278443,1461916275,,0,0,0,0,0,0,0,0,0,0,0,-19237.17874,-0.01312012,-19237.17874,2000000,,,,0,0,-17625.40159,Hybrid,USDSGD091626-196556699,TD 07/29/2026 VD 09/16/2026 SELL SGD VS .BUY USD @ 1.28807400,0,1,Henry Chan,0,,,,0,0,0,0,0,0,0,0,0,0,0,0,-19237.17874,-0.005391765,-19237.17874,
BNPP-IPBFX-NMMF,129054,USD,,,,,,NMMF,,2015544.341,PARIUK,SGD.C-SPAA,,NMCL,0,0,0,0,0,0,0,0,0,0,0,0,-1611.791089,0.083766862,-1611.791089,0,0,-19252.82635,,FORWARD,12,,NMMF,,,,0.782381,,,,,,,0,,2576168,-0.00088846,-19252.82635,-24608,-19252.82635,-24608,0,0,0,0,0,0,0,0,0,0,0,0,-4215.817095,-0.012337667,-4215.817095,HAHY7,HAHY7,XX,,New PB,2000000,HAHY7:XXNMMFNMCL0001,-15037.00926,-19281.95697,0,0,1.27578,BloombergBVAL,,2149429186,2088428191,1.278443,1461916275,,0,0,0,0,0,0,0,0,0,0,0,-19252.82635,-0.013130792,-19252.82635,2000000,,,,0,0,-17641.03526,Hybrid,USDSGD091626-196556871,TD 07/29/2026 VD 09/16/2026 SELL SGD VS .BUY USD @ 1.28808400,0,1,Henry Chan,0,,,,0,0,0,0,0,0,0,0,0,0,0,0,-19252.82635,-0.005396151,-19252.82635,
BNPP-IPBFX-NMMF,129056,USD,,,,,,NMMF,,1007737.746,PARIUK,SGD.C-SPAA,,NMCL,0,0,0,0,0,0,0,0,0,0,0,0,-805.864868,0.041881837,-805.864868,0,0,-9591.988343,,FORWARD,12,,NMMF,,,,0.782381,,,,,,,0,,1288040,-0.000442642,-9591.988343,-12259.9999,-9591.988343,-12259.9999,0,0,0,0,0,0,0,0,0,0,0,0,-2107.750662,-0.006168372,-2107.750662,HAHY7,HAHY7,XX,,New PB,1000000,HAHY7:XXNMMFNMCL0001,-7484.237681,-9597.037979,0,0,1.27578,BloombergBVAL,,2149429186,2088428191,1.278443,1461916275,,0,0,0,0,0,0,0,0,0,0,0,-9591.988343,-0.006541918,-9591.988343,1000000,,,,0,0,-8786.123475,Hybrid,USDSGD091626-196556872,TD 07/29/2026 VD 09/16/2026 SELL SGD VS .BUY USD @ 1.28804000,0,1,Henry Chan,0,,,,0,0,0,0,0,0,0,0,0,0,0,0,-9591.988343,-0.002688427,-9591.988343,
BNPP-IPBFX-NMMF,420815369,USD,,,,,,NMMF,,-3521816.297,PARIUK,SGD.C-SPAA,,NMCL,0,0,0,0,0,0,0,0,0,0,0,0,2815.834569,-0.146342555,2815.834569,0,0,28306.1456,,FORWARD,12,,NMMF,,,,0.782381,,,,,,,0,,-4501409.5,0.001306244,28306.1456,36179.5,28306.1456,36179.5,0,0,0,0,0,0,0,0,0,0,0,0,7353.00593,0.021518709,7353.00593,HAHY7,HAHY7,XX,,New PB,-3500000,HAHY7:XXNMMFNMCL0001,20953.13967,26868.211,0,0,1.27578,BloombergBVAL,,2149429186,2088428191,1.27844,1461916275,,0,0,0,0,0,0,0,0,0,0,0,28306.1456,0.019305327,28306.1456,-3500000,,,,0,0,25490.31103,Hybrid,USDSGD091626-196595693,TD 07/30/2026 VD 09/16/2026 SELL USD VS .BUY SGD @ 1.28611700,0,1,Henry Chan,0,,,,0,0,0,0,0,0,0,0,0,0,0,0,28306.1456,0.007933601,28306.1456,
BNPP-IPBFX-NMMF,420815371,USD,,,,,,NMMF,,-3522109.299,PARIUK,SGD.C-SPAA,,NMCL,0,0,0,0,0,0,0,0,0,0,0,0,2816.095669,-0.146356124,2816.095669,0,0,28599.14721,,FORWARD,12,,NMMF,,,,0.782381,,,,,,,0,,-4501784,0.001319765,28599.14721,36554,28599.14721,36554,0,0,0,0,0,0,0,0,0,0,0,0,7354.348016,0.021522636,7354.348016,HAHY7,HAHY7,XX,,New PB,-3500000,HAHY7:XXNMMFNMCL0001,21244.79919,27242.206,0,0,1.27578,BloombergBVAL,,2149429186,2088428191,1.278441,1461916275,,0,0,0,0,0,0,0,0,0,0,0,28599.14721,0.01950516,28599.14721,-3500000,,,,0,0,25783.05154,Hybrid,USDSGD091626-196596440,TD 07/30/2026 VD 09/16/2026 SELL USD VS .BUY SGD @ 1.28622400,0,1,Henry Chan,0,,,,0,0,0,0,0,0,0,0,0,0,0,0,28599.14721,0.008015723,28599.14721,
BNPP-IPBFX-NMMF,,USD,,,,,,NMMF,,2002523.96,PARIUK,SGD.C-SPAA,,NMCL,0,0,0,0,0,0,0,0,0,0,0,0,-1600.188376,0.083163854,-1600.188376,0,0,-6232.445331,,FORWARD,12,,NMMF,,,,0.782381,,,,,,,0,,2559526,-0.000287609,-6232.445331,-7966,-6232.445331,-7966,0,0,0,0,0,0,0,0,0,0,0,0,-6232.445331,-0.018239367,-6232.445331,HAHY7,HAHY7,XX,,New PB,2000000,HAHY7:XXNMMFNMCL0001,0,0,0,0,1.27578,BloombergBVAL,,2149429186,2088428191,,1461916275,,0,0,0,0,0,0,0,0,0,0,0,-6232.445331,-0.004250646,-6232.445331,2000000,,,,0,0,-4632.256955,Hybrid,USDSGD091626-196850229,TD 08/04/2026 VD 09/16/2026 SELL SGD VS .BUY USD @ 1.27976300,0,1,Henry Chan,0,,,,0,0,0,0,0,0,0,0,0,0,0,0,-6232.445331,-0.00174682,-6232.445331,
BNPP-IPBFX-NMMF,,USD,,,,,,NMMF,,2002497.359,PARIUK,SGD.C-SPAA,,NMCL,0,0,0,0,0,0,0,0,0,0,0,0,-1600.164671,0.083162622,-1600.164671,0,0,-6205.844384,,FORWARD,12,,NMMF,,,,0.782381,,,,,,,0,,2559492,-0.000286381,-6205.844384,-7932,-6205.844384,-7932,0,0,0,0,0,0,0,0,0,0,0,0,-6205.844384,-0.018161519,-6205.844384,HAHY7,HAHY7,XX,,New PB,2000000,HAHY7:XXNMMFNMCL0001,0,0,0,0,1.27578,BloombergBVAL,,2149429186,2088428191,,1461916275,,0,0,0,0,0,0,0,0,0,0,0,-6205.844384,-0.004232503,-6205.844384,2000000,,,,0,0,-4605.679713,Hybrid,USDSGD091626-196850230,TD 08/04/2026 VD 09/16/2026 SELL SGD VS .BUY USD @ 1.27974600,0,1,Henry Chan,0,,,,0,0,0,0,0,0,0,0,0,0,0,0,-6205.844384,-0.001739364,-6205.844384,
BNPP-IPBFX-NMMF,,USD,,,,,,NMMF,,2002547.432,PARIUK,SGD.C-SPAA,,NMCL,0,0,0,0,0,0,0,0,0,0,0,0,-1600.209292,0.083164941,-1600.209292,0,0,-6255.916755,,FORWARD,12,,NMMF,,,,0.782381,,,,,,,0,,2559556,-0.000288692,-6255.916755,-7996,-6255.916755,-7996,0,0,0,0,0,0,0,0,0,0,0,0,-6255.916755,-0.018308057,-6255.916755,HAHY7,HAHY7,XX,,New PB,2000000,HAHY7:XXNMMFNMCL0001,0,0,0,0,1.27578,BloombergBVAL,,2149429186,2088428191,,1461916275,,0,0,0,0,0,0,0,0,0,0,0,-6255.916755,-0.004266654,-6255.916755,2000000,,,,0,0,-4655.707463,Hybrid,USDSGD091626-196850231,TD 08/04/2026 VD 09/16/2026 SELL SGD VS .BUY USD @ 1.27977800,0,1,Henry Chan,0,,,,0,0,0,0,0,0,0,0,0,0,0,0,-6255.916755,-0.001753398,-6255.916755,
BNPP-IPBFX-NMMF,420815847,USD,,,,,,NMMF,,2000985.8,PARIUK,SGD.C-SPAA,,NMCL,0,0,0,0,0,0,0,0,0,0,0,0,-1598.817692,0.083092618,-1598.817692,0,0,-4694.284708,,FORWARD,12,,NMMF,,,,0.782381,,,,,,,0,,2557560,-0.000216627,-4694.284708,-6000,-4694.284708,-6000,0,0,0,0,0,0,0,0,0,0,0,0,-4694.284708,-0.013737911,-4694.284708,HAHY7,HAHY7,XX,,New PB,2000000,HAHY7:XXNMMFNMCL0001,0,0,0,0,1.27578,BloombergBVAL,,2149429186,2088428191,,1461916275,,0,0,0,0,0,0,0,0,0,0,0,-4694.284708,-0.003201591,-4694.284708,2000000,,,,0,0,-3095.467017,Hybrid,USDSGD091626-196926186,TD 08/06/2026 VD 09/16/2026 SELL SGD VS .BUY USD @ 1.27878000,0,1,Henry Chan,0,,,,0,0,0,0,0,0,0,0,0,0,0,0,-4694.284708,-0.001315707,-4694.284708,
BNPP-IPBFX-NMMF,420815843,USD,,,,,,NMMF,,2001049.955,PARIUK,SGD.C-SPAA,,NMCL,0,0,0,0,0,0,0,0,0,0,0,0,-1598.874861,0.083095589,-1598.874861,0,0,-4758.439933,,FORWARD,12,,NMMF,,,,0.782381,,,,,,,0,,2557642,-0.000219588,-4758.439933,-6082,-4758.439933,-6082,0,0,0,0,0,0,0,0,0,0,0,0,-4758.439933,-0.013925663,-4758.439933,HAHY7,HAHY7,XX,,New PB,2000000,HAHY7:XXNMMFNMCL0001,0,0,0,0,1.27578,BloombergBVAL,,2149429186,2088428191,,1461916275,,0,0,0,0,0,0,0,0,0,0,0,-4758.439933,-0.003245346,-4758.439933,2000000,,,,0,0,-3159.565071,Hybrid,USDSGD091626-196926187,TD 08/06/2026 VD 09/16/2026 SELL SGD VS .BUY USD @ 1.27882100,0,1,Henry Chan,0,,,,0,0,0,0,0,0,0,0,0,0,0,0,-4758.439933,-0.001333688,-4758.439933,
BNPP-IPBFX-NMMF,420815841,USD,,,,,,NMMF,,2001173.571,PARIUK,SGD.C-SPAA,,NMCL,0,0,0,0,0,0,0,0,0,0,0,0,-1598.985018,0.083101314,-1598.985018,0,0,-4882.056097,,FORWARD,12,,NMMF,,,,0.782381,,,,,,,0,,2557800,-0.000225292,-4882.056097,-6240,-4882.056097,-6240,0,0,0,0,0,0,0,0,0,0,0,0,-4882.056097,-0.014287428,-4882.056097,HAHY7,HAHY7,XX,,New PB,2000000,HAHY7:XXNMMFNMCL0001,0,0,0,0,1.27578,BloombergBVAL,,2149429186,2088428191,,1461916275,,0,0,0,0,0,0,0,0,0,0,0,-4882.056097,-0.003329655,-4882.056097,2000000,,,,0,0,-3283.071078,Hybrid,USDSGD091626-196926188,TD 08/06/2026 VD 09/16/2026 SELL SGD VS .BUY USD @ 1.27890000,0,1,Henry Chan,0,,,,0,0,0,0,0,0,0,0,0,0,0,0,-4882.056097,-0.001368335,-4882.056097,
BNPP-IPBFX-NMMF,420815835,USD,,,,,,NMMF,,2000963.893,PARIUK,SGD.C-SPAA,,NMCL,0,0,0,0,0,0,0,0,0,0,0,0,-1598.79817,0.083091603,-1598.79817,0,0,-4672.378046,,FORWARD,12,,NMMF,,,,0.782381,,,,,,,0,,2557532,-0.000215616,-4672.378046,-5972,-4672.378046,-5972,0,0,0,0,0,0,0,0,0,0,0,0,-4672.378046,-0.013673801,-4672.378046,HAHY7,HAHY7,XX,,New PB,2000000,HAHY7:XXNMMFNMCL0001,0,0,0,0,1.27578,BloombergBVAL,,2149429186,2088428191,,1461916275,,0,0,0,0,0,0,0,0,0,0,0,-4672.378046,-0.00318665,-4672.378046,2000000,,,,0,0,-3073.579876,Hybrid,USDSGD091626-196926495,TD 08/06/2026 VD 09/16/2026 SELL SGD VS .BUY USD @ 1.27876600,0,1,Henry Chan,0,,,,0,0,0,0,0,0,0,0,0,0,0,0,-4672.378046,-0.001309567,-4672.378046,
BNPP-IPBFX-NMMF,420815839,USD,,,,,,NMMF,,2001128.193,PARIUK,SGD.C-SPAA,,NMCL,0,0,0,0,0,0,0,0,0,0,0,0,-1598.944581,0.083099212,-1598.944581,0,0,-4836.678011,,FORWARD,12,,NMMF,,,,0.782381,,,,,,,0,,2557742,-0.000223198,-4836.678011,-6182,-4836.678011,-6182,0,0,0,0,0,0,0,0,0,0,0,0,-4836.678011,-0.014154628,-4836.678011,HAHY7,HAHY7,XX,,New PB,2000000,HAHY7:XXNMMFNMCL0001,0,0,0,0,1.27578,BloombergBVAL,,2149429186,2088428191,,1461916275,,0,0,0,0,0,0,0,0,0,0,0,-4836.678011,-0.003298706,-4836.678011,2000000,,,,0,0,-3237.73343,Hybrid,USDSGD091626-196926499,TD 08/06/2026 VD 09/16/2026 SELL SGD VS .BUY USD @ 1.27887100,0,1,Henry Chan,0,,,,0,0,0,0,0,0,0,0,0,0,0,0,-4836.678011,-0.001355616,-4836.678011,
BNPP-IPBFX-NMMF,420815857,USD,,,,,,NMMF,,2000985.8,PARIUK,SGD.C-SPAA,,NMCL,0,0,0,0,0,0,0,0,0,0,0,0,-1598.817692,0.083092618,-1598.817692,0,0,-4694.284708,,FORWARD,12,,NMMF,,,,0.782381,,,,,,,0,,2557560,-0.000216627,-4694.284708,-6000,-4694.284708,-6000,0,0,0,0,0,0,0,0,0,0,0,0,-4694.284708,-0.013737911,-4694.284708,HAHY7,HAHY7,XX,,New PB,2000000,HAHY7:XXNMMFNMCL0001,0,0,0,0,1.27578,BloombergBVAL,,2149429186,2088428191,,1461916275,,0,0,0,0,0,0,0,0,0,0,0,-4694.284708,-0.003201591,-4694.284708,2000000,,,,0,0,-3095.467017,Hybrid,USDSGD091626-196926515,TD 08/06/2026 VD 09/16/2026 SELL SGD VS .BUY USD @ 1.27878000,0,1,Henry Chan,0,,,,0,0,0,0,0,0,0,0,0,0,0,0,-4694.284708,-0.001315707,-4694.284708,
BNPP-IPBFX-NMMF,420815859,USD,,,,,,NMMF,,2000798.028,PARIUK,SGD.C-SPAA,,NMCL,0,0,0,0,0,0,0,0,0,0,0,0,-1598.650365,0.083083922,-1598.650365,0,0,-4506.51332,,FORWARD,12,,NMMF,,,,0.782381,,,,,,,0,,2557320,-0.000207962,-4506.51332,-5760,-4506.51332,-5760,0,0,0,0,0,0,0,0,0,0,0,0,-4506.51332,-0.013188395,-4506.51332,HAHY7,HAHY7,XX,,New PB,2000000,HAHY7:XXNMMFNMCL0001,0,0,0,0,1.27578,BloombergBVAL,,2149429186,2088428191,,1461916275,,0,0,0,0,0,0,0,0,0,0,0,-4506.51332,-0.003073527,-4506.51332,2000000,,,,0,0,-2907.862955,Hybrid,USDSGD091626-196926516,TD 08/06/2026 VD 09/16/2026 SELL SGD VS .BUY USD @ 1.27866000,0,1,Henry Chan,0,,,,0,0,0,0,0,0,0,0,0,0,0,0,-4506.51332,-0.001263078,-4506.51332,
BNPP-IPBFX-NMMF,420816085,USD,,,,,,NMMF,,-2002617.846,PARIUK,SGD.C-SPAA,,NMCL,0,0,0,0,0,0,0,0,0,0,0,0,1600.272039,-0.083168202,1600.272039,0,0,6326.331025,,FORWARD,12,,NMMF,,,,0.782381,,,,,,,0,,-2559646,0.000291941,6326.331025,8086,6326.331025,8086,0,0,0,0,0,0,0,0,0,0,0,0,6326.331025,0.018514125,6326.331025,HAHY7,HAHY7,XX,,New PB,-2000000,HAHY7:XXNMMFNMCL0001,0,0,0,0,1.27578,BloombergBVAL,,2149429186,2088428191,,1461916275,,0,0,0,0,0,0,0,0,0,0,0,6326.331025,0.004314678,6326.331025,-2000000,,,,0,0,4726.058986,Hybrid,USDSGD091626-196998238,TD 08/07/2026 VD 09/16/2026 SELL USD VS .BUY SGD @ 1.27982300,0,1,Henry Chan,0,,,,0,0,0,0,0,0,0,0,0,0,0,0,6326.331025,0.001773134,6326.331025,
BNPP-IPBFX-NMMF,420816101,USD,,,,,,NMMF,,-2001614.834,PARIUK,SGD.C-SPAA,,NMCL,0,0,0,0,0,0,0,0,0,0,0,0,1599.378236,-0.08312175,1599.378236,0,0,5323.318859,,FORWARD,12,,NMMF,,,,0.782381,,,,,,,0,,-2558364,0.000245655,5323.318859,6804,5323.318859,6804,0,0,0,0,0,0,0,0,0,0,0,0,5323.318859,0.015578792,5323.318859,HAHY7,HAHY7,XX,,New PB,-2000000,HAHY7:XXNMMFNMCL0001,0,0,0,0,1.27578,BloombergBVAL,,2149429186,2088428191,,1461916275,,0,0,0,0,0,0,0,0,0,0,0,5323.318859,0.003630604,5323.318859,-2000000,,,,0,0,3723.940623,Hybrid,USDSGD091626-197000657,TD 08/07/2026 VD 09/16/2026 SELL USD VS .BUY SGD @ 1.27918200,0,1,Henry Chan,0,,,,0,0,0,0,0,0,0,0,0,0,0,0,5323.318859,0.001492011,5323.318859,
BNPP-IPBFX-NMMF,420816607,USD,,,,,,NMMF,,-1108059.265,PARIUK,SGD.C-SPAA,,NMCL,0,0,0,0,0,0,0,0,0,0,0,0,885.130991,-0.046001399,885.130991,0,0,162.392196,,FORWARD,12,,NMMF,,,,0.782381,,,,,,,0,,-1416265.95,7.49E-06,162.392196,207.561585,162.392196,207.561585,0,0,0,0,0,0,0,0,0,0,0,0,162.392196,0.000475244,162.392196,HAHY7,HAHY7,XX,,New PB,-1109954.999,HAHY7:XXNMMFNMCL0001,0,0,0,0,1.27578,BloombergBVAL,,2149429186,2088428191,,1461916275,,0,0,0,0,0,0,0,0,0,0,0,162.392196,0.000110755,162.392196,-1109954.999,,,,0,0,-722.738796,Hybrid,USDSGD091626-197297999,TD 08/14/2026 VD 09/16/2026 SELL USD VS .BUY SGD @ 1.27596700,0,1,Henry Chan,0,,,,0,0,0,0,0,0,0,0,0,0,0,0,162.392196,4.55E-05,162.392196,
BNPP-IPBFX-NMMF,420816611,USD,,,,,,NMMF,,-990151.2186,PARIUK,SGD.C-SPAA,,NMCL,0,0,0,0,0,0,0,0,0,0,0,0,790.943917,-0.041106376,790.943917,0,0,137.353191,,FORWARD,12,,NMMF,,,,0.782381,,,,,,,0,,-1265561.78,6.34E-06,137.353191,175.557981,137.353191,175.557981,0,0,0,0,0,0,0,0,0,0,0,0,137.353191,0.000401967,137.353191,HAHY7,HAHY7,XX,,New PB,-991853.0013,HAHY7:XXNMMFNMCL0001,0,0,0,0,1.27578,BloombergBVAL,,2149429186,2088428191,,1461916275,,0,0,0,0,0,0,0,0,0,0,0,137.353191,9.37E-05,137.353191,-991853.0013,,,,0,0,-653.590726,Hybrid,USDSGD091626-197298476,TD 08/14/2026 VD 09/16/2026 SELL USD VS .BUY SGD @ 1.27595700,0,1,Henry Chan,0,,,,0,0,0,0,0,0,0,0,0,0,0,0,137.353191,3.85E-05,137.353191,
BNPP-IPBFX-NMMF,420816601,USD,,,,,,NMMF,,-919231.5378,PARIUK,SGD.C-SPAA,,NMCL,0,0,0,0,0,0,0,0,0,0,0,0,734.29381,-0.038162196,734.29381,0,0,141.921534,,FORWARD,12,,NMMF,,,,0.782381,,,,,,,0,,-1174915.79,6.55E-06,141.921534,181.397008,141.921534,181.397008,0,0,0,0,0,0,0,0,0,0,0,0,141.921534,0.000415336,141.921534,HAHY7,HAHY7,XX,,New PB,-920796.9971,HAHY7:XXNMMFNMCL0001,0,0,0,0,1.27578,BloombergBVAL,,2149429186,2088428191,,1461916275,,0,0,0,0,0,0,0,0,0,0,0,141.921534,9.68E-05,141.921534,-920796.9971,,,,0,0,-592.372276,Hybrid,USDSGD091626-197298488,TD 08/14/2026 VD 09/16/2026 SELL USD VS .BUY SGD @ 1.27597700,0,1,Henry Chan,0,,,,0,0,0,0,0,0,0,0,0,0,0,0,141.921534,3.98E-05,141.921534,
BNPP-IPBFX-NMMF,420816603,USD,,,,,,NMMF,,-975434.8551,PARIUK,SGD.C-SPAA,,NMCL,0,0,0,0,0,0,0,0,0,0,0,0,779.187615,-0.040495385,779.187615,0,0,127.668015,,FORWARD,12,,NMMF,,,,0.782381,,,,,,,0,,-1246752.06,5.89E-06,127.668015,163.178873,127.668015,163.178873,0,0,0,0,0,0,0,0,0,0,0,0,127.668015,0.000373623,127.668015,HAHY7,HAHY7,XX,,New PB,-977119.0026,HAHY7:XXNMMFNMCL0001,0,0,0,0,1.27578,BloombergBVAL,,2149429186,2088428191,,1461916275,,0,0,0,0,0,0,0,0,0,0,0,127.668015,8.71E-05,127.668015,-977119.0026,,,,0,0,-651.5196,Hybrid,USDSGD091626-197298511,TD 08/14/2026 VD 09/16/2026 SELL USD VS .BUY SGD @ 1.27594700,0,1,Henry Chan,0,,,,0,0,0,0,0,0,0,0,0,0,0,0,127.668015,3.58E-05,127.668015,
BNPP-IPBFX-NMMF,420816619,USD,,,,,,NMMF,,-1052568.939,PARIUK,SGD.C-SPAA,,NMCL,0,0,0,0,0,0,0,0,0,0,0,0,840.803894,-0.043697663,840.803894,0,0,146.01174,,FORWARD,12,,NMMF,,,,0.782381,,,,,,,0,,-1345340.99,6.74E-06,146.01174,186.624906,146.01174,186.624906,0,0,0,0,0,0,0,0,0,0,0,0,146.01174,0.000427306,146.01174,HAHY7,HAHY7,XX,,New PB,-1054378,HAHY7:XXNMMFNMCL0001,0,0,0,0,1.27578,BloombergBVAL,,2149429186,2088428191,,1461916275,,0,0,0,0,0,0,0,0,0,0,0,146.01174,9.96E-05,146.01174,-1054378,,,,0,0,-694.792154,Hybrid,USDSGD091626-197300186,TD 08/14/2026 VD 09/16/2026 SELL USD VS .BUY SGD @ 1.27595700,0,1,Henry Chan,0,,,,0,0,0,0,0,0,0,0,0,0,0,0,146.01174,4.09E-05,146.01174,
BNPP-IPBFX-NMMF,420816623,USD,,,,,,NMMF,,-913717.7561,PARIUK,SGD.C-SPAA,,NMCL,0,0,0,0,0,0,0,0,0,0,0,0,729.88867,-0.037933256,729.88867,0,0,133.910376,,FORWARD,12,,NMMF,,,,0.782381,,,,,,,0,,-1167868.35,6.18E-06,133.910376,171.157547,133.910376,171.157547,0,0,0,0,0,0,0,0,0,0,0,0,133.910376,0.000391891,133.910376,HAHY7,HAHY7,XX,,New PB,-915280.9986,HAHY7:XXNMMFNMCL0001,0,0,0,0,1.27578,BloombergBVAL,,2149429186,2088428191,,1461916275,,0,0,0,0,0,0,0,0,0,0,0,133.910376,9.13E-05,133.910376,-915280.9986,,,,0,0,-595.978294,Hybrid,USDSGD091626-197300187,TD 08/14/2026 VD 09/16/2026 SELL USD VS .BUY SGD @ 1.27596700,0,1,Henry Chan,0,,,,0,0,0,0,0,0,0,0,0,0,0,0,133.910376,3.75E-05,133.910376,
BNPP-IPBFX-NMMF,420816615,USD,,,,,,NMMF,,-1119923.593,PARIUK,SGD.C-SPAA,,NMCL,0,0,0,0,0,0,0,0,0,0,0,0,894.605927,-0.046493824,894.605927,0,0,137.803045,,FORWARD,12,,NMMF,,,,0.782381,,,,,,,0,,-1431430.34,6.36E-06,137.803045,176.132962,137.803045,176.132962,0,0,0,0,0,0,0,0,0,0,0,0,137.803045,0.000403283,137.803045,HAHY7,HAHY7,XX,,New PB,-1121866.001,HAHY7:XXNMMFNMCL0001,0,0,0,0,1.27578,BloombergBVAL,,2149429186,2088428191,,1461916275,,0,0,0,0,0,0,0,0,0,0,0,137.803045,9.40E-05,137.803045,-1121866.001,,,,0,0,-756.802882,Hybrid,USDSGD091626-197300196,TD 08/14/2026 VD 09/16/2026 SELL USD VS .BUY SGD @ 1.27593700,0,1,Henry Chan,0,,,,0,0,0,0,0,0,0,0,0,0,0,0,137.803045,3.86E-05,137.803045,
BNPP-IPBFX-NMMF,420816621,USD,,,,,,NMMF,,-815629.1828,PARIUK,SGD.C-SPAA,,NMCL,0,0,0,0,0,0,0,0,0,0,0,0,651.536705,-0.033861203,651.536705,0,0,145.09938,,FORWARD,12,,NMMF,,,,0.782381,,,,,,,0,,-1042496.44,6.70E-06,145.09938,185.458772,145.09938,185.458772,0,0,0,0,0,0,0,0,0,0,0,0,145.09938,0.000424636,145.09938,HAHY7,HAHY7,XX,,New PB,-816998.9977,HAHY7:XXNMMFNMCL0001,0,0,0,0,1.27578,BloombergBVAL,,2149429186,2088428191,,1461916275,,0,0,0,0,0,0,0,0,0,0,0,145.09938,9.90E-05,145.09938,-816998.9977,,,,0,0,-506.437325,Hybrid,USDSGD091626-197300305,TD 08/14/2026 VD 09/16/2026 SELL USD VS .BUY SGD @ 1.27600700,0,1,Henry Chan,0,,,,0,0,0,0,0,0,0,0,0,0,0,0,145.09938,4.07E-05,145.09938,
BNPP-IPBFX-NMMF,420816605,USD,,,,,,NMMF,,-1089940.742,PARIUK,SGD.C-SPAA,,NMCL,0,0,0,0,0,0,0,0,0,0,0,0,212.687662,-0.011053652,212.687662,0,0,213.114364,,FORWARD,12,,NMMF,,,,0.782381,,,,,,,0,,-1393107.76,9.83E-06,213.114364,272.392124,213.114364,272.392124,0,0,0,0,0,0,0,0,0,0,0,0,213.114364,0.000623683,213.114364,HAHY7,HAHY7,XX,,New PB,-1091752.001,HAHY7:XXNMMFNMCL0001,0,0,0,0,1.27578,BloombergBVAL,,2149429186,2088428191,,1461916275,,0,0,0,0,0,0,0,0,0,0,0,213.114364,0.000145348,213.114364,-1091752.001,,,,0,0,0.426702,Hybrid,USDSGD091626-197357983,TD 08/14/2026 VD 09/16/2026 SELL USD VS .BUY SGD @ 1.27602950,0,1,Henry Chan,0,,,,0,0,0,0,0,0,0,0,0,0,0,0,213.114364,5.97E-05,213.114364,
BNPP-IPBFX-NMMF,420816693,USD,,,,,,NMMF,,1044416.485,PARIUK,SGD.C-SPAA,,NMCL,0,0,0,0,0,0,0,0,0,0,0,0,761.899306,-0.03959689,761.899306,0,0,761.899306,,FORWARD,12,,NMMF,,,,0.782381,,,,,,,0,,1334920.93,3.52E-05,761.899306,973.821599,761.899306,973.821599,0,0,0,0,0,0,0,0,0,0,0,0,761.899306,0.002229712,761.899306,HAHY7,HAHY7,XX,,New PB,1047119.998,HAHY7:XXNMMFNMCL0001,0,0,0,0,1.27578,BloombergBVAL,,2149429186,2088428191,,1461916275,,0,0,0,0,0,0,0,0,0,0,0,761.899306,0.00051963,761.899306,1047119.998,,,,0,0,0,Hybrid,USDSGD091626-197396452,TD 08/17/2026 VD 09/16/2026 SELL SGD VS .BUY USD @ 1.27485000,0,1,Henry Chan,0,,,,0,0,0,0,0,0,0,0,0,0,0,0,761.899306,0.000213544,761.899306,
BNPP-IPBFX-NMMF,420816699,USD,,,,,,NMMF,,1008823.597,PARIUK,SGD.C-SPAA,,NMCL,0,0,0,0,0,0,0,0,0,0,0,0,709.010343,-0.036848182,709.010343,0,0,709.010343,,FORWARD,12,,NMMF,,,,0.782381,,,,,,,0,,1289427.88,3.27E-05,709.010343,906.22157,709.010343,906.22157,0,0,0,0,0,0,0,0,0,0,0,0,709.010343,0.002074932,709.010343,HAHY7,HAHY7,XX,,New PB,1011408.003,HAHY7:XXNMMFNMCL0001,0,0,0,0,1.27578,BloombergBVAL,,2149429186,2088428191,,1461916275,,0,0,0,0,0,0,0,0,0,0,0,709.010343,0.000483558,709.010343,1011408.003,,,,0,0,0,Hybrid,USDSGD091626-197396453,TD 08/17/2026 VD 09/16/2026 SELL SGD VS .BUY USD @ 1.27488400,0,1,Henry Chan,0,,,,0,0,0,0,0,0,0,0,0,0,0,0,709.010343,0.00019872,709.010343,
BNPP-IPBFX-NMMF,420816681,USD,,,,,,NMMF,,919777.2092,PARIUK,SGD.C-SPAA,,NMCL,0,0,0,0,0,0,0,0,0,0,0,0,720.796303,-0.037460714,720.796303,0,0,720.796303,,FORWARD,12,,NMMF,,,,0.782381,,,,,,,0,,1175613.24,3.33E-05,720.796303,921.285795,720.796303,921.285795,0,0,0,0,0,0,0,0,0,0,0,0,720.796303,0.002109424,720.796303,HAHY7,HAHY7,XX,,New PB,922208.0028,HAHY7:XXNMMFNMCL0001,0,0,0,0,1.27578,BloombergBVAL,,2149429186,2088428191,,1461916275,,0,0,0,0,0,0,0,0,0,0,0,720.796303,0.000491597,720.796303,922208.0028,,,,0,0,0,Hybrid,USDSGD091626-197396455,TD 08/17/2026 VD 09/16/2026 SELL SGD VS .BUY USD @ 1.27478100,0,1,Henry Chan,0,,,,0,0,0,0,0,0,0,0,0,0,0,0,720.796303,0.000202024,720.796303,
BNPP-IPBFX-NMMF,420816689,USD,,,,,,NMMF,,922031.5612,PARIUK,SGD.C-SPAA,,NMCL,0,0,0,0,0,0,0,0,0,0,0,0,673.343575,-0.034994534,673.343575,0,0,673.343575,,FORWARD,12,,NMMF,,,,0.782381,,,,,,,0,,1178494.64,3.11E-05,673.343575,860.634091,673.343575,860.634091,0,0,0,0,0,0,0,0,0,0,0,0,673.343575,0.001970552,673.343575,HAHY7,HAHY7,XX,,New PB,924419.0018,HAHY7:XXNMMFNMCL0001,0,0,0,0,1.27578,BloombergBVAL,,2149429186,2088428191,,1461916275,,0,0,0,0,0,0,0,0,0,0,0,673.343575,0.000459233,673.343575,924419.0018,,,,0,0,0,Hybrid,USDSGD091626-197397203,TD 08/17/2026 VD 09/16/2026 SELL SGD VS .BUY USD @ 1.27484900,0,1,Henry Chan,0,,,,0,0,0,0,0,0,0,0,0,0,0,0,673.343575,0.000188724,673.343575,
BNPP-IPBFX-NMMF,420816713,USD,,,,,,NMMF,,1006502.961,PARIUK,SGD.C-SPAA,,NMCL,0,0,0,0,0,0,0,0,0,0,0,0,727.920859,-0.037830986,727.920859,0,0,727.920859,,FORWARD,12,,NMMF,,,,0.782381,,,,,,,0,,1286461.76,3.36E-05,727.920859,930.392046,727.920859,930.392046,0,0,0,0,0,0,0,0,0,0,0,0,727.920859,0.002130274,727.920859,HAHY7,HAHY7,XX,,New PB,1009102.002,HAHY7:XXNMMFNMCL0001,0,0,0,0,1.27578,BloombergBVAL,,2149429186,2088428191,,1461916275,,0,0,0,0,0,0,0,0,0,0,0,727.920859,0.000496456,727.920859,1009102.002,,,,0,0,0,Hybrid,USDSGD091626-197397313,TD 08/17/2026 VD 09/16/2026 SELL SGD VS .BUY USD @ 1.27485800,0,1,Henry Chan,0,,,,0,0,0,0,0,0,0,0,0,0,0,0,727.920859,0.00020402,727.920859,
BNPP-IPBFX-NMMF,420816707,USD,,,,,,NMMF,,827950.976,PARIUK,SGD.C-SPAA,,NMCL,0,0,0,0,0,0,0,0,0,0,0,0,596.839143,-0.0310185,596.839143,0,0,596.839143,,FORWARD,12,,NMMF,,,,0.782381,,,,,,,0,,1058245.54,2.75E-05,596.839143,762.849951,596.839143,762.849951,0,0,0,0,0,0,0,0,0,0,0,0,596.839143,0.001746661,596.839143,HAHY7,HAHY7,XX,,New PB,830086.9977,HAHY7:XXNMMFNMCL0001,0,0,0,0,1.27578,BloombergBVAL,,2149429186,2088428191,,1461916275,,0,0,0,0,0,0,0,0,0,0,0,596.839143,0.000407056,596.839143,830086.9977,,,,0,0,0,Hybrid,USDSGD091626-197397314,TD 08/17/2026 VD 09/16/2026 SELL SGD VS .BUY USD @ 1.27486100,0,1,Henry Chan,0,,,,0,0,0,0,0,0,0,0,0,0,0,0,596.839143,0.000167281,596.839143,
BNPP-IPBFX-NMMF,420816701,USD,,,,,,NMMF,,1154175.981,PARIUK,SGD.C-SPAA,,NMCL,0,0,0,0,0,0,0,0,0,0,0,0,887.270522,-0.046112594,887.270522,0,0,887.270522,,FORWARD,12,,NMMF,,,,0.782381,,,,,,,0,,1475210.03,4.09E-05,887.270522,1134.064818,887.270522,1134.064818,0,0,0,0,0,0,0,0,0,0,0,0,887.270522,0.002596614,887.270522,HAHY7,HAHY7,XX,,New PB,1157208.997,HAHY7:XXNMMFNMCL0001,0,0,0,0,1.27578,BloombergBVAL,,2149429186,2088428191,,1461916275,,0,0,0,0,0,0,0,0,0,0,0,887.270522,0.000605135,887.270522,1157208.997,,,,0,0,0,Hybrid,USDSGD091626-197397322,TD 08/17/2026 VD 09/16/2026 SELL SGD VS .BUY USD @ 1.27480000,0,1,Henry Chan,0,,,,0,0,0,0,0,0,0,0,0,0,0,0,887.270522,0.000248683,887.270522,
BNPP-IPBFX-NMMF,420816685,USD,,,,,,NMMF,,1095559.402,PARIUK,SGD.C-SPAA,,NMCL,0,0,0,0,0,0,0,0,0,0,0,0,850.809787,-0.044217682,850.809787,0,0,850.809787,,FORWARD,12,,NMMF,,,,0.782381,,,,,,,0,,1400289.25,3.93E-05,850.809787,1087.462529,850.809787,1087.462529,0,0,0,0,0,0,0,0,0,0,0,0,850.809787,0.002489911,850.809787,HAHY7,HAHY7,XX,,New PB,1098446.999,HAHY7:XXNMMFNMCL0001,0,0,0,0,1.27578,BloombergBVAL,,2149429186,2088428191,,1461916275,,0,0,0,0,0,0,0,0,0,0,0,850.809787,0.000580268,850.809787,1098446.999,,,,0,0,0,Hybrid,USDSGD091626-197397652,TD 08/17/2026 VD 09/16/2026 SELL SGD VS .BUY USD @ 1.27479000,0,1,Henry Chan,0,,,,0,0,0,0,0,0,0,0,0,0,0,0,850.809787,0.000238464,850.809787,
BNPP-IPBFX-NMMF,420815435,USD,,,,,,NMMF,,-2038357.645,PARIUK,TWD.C-TTAA,,NMCL,0,0,0,0,0,0,0,0,0,0,0,0,12867.70455,-0.668751204,12867.70455,0,0,45610.16672,,FORWARD,12,,NMMF,,,,0.03141,,,,,,,0,,-64895600,0.002104773,45610.16672,1452100,45610.16672,1452100,0,0,0,0,0,0,0,0,0,0,0,0,35882.75285,0.105011543,35882.75285,HAHY7,HAHY7,XX,,New PB,-2000000,HAHY7:XXNMMFNMCL0001,9727.413873,314263.56,0,0,31.72175,BloombergBVAL,,2149429186,2088428191,32.290668,1461916275,,0,0,0,0,0,0,0,0,0,0,0,45610.16672,0.031106997,45610.16672,-2000000,,,,0,0,32742.46218,Hybrid,USDTWD091626-196608824,TD 07/30/2026 VD 09/16/2026 SELL USD VS .BUY TWD @ 32.44780000,0,1,Henry Chan,0,,,,0,0,0,0,0,0,0,0,0,0,0,0,45610.16672,0.012783544,45610.16672,
BNPP-IPBFX-NMMF,420815433,USD,,,,,,NMMF,,-1019328.427,PARIUK,TWD.C-TTAA,,NMCL,0,0,0,0,0,0,0,0,0,0,0,0,6434.761154,-0.334422838,6434.761154,0,0,22954.68823,,FORWARD,12,,NMMF,,,,0.03141,,,,,,,0,,-32452563,0.00105929,22954.68823,730813,22954.68823,730813,0,0,0,0,0,0,0,0,0,0,0,0,17944.12024,0.052513802,17944.12024,HAHY7,HAHY7,XX,,New PB,-1000000,HAHY7:XXNMMFNMCL0001,5010.567988,161876.42,0,0,31.72175,BloombergBVAL,,2149429186,2088428191,32.290687,1461916275,,0,0,0,0,0,0,0,0,0,0,0,22954.68823,0.015655532,22954.68823,-1000000,,,,0,0,16519.92707,Hybrid,USDTWD091626-196608937,TD 07/30/2026 VD 09/16/2026 SELL USD VS .BUY TWD @ 32.45256300,0,1,Henry Chan,0,,,,0,0,0,0,0,0,0,0,0,0,0,0,22954.68823,0.006433703,22954.68823,
BNPP-IPBFX-NMMF,420815429,USD,,,,,,NMMF,,-2039029.814,PARIUK,TWD.C-TTAA,,NMCL,0,0,0,0,0,0,0,0,0,0,0,0,12871.78812,-0.668963432,12871.78812,0,0,46282.33639,,FORWARD,12,,NMMF,,,,0.03141,,,,,,,0,,-64917000,0.002135791,46282.33639,1473500,46282.33639,1473500,0,0,0,0,0,0,0,0,0,0,0,0,35895.0813,0.105047623,35895.0813,HAHY7,HAHY7,XX,,New PB,-2000000,HAHY7:XXNMMFNMCL0001,10387.25508,335581.05,0,0,31.72175,BloombergBVAL,,2149429186,2088428191,32.290709,1461916275,,0,0,0,0,0,0,0,0,0,0,0,46282.33639,0.03156543,46282.33639,-2000000,,,,0,0,33410.54827,Hybrid,USDTWD091626-196608945,TD 07/30/2026 VD 09/16/2026 SELL USD VS .BUY TWD @ 32.45850000,0,1,Henry Chan,0,,,,0,0,0,0,0,0,0,0,0,0,0,0,46282.33639,0.012971938,46282.33639,
BNPP-IPBFX-NMMF,420815439,USD,,,,,,NMMF,,-2038571.231,PARIUK,TWD.C-TTAA,,NMCL,0,0,0,0,0,0,0,0,0,0,0,0,12869.00213,-0.668818641,12869.00213,0,0,45823.75335,,FORWARD,12,,NMMF,,,,0.03141,,,,,,,0,,-64902400,0.002114629,45823.75335,1458900,45823.75335,1458900,0,0,0,0,0,0,0,0,0,0,0,0,35886.67036,0.105023008,35886.67036,HAHY7,HAHY7,XX,,New PB,-2000000,HAHY7:XXNMMFNMCL0001,9937.082985,321037.34,0,0,31.72175,BloombergBVAL,,2149429186,2088428191,32.290681,1461916275,,0,0,0,0,0,0,0,0,0,0,0,45823.75335,0.031252667,45823.75335,-2000000,,,,0,0,32954.75122,Hybrid,USDTWD091626-196609144,TD 07/30/2026 VD 09/16/2026 SELL USD VS .BUY TWD @ 32.45120000,0,1,Henry Chan,0,,,,0,0,0,0,0,0,0,0,0,0,0,0,45823.75335,0.012843408,45823.75335,
BNPP-IPBFX-NMMF,,USD,,,,,,NMMF,,2030291.609,PARIUK,TWD.C-TTAA,,NMCL,0,0,0,0,0,0,0,0,0,0,0,0,-12818.70166,0.66620446,-12818.70166,0,0,-37544.13077,,FORWARD,12,,NMMF,,,,0.03141,,,,,,,0,,64638800,-0.001732549,-37544.13077,-1195300,-37544.13077,-1195300,0,0,0,0,0,0,0,0,0,0,0,0,-37544.13077,-0.109873597,-37544.13077,HAHY7,HAHY7,XX,,New PB,2000000,HAHY7:XXNMMFNMCL0001,0,0,0,0,31.72175,BloombergBVAL,,2149429186,2088428191,,1461916275,,0,0,0,0,0,0,0,0,0,0,0,-37544.13077,-0.025605808,-37544.13077,2000000,,,,0,0,-24725.42911,Hybrid,USDTWD091626-196859371,TD 08/04/2026 VD 09/16/2026 SELL TWD VS .BUY USD @ 32.31940000,0,1,Henry Chan,0,,,,0,0,0,0,0,0,0,0,0,0,0,0,-37544.13077,-0.010522808,-37544.13077,
BNPP-IPBFX-NMMF,,USD,,,,,,NMMF,,2030410.966,PARIUK,TWD.C-TTAA,,NMCL,0,0,0,0,0,0,0,0,0,0,0,0,-12819.42678,0.666242146,-12819.42678,0,0,-37663.488,,FORWARD,12,,NMMF,,,,0.03141,,,,,,,0,,64642600,-0.001738057,-37663.488,-1199100,-37663.488,-1199100,0,0,0,0,0,0,0,0,0,0,0,0,-37663.488,-0.110222898,-37663.488,HAHY7,HAHY7,XX,,New PB,2000000,HAHY7:XXNMMFNMCL0001,0,0,0,0,31.72175,BloombergBVAL,,2149429186,2088428191,,1461916275,,0,0,0,0,0,0,0,0,0,0,0,-37663.488,-0.025687212,-37663.488,2000000,,,,0,0,-24844.06121,Hybrid,USDTWD091626-196865031,TD 08/04/2026 VD 09/16/2026 SELL TWD VS .BUY USD @ 32.32130000,0,1,Henry Chan,0,,,,0,0,0,0,0,0,0,0,0,0,0,0,-37663.488,-0.010556262,-37663.488,
BNPP-IPBFX-NMMF,420815919,USD,,,,,,NMMF,,-1008781.583,PARIUK,TWD.C-TTAA,,NMCL,0,0,0,0,0,0,0,0,0,0,0,0,6370.686829,-0.331092812,6370.686829,0,0,12407.84366,,FORWARD,12,,NMMF,,,,0.03141,,,,,,,0,,-32116781,0.000572585,12407.84366,395031,12407.84366,395031,0,0,0,0,0,0,0,0,0,0,0,0,12407.84366,0.036311785,12407.84366,HAHY7,HAHY7,XX,,New PB,-1000000,HAHY7:XXNMMFNMCL0001,0,0,0,0,31.72175,BloombergBVAL,,2149429186,2088428191,,1461916275,,0,0,0,0,0,0,0,0,0,0,0,12407.84366,0.008462384,12407.84366,-1000000,,,,0,0,6037.156825,Hybrid,USDTWD091626-196932936,TD 08/06/2026 VD 09/16/2026 SELL USD VS .BUY TWD @ 32.11678100,0,1,Henry Chan,0,,,,0,0,0,0,0,0,0,0,0,0,0,0,12407.84366,0.00347765,12407.84366,
BNPP-IPBFX-NMMF,420815935,USD,,,,,,NMMF,,-1008788.618,PARIUK,TWD.C-TTAA,,NMCL,0,0,0,0,0,0,0,0,0,0,0,0,6370.729573,-0.331095034,6370.729573,0,0,12414.87945,,FORWARD,12,,NMMF,,,,0.03141,,,,,,,0,,-32117005,0.00057291,12414.87945,395255,12414.87945,395255,0,0,0,0,0,0,0,0,0,0,0,0,12414.87945,0.036332376,12414.87945,HAHY7,HAHY7,XX,,New PB,-1000000,HAHY7:XXNMMFNMCL0001,0,0,0,0,31.72175,BloombergBVAL,,2149429186,2088428191,,1461916275,,0,0,0,0,0,0,0,0,0,0,0,12414.87945,0.008467183,12414.87945,-1000000,,,,0,0,6044.149876,Hybrid,USDTWD091626-196933086,TD 08/06/2026 VD 09/16/2026 SELL USD VS .BUY TWD @ 32.11700500,0,1,Henry Chan,0,,,,0,0,0,0,0,0,0,0,0,0,0,0,12414.87945,0.003479622,12414.87945,
BNPP-IPBFX-NMMF,420815929,USD,,,,,,NMMF,,-1008867.771,PARIUK,TWD.C-TTAA,,NMCL,0,0,0,0,0,0,0,0,0,0,0,0,6371.210443,-0.331120025,6371.210443,0,0,12494.03214,,FORWARD,12,,NMMF,,,,0.03141,,,,,,,0,,-32119525,0.000576562,12494.03214,397775,12494.03214,397775,0,0,0,0,0,0,0,0,0,0,0,0,12494.03214,0.036564017,12494.03214,HAHY7,HAHY7,XX,,New PB,-1000000,HAHY7:XXNMMFNMCL0001,0,0,0,0,31.72175,BloombergBVAL,,2149429186,2088428191,,1461916275,,0,0,0,0,0,0,0,0,0,0,0,12494.03214,0.008521166,12494.03214,-1000000,,,,0,0,6122.821696,Hybrid,USDTWD091626-196933094,TD 08/06/2026 VD 09/16/2026 SELL USD VS .BUY TWD @ 32.11952500,0,1,Henry Chan,0,,,,0,0,0,0,0,0,0,0,0,0,0,0,12494.03214,0.003501807,12494.03214,
BNPP-IPBFX-NMMF,420815931,USD,,,,,,NMMF,,-1008923.68,PARIUK,TWD.C-TTAA,,NMCL,0,0,0,0,0,0,0,0,0,0,0,0,6371.550104,-0.331137678,6371.550104,0,0,12549.94158,,FORWARD,12,,NMMF,,,,0.03141,,,,,,,0,,-32121305,0.000579142,12549.94158,399555,12549.94158,399555,0,0,0,0,0,0,0,0,0,0,0,0,12549.94158,0.036727637,12549.94158,HAHY7,HAHY7,XX,,New PB,-1000000,HAHY7:XXNMMFNMCL0001,0,0,0,0,31.72175,BloombergBVAL,,2149429186,2088428191,,1461916275,,0,0,0,0,0,0,0,0,0,0,0,12549.94158,0.008559298,12549.94158,-1000000,,,,0,0,6178.391473,Hybrid,USDTWD091626-196933176,TD 08/06/2026 VD 09/16/2026 SELL USD VS .BUY TWD @ 32.12130500,0,1,Henry Chan,0,,,,0,0,0,0,0,0,0,0,0,0,0,0,12549.94158,0.003517477,12549.94158,
BNPP-IPBFX-NMMF,420815923,USD,,,,,,NMMF,,-3010440.617,PARIUK,TWD.C-TTAA,,NMCL,0,0,0,0,0,0,0,0,0,0,0,0,19015.43951,-0.98825692,19015.43951,0,0,21319.39995,,FORWARD,12,,NMMF,,,,0.03141,,,,,,,0,,-95844000,0.000983827,21319.39995,678750,21319.39995,678750,0,0,0,0,0,0,0,0,0,0,0,0,21319.39995,0.06239162,21319.39995,HAHY7,HAHY7,XX,,New PB,-3000000,HAHY7:XXNMMFNMCL0001,0,0,0,0,31.72175,BloombergBVAL,,2149429186,2088428191,,1461916275,,0,0,0,0,0,0,0,0,0,0,0,21319.39995,0.014540234,21319.39995,-3000000,,,,0,0,2303.960439,Hybrid,USDTWD091626-196933186,TD 08/06/2026 VD 09/16/2026 SELL USD VS .BUY TWD @ 31.94800000,0,1,Henry Chan,0,,,,0,0,0,0,0,0,0,0,0,0,0,0,21319.39995,0.005975367,21319.39995,
BNPP-IPBFX-NMMF,420815915,USD,,,,,,NMMF,,-1009092.885,PARIUK,TWD.C-TTAA,,NMCL,0,0,0,0,0,0,0,0,0,0,0,0,6372.578058,-0.331191102,6372.578058,0,0,12719.14616,,FORWARD,12,,NMMF,,,,0.03141,,,,,,,0,,-32126692,0.000586951,12719.14616,404942,12719.14616,404942,0,0,0,0,0,0,0,0,0,0,0,0,12719.14616,0.037222818,12719.14616,HAHY7,HAHY7,XX,,New PB,-1000000,HAHY7:XXNMMFNMCL0001,0,0,0,0,31.72175,BloombergBVAL,,2149429186,2088428191,,1461916275,,0,0,0,0,0,0,0,0,0,0,0,12719.14616,0.008674699,12719.14616,-1000000,,,,0,0,6346.568098,Hybrid,USDTWD091626-196933187,TD 08/06/2026 VD 09/16/2026 SELL USD VS .BUY TWD @ 32.12669200,0,1,Henry Chan,0,,,,0,0,0,0,0,0,0,0,0,0,0,0,12719.14616,0.003564902,12719.14616,
BNPP-IPBFX-NMMF,420815933,USD,,,,,,NMMF,,-1008578.927,PARIUK,TWD.C-TTAA,,NMCL,0,0,0,0,0,0,0,0,0,0,0,0,6369.455651,-0.331028826,6369.455651,0,0,12205.18764,,FORWARD,12,,NMMF,,,,0.03141,,,,,,,0,,-32110329,0.000563233,12205.18764,388579,12205.18764,388579,0,0,0,0,0,0,0,0,0,0,0,0,12205.18764,0.035718709,12205.18764,HAHY7,HAHY7,XX,,New PB,-1000000,HAHY7:XXNMMFNMCL0001,0,0,0,0,31.72175,BloombergBVAL,,2149429186,2088428191,,1461916275,,0,0,0,0,0,0,0,0,0,0,0,12205.18764,0.008324169,12205.18764,-1000000,,,,0,0,5835.731991,Hybrid,USDTWD091626-196933234,TD 08/06/2026 VD 09/16/2026 SELL USD VS .BUY TWD @ 32.11032900,0,1,Henry Chan,0,,,,0,0,0,0,0,0,0,0,0,0,0,0,12205.18764,0.00342085,12205.18764,
BNPP-IPBFX-NMMF,420815927,USD,,,,,,NMMF,,-1008948.84,PARIUK,TWD.C-TTAA,,NMCL,0,0,0,0,0,0,0,0,0,0,0,0,6371.702952,-0.331145621,6371.702952,0,0,12575.10083,,FORWARD,12,,NMMF,,,,0.03141,,,,,,,0,,-32122106,0.000580303,12575.10083,400356,12575.10083,400356,0,0,0,0,0,0,0,0,0,0,0,0,12575.10083,0.036801266,12575.10083,HAHY7,HAHY7,XX,,New PB,-1000000,HAHY7:XXNMMFNMCL0001,0,0,0,0,31.72175,BloombergBVAL,,2149429186,2088428191,,1461916275,,0,0,0,0,0,0,0,0,0,0,0,12575.10083,0.008576457,12575.10083,-1000000,,,,0,0,6203.397873,Hybrid,USDTWD091626-196933235,TD 08/06/2026 VD 09/16/2026 SELL USD VS .BUY TWD @ 32.12210600,0,1,Henry Chan,0,,,,0,0,0,0,0,0,0,0,0,0,0,0,12575.10083,0.003524529,12575.10083,
BNPP-IPBFX-NMMF,420816083,USD,,,,,,NMMF,,1010066.714,PARIUK,TWD.C-TTAA,,NMCL,0,0,0,0,0,0,0,0,0,0,0,0,-6378.494279,0.331498575,-6378.494279,0,0,-13692.97551,,FORWARD,12,,NMMF,,,,0.03141,,,,,,,0,,32157696,-0.00063189,-13692.97551,-435946,-13692.97551,-435946,0,0,0,0,0,0,0,0,0,0,0,0,-13692.97551,-0.040072747,-13692.97551,HAHY7,HAHY7,XX,,New PB,1000000,HAHY7:XXNMMFNMCL0001,0,0,0,0,31.72175,BloombergBVAL,,2149429186,2088428191,,1461916275,,0,0,0,0,0,0,0,0,0,0,0,-13692.97551,-0.009338869,-13692.97551,1000000,,,,0,0,-7314.481234,Hybrid,USDTWD091626-196998473,TD 08/07/2026 VD 09/16/2026 SELL TWD VS .BUY USD @ 32.15769600,0,1,Henry Chan,0,,,,0,0,0,0,0,0,0,0,0,0,0,0,-13692.97551,-0.003837845,-13692.97551,
BNPP-IPBFX-NMMF,420816103,USD,,,,,,NMMF,,2019398.691,PARIUK,TWD.C-TTAA,,NMCL,0,0,0,0,0,0,0,0,0,0,0,0,-12752.52487,0.662765167,-12752.52487,0,0,-26651.21305,,FORWARD,12,,NMMF,,,,0.03141,,,,,,,0,,64292000,-0.001229874,-26651.21305,-848500,-26651.21305,-848500,0,0,0,0,0,0,0,0,0,0,0,0,-26651.21305,-0.077995271,-26651.21305,HAHY7,HAHY7,XX,,New PB,2000000,HAHY7:XXNMMFNMCL0001,0,0,0,0,31.72175,BloombergBVAL,,2149429186,2088428191,,1461916275,,0,0,0,0,0,0,0,0,0,0,0,-26651.21305,-0.018176632,-26651.21305,2000000,,,,0,0,-13898.68818,Hybrid,USDTWD091626-197000733,TD 08/07/2026 VD 09/16/2026 SELL TWD VS .BUY USD @ 32.14600000,0,1,Henry Chan,0,,,,0,0,0,0,0,0,0,0,0,0,0,0,-26651.21305,-0.007469759,-26651.21305,
BNPP-IPBFX-NMMF,,USD,,,,XAU Curncy,XAU,NMMF,,0,PARIUK,XAU.C-XAAA,,NMCL,0,0,0,0,0,0,0,0,0,0,0,0,0,0,0,0,0,0,,CURRENCY,12,,NMMF,,,,,,IX940869-0,,,XA,Unknown,0,,0,0,0,0,0,0,0,0,0,0,0,0,0,0,0,0,0,0,0,0,0,HAHY7,HAHY7,XX,,New PB,0,HAHY7:XXNMMFNMCL0001,0,0,0,0,1,,,2149429186,2088428191,1,1461916275,,0,0,0,0,0,0,0,0,0,0,0,27373.5,0.018669245,27373.5,0,,,,0,0,0,Hybrid,XAU.C-XAAA,GOLD SPOT,0,,Henry Chan,0,,,,0,0,0,0,0,0,0,0,0,0,0,0,27373.5,0.0076722,27373.5,
BNPP-IPBFX-NMMF,128955,USD,,,,,,NMMF,,-2031104.92,PARIUK,ZAR.C-SJAA,,NMCL,0,0,0,0,0,0,0,0,0,0,0,0,-3420.817545,0.1777843,-3420.817545,0,0,27095.69792,,FORWARD,12,,NMMF,,,,0.061586,,,,,,,0,,-32980188,0.001250385,27095.69792,439968.0207,27095.69792,439968.0207,0,0,0,0,0,0,0,0,0,0,0,0,38229.09358,0.111878153,38229.09358,HAHY7,HAHY7,XX,,New PB,-1999999.999,HAHY7:XXNMMFNMCL0001,-11133.39566,-184004.9701,0,0,16.27011,BloombergBVAL,,2149429186,2088428191,16.582096,1461916275,,0,0,0,0,0,0,0,0,0,0,0,27095.69792,0.018479779,27095.69792,-1999999.999,,,,0,0,30516.51547,Hybrid,USDZAR091626-196291854,TD 07/23/2026 VD 09/16/2026 SELL USD VS .BUY ZAR @ 16.49009401,0,1,Henry Chan,0,,,,0,0,0,0,0,0,0,0,0,0,0,0,27095.69792,0.007594338,27095.69792,
BNPP-IPBFX-NMMF,420815495,USD,,,,,,NMMF,,-1018284.028,PARIUK,ZAR.C-SJAA,,NMCL,0,0,0,0,0,0,0,0,0,0,0,0,-1715.410842,0.089152114,-1715.410842,0,0,16279.41637,,FORWARD,12,,NMMF,,,,0.061586,,,,,,,0,,-16534448,0.000751246,16279.41637,264338,16279.41637,264338,0,0,0,0,0,0,0,0,0,0,0,0,19183.08666,0.05613966,19183.08666,HAHY7,HAHY7,XX,,New PB,-1000000,HAHY7:XXNMMFNMCL0001,-2903.670291,-47989.83,0,0,16.27011,BloombergBVAL,,2149429186,2088428191,16.582438,1461916275,,0,0,0,0,0,0,0,0,0,0,0,16279.41637,0.01110287,16279.41637,-1000000,,,,0,0,17994.82721,Hybrid,USDZAR091626-196713477,TD 07/31/2026 VD 09/16/2026 SELL USD VS .BUY ZAR @ 16.53444800,0,1,Henry Chan,0,,,,0,0,0,0,0,0,0,0,0,0,0,0,16279.41637,0.004562769,16279.41637,
BNPP-IPBFX-NMMF,420815895,USD,,,,,,NMMF,,-2015745.962,PARIUK,ZAR.C-SJAA,,NMCL,0,0,0,0,0,0,0,0,0,0,0,0,-3392.692098,0.176322585,-3392.692098,0,0,11736.73877,,FORWARD,12,,NMMF,,,,0.061586,,,,,,,0,,-32730796,0.000541615,11736.73877,190576,11736.73877,190576,0,0,0,0,0,0,0,0,0,0,0,0,11736.73877,0.034347784,11736.73877,HAHY7,HAHY7,XX,,New PB,-2000000,HAHY7:XXNMMFNMCL0001,0,0,0,0,16.27011,BloombergBVAL,,2149429186,2088428191,,1461916275,,0,0,0,0,0,0,0,0,0,0,0,11736.73877,0.008004678,11736.73877,-2000000,,,,0,0,15129.43087,Hybrid,USDZAR091626-196930338,TD 08/06/2026 VD 09/16/2026 SELL USD VS .BUY ZAR @ 16.36539800,0,1,Henry Chan,0,,,,0,0,0,0,0,0,0,0,0,0,0,0,11736.73877,0.003289554,11736.73877,
BNPP-IPBFX-NMMF,420815893,USD,,,,,,NMMF,,-2015781.805,PARIUK,ZAR.C-SJAA,,NMCL,0,0,0,0,0,0,0,0,0,0,0,0,-3392.757734,0.176325996,-3392.757734,0,0,11772.5816,,FORWARD,12,,NMMF,,,,0.061586,,,,,,,0,,-32731378,0.000543269,11772.5816,191158,11772.5816,191158,0,0,0,0,0,0,0,0,0,0,0,0,11772.5816,0.034452679,11772.5816,HAHY7,HAHY7,XX,,New PB,-2000000,HAHY7:XXNMMFNMCL0001,0,0,0,0,16.27011,BloombergBVAL,,2149429186,2088428191,,1461916275,,0,0,0,0,0,0,0,0,0,0,0,11772.5816,0.008029124,11772.5816,-2000000,,,,0,0,15165.33933,Hybrid,USDZAR091626-196930339,TD 08/06/2026 VD 09/16/2026 SELL USD VS .BUY ZAR @ 16.36568900,0,1,Henry Chan,0,,,,0,0,0,0,0,0,0,0,0,0,0,0,11772.5816,0.0032996,11772.5816,
GSCO-DRV-NMMF,,USD,,,,USD Curncy,USD,NMMF,,-1808,GSCOUS,DOL.C-USAA,,NMCL,0,0,0,0,0,0,0,0,0,0,0,0,0,0,0,0,0,-1808,,CURRENCY,12,,NMMF,,,,1,,IX244867-0,,United States CCY,US,North America,0,,-1808,-8.34E-05,-1808,-1808,-1808,-1808,0,0,0,0,0,0,0,-1808,0,0,0,0,-1808,-0.005291146,0,HAHY7,HAHY7,XX,,New PB,-1808,HAHY7:XXNMMFNMCL0001,0,0,0,0,1,BloombergBFIX,,2149429186,2088428191,,1461916275,,0,0,0,0,0,0,-1808,0,0,0,0,-1808,-0.00123309,0,-1808,,,,0,0,-1808,Hybrid,DOL.C-USAA,UNITED STATES DOLLARS,0,1,Henry Chan,0,,,,0,0,0,0,0,0,0,-1808,0,0,0,0,-1808,-0.000506743,0,
GSCO-DRV-NMMF,420816133,USD,,,,,,NMMF,,0,GSCOUS,DOL.C-USAA,,NMCL,0,0,0,0,0,0,0,0,0,0,0,0,-16446.08656,0.854724333,-16446.08656,0,0,134345.3788,,INTEREST_RATE_SWAP,12,,NMMF,,,,1,,,,,US,North America,0,,0,0.006199637,134345.3788,134345.3788,134345.3788,134345.3788,0,0,0,0,0,0,0,0,0,0,0,0,134345.3788,0.393164249,134345.3788,HAHY7,HAHY7,XX,,New PB,625000000,HAHY7:XXNMMFNMCL0001,0,0,0,0,214.952606,Markit,,2149429186,2088428191,,1461916275,,0,0,0,0,0,0,0,0,0,0,0,134345.3788,0.091626092,134345.3788,625,,,,0,0,150791.4654,Hybrid,IRSOIS-USD-22860996,IRS NA 11/11/2026 02/11/2027 3.98000000 USD,0,1,Henry Chan,0,,,,0,0,0,0,0,0,0,0,0,0,0,0,134345.3788,0.037654106,134345.3788,
GSCO-DRV-NMMF,420816237,USD,,,,,,NMMF,,0,GSCOUS,DOL.C-USAA,,NMCL,0,0,0,0,0,0,0,0,0,0,0,0,-26206.17757,1.361968852,-26206.17757,0,0,120130.0812,,INTEREST_RATE_SWAP,12,,NMMF,,,,1,,,,,US,North America,0,,0,0.005543644,120130.0812,120130.0812,120130.0812,120130.0812,0,0,0,0,0,0,0,0,0,0,0,0,120130.0812,0.351562916,120130.0812,HAHY7,HAHY7,XX,,New PB,995000000,HAHY7:XXNMMFNMCL0001,0,0,0,0,120.73375,Markit,,2149429186,2088428191,,1461916275,,0,0,0,0,0,0,0,0,0,0,0,120130.0812,0.08193099,120130.0812,995,,,,0,0,146336.2587,Hybrid,IRSOIS-USD-22870318,IRS NA 11/11/2026 02/11/2027 3.94200000 USD,0,1,Henry Chan,0,,,,0,0,0,0,0,0,0,0,0,0,0,0,120130.0812,0.033669865,120130.0812,
GSCO-DRV-NMMF,420816731,USD,,,,,,NMMF,,0,GSCOUS,DOL.C-USAA,,NMCL,0,0,0,0,0,0,0,0,0,0,0,0,-12193.76464,0.633725677,-12193.76464,0,0,-12193.76464,,INTEREST_RATE_SWAP,12,,NMMF,,,,1,,,,,US,North America,0,,0,-0.000562706,-12193.76464,-12193.76464,-12193.76464,-12193.76464,0,0,0,0,0,0,0,0,0,0,0,0,-12193.76464,-0.035685279,-12193.76464,HAHY7,HAHY7,XX,,New PB,403100000,HAHY7:XXNMMFNMCL0001,0,0,0,0,-30.249974,Markit,,2149429186,2088428191,,1461916275,,0,0,0,0,0,0,0,0,0,0,0,-12193.76464,-0.008316378,-12193.76464,403.1,,,,0,0,0,Hybrid,IRSOIS-USD-22907452,IRS NA 11/11/2026 02/11/2027 3.87730000 USD,0,1,Henry Chan,0,,,,0,0,0,0,0,0,0,0,0,0,0,0,-12193.76464,-0.003417649,-12193.76464,
GSIL-FUT-NMMF,,USD,,,,USD Curncy,USD,NMMF,,-50.287076,GSILUK,DOL.C-USAA,,NMCL,0,0,0,0,0,0,0,0,0,0,0,0,0,0,0,0,0,-50.287076,,CURRENCY,12,,NMMF,,,,1,,IX244867-0,,United States CCY,US,North America,0,,-50.287076,-2.32E-06,-50.287076,-50.287076,-50.287076,-50.287076,0,0,0,0,0,0,0,0,0,0,0,0,0,0,0,HAHY7,HAHY7,XX,,New PB,-50.287076,HAHY7:XXNMMFNMCL0001,-25.987076,-25.987076,0,0,1,BloombergBFIX,,2149429186,2088428191,1,1461916275,,0,0,0,0,0,0,-7.527076,0,0,0,0,-7.527076,-5.13E-06,0,-50.287076,,,,0,0,-50.287076,Hybrid,DOL.C-USAA,UNITED STATES DOLLARS,0,1,Henry Chan,0,,,,0,0,0,0,0,0,0,-7.527076,0,0,0,0,-7.527076,-2.11E-06,0,
GSIL-FUT-NMMF,,USD,,Diversified,,ESU6 Index,ESU6,NMMF,,10234475,GSILUK,DOL.C-USAA,,NMCL,0,0,0,0,0,0,0,0,0,0,0,0,-48937.5,2.543345001,-48937.5,0,0,253337.5,,FUTURES,12,,NMMF,,,CME S & P 500 EMINI FUTR,1,BBG01HZQ8JX9,IX59103269-0,,,US,North America,0,,10234475,0.011690768,253337.5,253337.5,253337.5,253337.5,0,0,0,0,0,0,0,-24.3,0,0,0,0,223613.2,0.654408188,223637.5,HAHY7,HAHY7,XX,,New PB,0,HAHY7:XXNMMFNMCL0001,29700,29700,0,0,7768.75,Bloomberg,,2149429186,2088428191,7519.25,1461916275,,0,0,0,0,0,0,-42.76,0,0,0,0,253294.74,0.172751809,253337.5,27,,,,0,0,302275,Hybrid,ESU6-USAA,S&P500 EMINI FUT  Sep26,0,50,Henry Chan,0,,,US78378X1072,0,0,0,0,0,0,0,-42.76,0,0,0,0,253294.74,0.070993041,253337.5,
HOLD-BOX-NMMF,,USD,,,,USD Curncy,USD,NMMF,,-29790.78642,HLDBOX,DOL.C-USAA,,NMCL,0,0,0,0,0,0,0,-1105.592178,0,0,0,0,-1105.592178,0.057459052,0,0,0,-29790.78642,,CURRENCY,12,,NMMF,,,,1,,IX244867-0,,United States CCY,US,North America,0,,-29790.78642,-0.001374756,-29790.78642,-29790.78642,-29790.78642,-29790.78642,0,0,0,0,0,0,0,-16563.8539,0,0,0,0,-16563.8539,-0.048474426,0,HACA,HACA,XX,,,-29790.78642,HACA:XXNMMFNMCL0001,-13226.93252,-13226.93252,0,0,1,BloombergBFIX,,2149429186,2088428191,1,1461916275,,0,0,0,0,0,0,-29790.78642,0,0,0,0,-29790.78642,-0.02031788,0,-29790.78642,,,,0,0,-28685.19424,Cash Adj,DOL.C-USAA,UNITED STATES DOLLARS,0,1,Henry Chan,0,,,,0,0,0,0,0,0,0,-29790.78642,0,0,0,0,-29790.78642,-0.008349714,0,
JPML-IPB-NMMF,,USD,,,,,,NMMF,,2053581.751,JPMLUK,TRY.C-TIAA,,NMCL,0,0,0,0,0,0,0,0,0,0,0,0,-1103.32542,0.057341245,-1103.32542,0,0,-7979.564321,,FORWARD,12,,NMMF,,,,0.020877,,,,,,,0,,98363649.8,-0.000368233,-7979.564321,-382209.8,-7979.564321,-382209.8,0,0,0,0,0,0,0,0,0,0,0,0,-7979.564321,-0.023352343,-7979.564321,HAHY7,HAHY7,XX,,New PB,2000000,HAHY7:XXNMMFNMCL0001,0,0,0,0,48.99072,BloombergBVAL,,2149429186,2088428191,,1461916275,,0,0,0,0,0,0,0,0,0,0,0,-7979.564321,-0.005442214,-7979.564321,2000000,,,,0,0,-6876.238902,Hybrid,USDTRY091626-196848163,TD 08/04/2026 VD 09/16/2026 SELL TRY VS .BUY USD @ 49.18182490,0,1,Henry Chan,0,,,,0,0,0,0,0,0,0,0,0,0,0,0,-7979.564321,-0.002236499,-7979.564321,
JPML-IPB-NMMF,,USD,,,,,,NMMF,,-2052885.868,JPMLUK,TRY.C-TIAA,,NMCL,0,0,0,0,0,0,0,0,0,0,0,0,1103.520443,-0.057351381,1103.520443,0,0,7283.681479,,FORWARD,12,,NMMF,,,,0.020877,,,,,,,0,,-98330318,0.00033612,7283.681479,348878,7283.681479,348878,0,0,0,0,0,0,0,0,0,0,0,0,7283.681479,0.021315829,7283.681479,HAHY7,HAHY7,XX,,New PB,-2000000,HAHY7:XXNMMFNMCL0001,0,0,0,0,48.99072,BloombergBVAL,,2149429186,2088428191,,1461916275,,0,0,0,0,0,0,0,0,0,0,0,7283.681479,0.004967609,7283.681479,-2000000,,,,0,0,6180.161035,Hybrid,USDTRY091626-196848191,TD 08/04/2026 VD 09/16/2026 SELL USD VS .BUY TRY @ 49.16515900,0,1,Henry Chan,0,,,,0,0,0,0,0,0,0,0,0,0,0,0,7283.681479,0.002041458,7283.681479,
JPML-IPB-NMMF,,USD,,,,,,NMMF,,-2052989.145,JPMLUK,TRY.C-TIAA,,NMCL,0,0,0,0,0,0,0,0,0,0,0,0,1103.4915,-0.057349877,1103.4915,0,0,7386.958027,,FORWARD,12,,NMMF,,,,0.020877,,,,,,,0,,-98335264.8,0.000340886,7386.958027,353824.8,7386.958027,353824.8,0,0,0,0,0,0,0,0,0,0,0,0,7386.958027,0.02161807,7386.958027,HAHY7,HAHY7,XX,,New PB,-2000000,HAHY7:XXNMMFNMCL0001,0,0,0,0,48.99072,BloombergBVAL,,2149429186,2088428191,,1461916275,,0,0,0,0,0,0,0,0,0,0,0,7386.958027,0.005038045,7386.958027,-2000000,,,,0,0,6283.466527,Hybrid,USDTRY091626-196849870,TD 08/04/2026 VD 09/16/2026 SELL USD VS .BUY TRY @ 49.16763240,0,1,Henry Chan,0,,,,0,0,0,0,0,0,0,0,0,0,0,0,7386.958027,0.002070405,7386.958027,
NTXS-ISD-NMMF,420816497,USD,,,,,,NMMF,,-1023935.305,NTXSFP,TRY.C-TIAA,,NMCL,0,0,0,0,0,0,0,0,0,0,0,0,552.462995,-0.028712214,552.462995,0,0,1134.211077,,FORWARD,12,,NMMF,,,,0.020877,,,,,,,0,,-49045047.1,5.23E-05,1134.211077,54327.1,1134.211077,54327.1,0,0,0,0,0,0,0,0,0,0,0,0,1134.211077,0.00331929,1134.211077,HAHY7,HAHY7,XX,,New PB,-1000000,HAHY7:XXNMMFNMCL0001,0,0,0,0,48.99072,BloombergBVAL,,2149429186,2088428191,,1461916275,,0,0,0,0,0,0,0,0,0,0,0,1134.211077,0.000773553,1134.211077,-1000000,,,,0,0,581.748082,Hybrid,USDTRY091626-197177187,TD 08/12/2026 VD 09/16/2026 SELL USD VS .BUY TRY @ 49.04504710,0,1,Henry Chan,0,,,,0,0,0,0,0,0,0,0,0,0,0,0,1134.211077,0.000317895,1134.211077,
NTXS-ISD-NMMF,420816495,USD,,,,,,NMMF,,-2047873.131,NTXSFP,TRY.C-TIAA,,NMCL,0,0,0,0,0,0,0,0,0,0,0,0,1104.925282,-0.057424392,1104.925282,0,0,2270.944149,,FORWARD,12,,NMMF,,,,0.020877,,,,,,,0,,-98090215,0.000104797,2270.944149,108775,2270.944149,108775,0,0,0,0,0,0,0,0,0,0,0,0,2270.944149,0.00664596,2270.944149,HAHY7,HAHY7,XX,,New PB,-2000000,HAHY7:XXNMMFNMCL0001,0,0,0,0,48.99072,BloombergBVAL,,2149429186,2088428191,,1461916275,,0,0,0,0,0,0,0,0,0,0,0,2270.944149,0.001548827,2270.944149,-2000000,,,,0,0,1166.018867,Hybrid,USDTRY091626-197177298,TD 08/12/2026 VD 09/16/2026 SELL USD VS .BUY TRY @ 49.04510750,0,1,Henry Chan,0,,,,0,0,0,0,0,0,0,0,0,0,0,0,2270.944149,0.000636497,2270.944149,
NTXS-ISD-NMMF,420816499,USD,,,,,,NMMF,,-2047858.496,NTXSFP,TRY.C-TIAA,,NMCL,0,0,0,0,0,0,0,0,0,0,0,0,1104.929384,-0.057424605,1104.929384,0,0,2256.30906,,FORWARD,12,,NMMF,,,,0.020877,,,,,,,0,,-98089514,0.000104122,2256.30906,108074,2256.30906,108074,0,0,0,0,0,0,0,0,0,0,0,0,2256.30906,0.00660313,2256.30906,HAHY7,HAHY7,XX,,New PB,-2000000,HAHY7:XXNMMFNMCL0001,0,0,0,0,48.99072,BloombergBVAL,,2149429186,2088428191,,1461916275,,0,0,0,0,0,0,0,0,0,0,0,2256.30906,0.001538846,2256.30906,-2000000,,,,0,0,1151.379676,Hybrid,USDTRY091626-197177379,TD 08/12/2026 VD 09/16/2026 SELL USD VS .BUY TRY @ 49.04475700,0,1,Henry Chan,0,,,,0,0,0,0,0,0,0,0,0,0,0,0,2256.30906,0.000632395,2256.30906,
UBSI-ISD-NMMF,,USD,,,,USD Curncy,USD,NMMF,,0,UBSISW,DOL.C-USAA,,NMCL,0,0,0,0,0,0,0,0,0,0,0,0,0,0,0,0,0,0,,CURRENCY,12,,NMMF,,,,,,IX244867-0,,United States CCY,US,North America,0,,0,0,0,0,0,0,0,0,0,0,0,0,0,0,0,0,0,0,0.000586,1.71E-09,0.000586,HAHY7,HAHY7,XX,,New PB,0,HAHY7:XXNMMFNMCL0001,0,0,0,0,1,BloombergBFIX,,2149429186,2088428191,,1461916275,,0,0,0,0,0,0,0,0,0,0,0,0.000586,4.00E-10,0.000586,0,,,,0,0,0,Hybrid,DOL.C-USAA,UNITED STATES DOLLARS,0,,Henry Chan,0,,,,0,0,0,0,0,0,0,0,0,0,0,0,0.000586,1.64E-10,0.000586,
UBSI-ISD-NMMF,,USD,,,,HKD Curncy,HKD,NMMF,,0,UBSISW,HKD.C-HKAA,,NMCL,0,0,0,0,0,0,0,0,0,0,0,0,0,0,0,0,0,0,,CURRENCY,12,,NMMF,,,,,,IX207957-0,,Hong Kong CCY,HK,Asia,0,,0,0,0,0,0,0,0,0,0,0,0,0,0,0,0,0,0,0,0.003823,1.12E-08,0.003823,HAHY7,HAHY7,XX,,New PB,0,HAHY7:XXNMMFNMCL0001,0,0,0,0,1,BloombergBFIX,,2149429186,2088428191,,1461916275,,0,0,0,0,0,0,0,0,0,0,0,0.003823,2.61E-09,0.003823,0,,,,0,0,0,Hybrid,HKD.C-HKAA,HONG KONG DOLLAR,0,,Henry Chan,0,,,,0,0,0,0,0,0,0,0,0,0,0,0,0.003823,1.07E-09,0.003823,
