as_of_date,instrument_id,settle_date,mark_type,value,source,snapped_at
2026-07-08,AUDUSD,2026-07-08,SPOT,0.693,BBG_BFXFORWARD,2026-07-08T17:00:00-04:00
2026-07-08,GBPUSD,2026-07-08,SPOT,1.3389,BBG_BFXFORWARD,2026-07-08T17:00:00-04:00
2026-07-08,NZDUSD,2026-07-08,SPOT,0.57,BBG_BFXFORWARD,2026-07-08T17:00:00-04:00
2026-07-08,USDCAD,2026-07-08,SPOT,1.4173,BBG_BFXFORWARD,2026-07-08T17:00:00-04:00
2026-07-08,USDCHF,2026-07-08,SPOT,0.8085,BBG_BFXFORWARD,2026-07-08T17:00:00-04:00
2026-07-08,USDHKD,2026-07-08,SPOT,7.8392,BBG_BFXFORWARD,2026-07-08T17:00:00-04:00
2026-07-08,USDJPY,2026-07-08,SPOT,162.59,BBG_BFXFORWARD,2026-07-08T17:00:00-04:00
2026-07-08,USDNOK,2026-07-08,SPOT,9.7671,BBG_BFXFORWARD,2026-07-08T17:00:00-04:00
2026-07-08,USDSEK,2026-07-08,SPOT,9.6969,BBG_BFXFORWARD,2026-07-08T17:00:00-04:00
2026-07-09,AUDUSD,2026-07-09,SPOT,0.6941,BBG_BFXFORWARD,2026-07-09T17:00:00-04:00
2026-07-09,GBPUSD,2026-07-09,SPOT,1.3408,BBG_BFXFORWARD,2026-07-09T17:00:00-04:00
2026-07-09,NZDUSD,2026-07-09,SPOT,0.5755,BBG_BFXFORWARD,2026-07-09T17:00:00-04:00
2026-07-09,USDCAD,2026-07-09,SPOT,1.4168,BBG_BFXFORWARD,2026-07-09T17:00:00-04:00
2026-07-09,USDCHF,2026-07-09,SPOT,0.807,BBG_BFXFORWARD,2026-07-09T17:00:00-04:00
2026-07-09,USDHKD,2026-07-09,SPOT,7.8359,BBG_BFXFORWARD,2026-07-09T17:00:00-04:00
2026-07-09,USDJPY,2026-07-09,SPOT,162.38,BBG_BFXFORWARD,2026-07-09T17:00:00-04:00
2026-07-09,USDNOK,2026-07-09,SPOT,9.7249,BBG_BFXFORWARD,2026-07-09T17:00:00-04:00
2026-07-09,USDSEK,2026-07-09,SPOT,9.6652,BBG_BFXFORWARD,2026-07-09T17:00:00-04:00
2026-07-10,AUDUSD,2026-07-10,SPOT,0.6954,BBG_BFXFORWARD,2026-07-10T17:00:00-04:00
2026-07-10,GBPUSD,2026-07-10,SPOT,1.3404,BBG_BFXFORWARD,2026-07-10T17:00:00-04:00
2026-07-10,NZDUSD,2026-07-10,SPOT,0.5763,BBG_BFXFORWARD,2026-07-10T17:00:00-04:00
2026-07-10,USDCAD,2026-07-10,SPOT,1.4154,BBG_BFXFORWARD,2026-07-10T17:00:00-04:00
2026-07-10,USDCHF,2026-07-10,SPOT,0.8086,BBG_BFXFORWARD,2026-07-10T17:00:00-04:00
2026-07-10,USDHKD,2026-07-10,SPOT,7.8388,BBG_BFXFORWARD,2026-07-10T17:00:00-04:00
2026-07-10,USDJPY,2026-07-10,SPOT,161.68,BBG_BFXFORWARD,2026-07-10T17:00:00-04:00
2026-07-10,USDNOK,2026-07-10,SPOT,9.7824,BBG_BFXFORWARD,2026-07-10T17:00:00-04:00
2026-07-10,USDSEK,2026-07-10,SPOT,9.6626,BBG_BFXFORWARD,2026-07-10T17:00:00-04:00
2026-07-13,AUDUSD,2026-07-13,SPOT,0.6918,BBG_BFXFORWARD,2026-07-13T17:00:00-04:00
2026-07-13,GBPUSD,2026-07-13,SPOT,1.3348,BBG_BFXFORWARD,2026-07-13T17:00:00-04:00
2026-07-13,NZDUSD,2026-07-13,SPOT,0.575,BBG_BFXFORWARD,2026-07-13T17:00:00-04:00
2026-07-13,USDCAD,2026-07-13,SPOT,1.4155,BBG_BFXFORWARD,2026-07-13T17:00:00-04:00
2026-07-13,USDCHF,2026-07-13,SPOT,0.8147,BBG_BFXFORWARD,2026-07-13T17:00:00-04:00
2026-07-13,USDHKD,2026-07-13,SPOT,7.8377,BBG_BFXFORWARD,2026-07-13T17:00:00-04:00
2026-07-13,USDJPY,2026-07-13,SPOT,162.43,BBG_BFXFORWARD,2026-07-13T17:00:00-04:00
2026-07-13,USDNOK,2026-07-13,SPOT,9.792,BBG_BFXFORWARD,2026-07-13T17:00:00-04:00
2026-07-13,USDSEK,2026-07-13,SPOT,9.7186,BBG_BFXFORWARD,2026-07-13T17:00:00-04:00
2026-07-14,AUDUSD,2026-07-14,SPOT,0.6975,BBG_BFXFORWARD,2026-07-14T17:00:00-04:00
2026-07-14,GBPUSD,2026-07-14,SPOT,1.339,BBG_BFXFORWARD,2026-07-14T17:00:00-04:00
2026-07-14,NZDUSD,2026-07-14,SPOT,0.5815,BBG_BFXFORWARD,2026-07-14T17:00:00-04:00
2026-07-14,USDCAD,2026-07-14,SPOT,1.4059,BBG_BFXFORWARD,2026-07-14T17:00:00-04:00
2026-07-14,USDCHF,2026-07-14,SPOT,0.8091,BBG_BFXFORWARD,2026-07-14T17:00:00-04:00
2026-07-14,USDHKD,2026-07-14,SPOT,7.8377,BBG_BFXFORWARD,2026-07-14T17:00:00-04:00
2026-07-14,USDJPY,2026-07-14,SPOT,162.25,BBG_BFXFORWARD,2026-07-14T17:00:00-04:00
2026-07-14,USDNOK,2026-07-14,SPOT,9.6923,BBG_BFXFORWARD,2026-07-14T17:00:00-04:00
2026-07-14,USDSEK,2026-07-14,SPOT,9.6662,BBG_BFXFORWARD,2026-07-14T17:00:00-04:00
2026-07-15,AUDUSD,2026-07-15,SPOT,0.7004,BBG_BFXFORWARD,2026-07-15T17:00:00-04:00
2026-07-15,GBPUSD,2026-07-15,SPOT,1.354,BBG_BFXFORWARD,2026-07-15T17:00:00-04:00
2026-07-15,NZDUSD,2026-07-15,SPOT,0.585,BBG_BFXFORWARD,2026-07-15T17:00:00-04:00
2026-07-15,USDCAD,2026-07-15,SPOT,1.4042,BBG_BFXFORWARD,2026-07-15T17:00:00-04:00
2026-07-15,USDCHF,2026-07-15,SPOT,0.8053,BBG_BFXFORWARD,2026-07-15T17:00:00-04:00
2026-07-15,USDHKD,2026-07-15,SPOT,7.839,BBG_BFXFORWARD,2026-07-15T17:00:00-04:00
2026-07-15,USDJPY,2026-07-15,SPOT,162.19,BBG_BFXFORWARD,2026-07-15T17:00:00-04:00
2026-07-15,USDNOK,2026-07-15,SPOT,9.655,BBG_BFXFORWARD,2026-07-15T17:00:00-04:00
2026-07-15,USDSEK,2026-07-15,SPOT,9.5891,BBG_BFXFORWARD,2026-07-15T17:00:00-04:00
2026-07-16,AUDUSD,2026-07-16,SPOT,0.6996,BBG_BFXFORWARD,2026-07-16T17:00:00-04:00
2026-07-16,GBPUSD,2026-07-16,SPOT,1.3478,BBG_BFXFORWARD,2026-07-16T17:00:00-04:00
2026-07-16,NZDUSD,2026-07-16,SPOT,0.5843,BBG_BFXFORWARD,2026-07-16T17:00:00-04:00
2026-07-16,USDCAD,2026-07-16,SPOT,1.4043,BBG_BFXFORWARD,2026-07-16T17:00:00-04:00
2026-07-16,USDCHF,2026-07-16,SPOT,0.8089,BBG_BFXFORWARD,2026-07-16T17:00:00-04:00
2026-07-16,USDHKD,2026-07-16,SPOT,7.84,BBG_BFXFORWARD,2026-07-16T17:00:00-04:00
2026-07-16,USDJPY,2026-07-16,SPOT,162.39,BBG_BFXFORWARD,2026-07-16T17:00:00-04:00
2026-07-16,USDNOK,2026-07-16,SPOT,9.6752,BBG_BFXFORWARD,2026-07-16T17:00:00-04:00
2026-07-16,USDSEK,2026-07-16,SPOT,9.6444,BBG_BFXFORWARD,2026-07-16T17:00:00-04:00
2026-07-17,AUDUSD,2026-07-17,SPOT,0.6984,BBG_BFXFORWARD,2026-07-17T17:00:00-04:00
2026-07-17,GBPUSD,2026-07-17,SPOT,1.3452,BBG_BFXFORWARD,2026-07-17T17:00:00-04:00
2026-07-17,NZDUSD,2026-07-17,SPOT,0.5843,BBG_BFXFORWARD,2026-07-17T17:00:00-04:00
2026-07-17,USDCAD,2026-07-17,SPOT,1.4022,BBG_BFXFORWARD,2026-07-17T17:00:00-04:00
2026-07-17,USDCHF,2026-07-17,SPOT,0.8073,BBG_BFXFORWARD,2026-07-17T17:00:00-04:00
2026-07-17,USDHKD,2026-07-17,SPOT,7.8401,BBG_BFXFORWARD,2026-07-17T17:00:00-04:00
2026-07-17,USDJPY,2026-07-17,SPOT,162.4,BBG_BFXFORWARD,2026-07-17T17:00:00-04:00
2026-07-17,USDNOK,2026-07-17,SPOT,9.6485,BBG_BFXFORWARD,2026-07-17T17:00:00-04:00
2026-07-17,USDSEK,2026-07-17,SPOT,9.6398,BBG_BFXFORWARD,2026-07-17T17:00:00-04:00
2026-07-20,AUDUSD,2026-07-20,SPOT,0.6998,BBG_BFXFORWARD,2026-07-20T17:00:00-04:00
2026-07-20,GBPUSD,2026-07-20,SPOT,1.3431,BBG_BFXFORWARD,2026-07-20T17:00:00-04:00
2026-07-20,NZDUSD,2026-07-20,SPOT,0.5838,BBG_BFXFORWARD,2026-07-20T17:00:00-04:00
2026-07-20,USDCAD,2026-07-20,SPOT,1.407,BBG_BFXFORWARD,2026-07-20T17:00:00-04:00
2026-07-20,USDCHF,2026-07-20,SPOT,0.8101,BBG_BFXFORWARD,2026-07-20T17:00:00-04:00
2026-07-20,USDHKD,2026-07-20,SPOT,7.8407,BBG_BFXFORWARD,2026-07-20T17:00:00-04:00
2026-07-20,USDJPY,2026-07-20,SPOT,162.5,BBG_BFXFORWARD,2026-07-20T17:00:00-04:00
2026-07-20,USDNOK,2026-07-20,SPOT,9.6768,BBG_BFXFORWARD,2026-07-20T17:00:00-04:00
2026-07-20,USDSEK,2026-07-20,SPOT,9.6808,BBG_BFXFORWARD,2026-07-20T17:00:00-04:00
2026-07-21,AUDUSD,2026-07-21,SPOT,0.6999,BBG_BFXFORWARD,2026-07-21T17:00:00-04:00
2026-07-21,GBPUSD,2026-07-21,SPOT,1.3376,BBG_BFXFORWARD,2026-07-21T17:00:00-04:00
2026-07-21,NZDUSD,2026-07-21,SPOT,0.5826,BBG_BFXFORWARD,2026-07-21T17:00:00-04:00
2026-07-21,USDCAD,2026-07-21,SPOT,1.4108,BBG_BFXFORWARD,2026-07-21T17:00:00-04:00
2026-07-21,USDCHF,2026-07-21,SPOT,0.8127,BBG_BFXFORWARD,2026-07-21T17:00:00-04:00
2026-07-21,USDHKD,2026-07-21,SPOT,7.8419,BBG_BFXFORWARD,2026-07-21T17:00:00-04:00
2026-07-21,USDJPY,2026-07-21,SPOT,163.17,BBG_BFXFORWARD,2026-07-21T17:00:00-04:00
2026-07-21,USDNOK,2026-07-21,SPOT,9.6413,BBG_BFXFORWARD,2026-07-21T17:00:00-04:00
2026-07-21,USDSEK,2026-07-21,SPOT,9.7081,BBG_BFXFORWARD,2026-07-21T17:00:00-04:00
2026-07-22,AUDUSD,2026-07-22,SPOT,0.6997,BBG_BFXFORWARD,2026-07-22T17:00:00-04:00
2026-07-22,ESU6 Index,2026-09-18,FUTURE_PX,7540.25,BBG_BDH,2026-07-22T17:00:00-04:00
2026-07-22,EURSEK,2026-07-22,SPOT,11.0648,BBG_BFXFORWARD,2026-07-22T17:00:00-04:00
2026-07-22,EURUSD,2026-07-22,SPOT,1.1411,BBG_BFXFORWARD,2026-07-22T15:00:00-04:00
2026-07-22,EURUSD,2026-07-24,FWD_OUTRIGHT,1.1411,BBG_INTERP,2026-07-22T15:00:00-04:00
2026-07-22,GBPUSD,2026-07-22,SPOT,1.3375,BBG_BFXFORWARD,2026-07-22T17:00:00-04:00
2026-07-22,USDBRL,2026-07-22,SPOT,5.0541,BBG_BFXFORWARD,2026-07-22T17:00:00-04:00
2026-07-22,USDCAD,2026-07-22,SPOT,1.4087,BBG_BFXFORWARD,2026-07-22T17:00:00-04:00
2026-07-22,USDCHF,2026-07-22,SPOT,0.81465,BBG_BFXFORWARD,2026-07-22T15:00:00-04:00
2026-07-22,USDCHF,2026-09-16,FWD_OUTRIGHT,0.8098180645161289,BBG_INTERP,2026-07-22T15:00:00-04:00
2026-07-22,USDHKD,2026-07-22,SPOT,7.8409,BBG_BFXFORWARD,2026-07-22T17:00:00-04:00
2026-07-22,USDIDR,2026-07-22,SPOT,17880.0,BBG_BFXFORWARD,2026-07-22T17:00:00-04:00
2026-07-22,USDJPY,2026-07-22,SPOT,163.135,BBG_BFXFORWARD,2026-07-22T15:00:00-04:00
2026-07-22,USDJPY,2026-09-16,FWD_OUTRIGHT,162.41970806451613,BBG_INTERP,2026-07-22T15:00:00-04:00
2026-07-22,USDKRW,2026-07-22,SPOT,1478.35,BBG_BFXFORWARD,2026-07-22T17:00:00-04:00
2026-07-22,USDMXN,2026-07-22,SPOT,17.3974,BBG_BFXFORWARD,2026-07-22T17:00:00-04:00
2026-07-22,USDNOK,2026-07-22,SPOT,9.5935,BBG_BFXFORWARD,2026-07-22T17:00:00-04:00
2026-07-22,USDSEK,2026-07-22,SPOT,9.6962,BBG_BFXFORWARD,2026-07-22T17:00:00-04:00
2026-07-22,USDSGD,2026-07-22,SPOT,1.2912,BBG_BFXFORWARD,2026-07-22T17:00:00-04:00
2026-07-22,USDTRY,2026-07-22,SPOT,47.2119,BBG_BFXFORWARD,2026-07-22T17:00:00-04:00
2026-07-22,USDTWD,2026-07-22,SPOT,32.427,BBG_BFXFORWARD,2026-07-22T17:00:00-04:00
2026-07-22,USDZAR,2026-07-22,SPOT,16.3964,BBG_BFXFORWARD,2026-07-22T17:00:00-04:00
2026-07-22,XAUUSD,2026-07-22,SPOT,4135.905000000001,BBG_BFXFORWARD,2026-07-22T15:00:00-04:00
2026-07-23,AUDUSD,2026-07-23,SPOT,0.69665,BBG_BFXFORWARD,2026-07-23T15:00:00-04:00
2026-07-23,AUDUSD,2026-09-16,FWD_OUTRIGHT,0.6960540625,BBG_INTERP,2026-07-23T15:00:00-04:00
2026-07-23,ESU6 Index,2026-09-18,FUTURE_PX,7445.0,BBG_BDH,2026-07-23T17:00:00-04:00
2026-07-23,EURSEK,2026-07-23,SPOT,11.098,BBG_BFXFORWARD,2026-07-23T17:00:00-04:00
2026-07-23,EURUSD,2026-07-23,SPOT,1.1376499999999998,BBG_BFXFORWARD,2026-07-23T15:00:00-04:00
2026-07-23,EURUSD,2026-07-24,FWD_OUTRIGHT,1.1376499999999998,BBG_INTERP,2026-07-23T15:00:00-04:00
2026-07-23,GBPUSD,2026-07-23,SPOT,1.3315,BBG_BFXFORWARD,2026-07-23T17:00:00-04:00
2026-07-23,USDBRL,2026-07-23,SPOT,5.0898,BBG_BFXFORWARD,2026-07-23T15:00:00-04:00
2026-07-23,USDCAD,2026-07-23,SPOT,1.4085,BBG_BFXFORWARD,2026-07-23T17:00:00-04:00
2026-07-23,USDCHF,2026-07-23,SPOT,0.81695,BBG_BFXFORWARD,2026-07-23T15:00:00-04:00
2026-07-23,USDCHF,2026-09-16,FWD_OUTRIGHT,0.8123493125,BBG_INTERP,2026-07-23T15:00:00-04:00
2026-07-23,USDHKD,2026-07-23,SPOT,7.841,BBG_BFXFORWARD,2026-07-23T17:00:00-04:00
2026-07-23,USDIDR,2026-07-23,SPOT,17915.0,BBG_BFXFORWARD,2026-07-23T17:00:00-04:00
2026-07-23,USDJPY,2026-07-23,SPOT,163.79500000000002,BBG_BFXFORWARD,2026-07-23T15:00:00-04:00
2026-07-23,USDJPY,2026-09-16,FWD_OUTRIGHT,163.11177500000002,BBG_INTERP,2026-07-23T15:00:00-04:00
2026-07-23,USDKRW,2026-07-23,SPOT,1472.65,BBG_BFXFORWARD,2026-07-23T17:00:00-04:00
2026-07-23,USDMXN,2026-07-23,SPOT,17.521,BBG_BFXFORWARD,2026-07-23T17:00:00-04:00
2026-07-23,USDNOK,2026-07-23,SPOT,9.6149,BBG_BFXFORWARD,2026-07-23T17:00:00-04:00
2026-07-23,USDSEK,2026-07-23,SPOT,9.7553,BBG_BFXFORWARD,2026-07-23T17:00:00-04:00
2026-07-23,USDSGD,2026-07-23,SPOT,1.2921,BBG_BFXFORWARD,2026-07-23T17:00:00-04:00
2026-07-23,USDTRY,2026-07-23,SPOT,47.2656,BBG_BFXFORWARD,2026-07-23T17:00:00-04:00
2026-07-23,USDTWD,2026-07-23,SPOT,32.279,BBG_BFXFORWARD,2026-07-23T17:00:00-04:00
2026-07-23,USDZAR,2026-07-23,SPOT,16.855,BBG_BFXFORWARD,2026-07-23T15:00:00-04:00
2026-07-23,USDZAR,2026-09-16,FWD_OUTRIGHT,16.924275,BBG_INTERP,2026-07-23T15:00:00-04:00
2026-07-23,XAUUSD,2026-07-23,SPOT,4046.665,BBG_BFXFORWARD,2026-07-23T15:00:00-04:00
2026-07-24,AUDUSD,2026-07-24,SPOT,0.6983,BBG_BFXFORWARD,2026-07-24T15:00:00-04:00
2026-07-24,AUDUSD,2026-09-16,FWD_OUTRIGHT,0.6977246451612904,BBG_INTERP,2026-07-24T15:00:00-04:00
2026-07-24,ESU6 Index,2026-09-18,FUTURE_PX,7447.5,BBG_BDH,2026-07-24T17:00:00-04:00
2026-07-24,EURSEK,2026-07-24,SPOT,11.0501,BBG_BFXFORWARD,2026-07-24T17:00:00-04:00
2026-07-24,EURUSD,2026-07-24,FWD_OUTRIGHT,1.137,BBG_BFXFORWARD,2026-07-24T15:00:00-04:00
2026-07-24,EURUSD,2026-07-24,SPOT,1.137,BBG_BFXFORWARD,2026-07-24T15:00:00-04:00
2026-07-24,GBPUSD,2026-07-24,SPOT,1.3326500000000001,BBG_BFXFORWARD,2026-07-24T15:00:00-04:00
2026-07-24,GBPUSD,2026-09-16,FWD_OUTRIGHT,1.3327263548387098,BBG_INTERP,2026-07-24T15:00:00-04:00
2026-07-24,USDBRL,2026-07-24,SPOT,5.07385,BBG_BFXFORWARD,2026-07-24T15:00:00-04:00
2026-07-24,USDCAD,2026-07-24,SPOT,1.4096,BBG_BFXFORWARD,2026-07-24T17:00:00-04:00
2026-07-24,USDCHF,2026-07-24,SPOT,0.81815,BBG_BFXFORWARD,2026-07-24T15:00:00-04:00
2026-07-24,USDCHF,2026-09-16,FWD_OUTRIGHT,0.813625370967742,BBG_INTERP,2026-07-24T15:00:00-04:00
2026-07-24,USDHKD,2026-07-24,SPOT,7.8426,BBG_BFXFORWARD,2026-07-24T17:00:00-04:00
2026-07-24,USDIDR,2026-07-24,SPOT,17943.0,BBG_BFXFORWARD,2026-07-24T17:00:00-04:00
2026-07-24,USDJPY,2026-07-24,SPOT,163.845,BBG_BFXFORWARD,2026-07-24T15:00:00-04:00
2026-07-24,USDJPY,2026-09-16,FWD_OUTRIGHT,163.17426290322578,BBG_INTERP,2026-07-24T15:00:00-04:00
2026-07-24,USDKRW,2026-07-24,SPOT,1459.0,BBG_BFXFORWARD,2026-07-24T17:00:00-04:00
2026-07-24,USDMXN,2026-07-24,SPOT,17.4814,BBG_BFXFORWARD,2026-07-24T17:00:00-04:00
2026-07-24,USDNOK,2026-07-24,SPOT,9.582350000000002,BBG_BFXFORWARD,2026-07-24T15:00:00-04:00
2026-07-24,USDNOK,2026-09-16,FWD_OUTRIGHT,9.588171806451614,BBG_INTERP,2026-07-24T15:00:00-04:00
2026-07-24,USDSEK,2026-07-24,SPOT,9.71555,BBG_BFXFORWARD,2026-07-24T15:00:00-04:00
2026-07-24,USDSEK,2026-09-16,FWD_OUTRIGHT,9.688434451612904,BBG_INTERP,2026-07-24T15:00:00-04:00
2026-07-24,USDSGD,2026-07-24,SPOT,1.29075,BBG_BFXFORWARD,2026-07-24T15:00:00-04:00
2026-07-24,USDSGD,2026-09-16,FWD_OUTRIGHT,1.2863410000000002,BBG_INTERP,2026-07-24T15:00:00-04:00
2026-07-24,USDTRY,2026-07-24,SPOT,47.3391,BBG_BFXFORWARD,2026-07-24T17:00:00-04:00
2026-07-24,USDTWD,2026-07-24,SPOT,32.376,BBG_BFXFORWARD,2026-07-24T17:00:00-04:00
2026-07-24,USDZAR,2026-07-24,SPOT,16.83535,BBG_BFXFORWARD,2026-07-24T15:00:00-04:00
2026-07-24,USDZAR,2026-09-16,FWD_OUTRIGHT,16.90152258064516,BBG_INTERP,2026-07-24T15:00:00-04:00
2026-07-24,XAUUSD,2026-07-24,SPOT,4054.42,BBG_BFXFORWARD,2026-07-24T15:00:00-04:00
2026-07-27,AUDUSD,2026-07-27,SPOT,0.6989,BBG_BFXFORWARD,2026-07-27T15:00:00-04:00
2026-07-27,AUDUSD,2026-09-16,FWD_OUTRIGHT,0.698339724137931,BBG_INTERP,2026-07-27T15:00:00-04:00
2026-07-27,ESU6 Index,2026-09-18,FUTURE_PX,7448.25,BBG_BDH,2026-07-27T17:00:00-04:00
2026-07-27,EURSEK,2026-07-27,SPOT,11.0581,BBG_BFXFORWARD,2026-07-27T17:00:00-04:00
2026-07-27,EURUSD,2026-07-27,SPOT,1.1369,BBG_BFXFORWARD,2026-07-27T17:00:00-04:00
2026-07-27,GBPUSD,2026-07-27,SPOT,1.3289499999999999,BBG_BFXFORWARD,2026-07-27T15:00:00-04:00
2026-07-27,GBPUSD,2026-09-16,FWD_OUTRIGHT,1.3290414827586206,BBG_INTERP,2026-07-27T15:00:00-04:00
2026-07-27,USDBRL,2026-07-27,SPOT,5.1104,BBG_BFXFORWARD,2026-07-27T15:00:00-04:00
2026-07-27,USDCAD,2026-07-27,SPOT,1.4125,BBG_BFXFORWARD,2026-07-27T17:00:00-04:00
2026-07-27,USDCHF,2026-07-27,SPOT,0.81895,BBG_BFXFORWARD,2026-07-27T15:00:00-04:00
2026-07-27,USDCHF,2026-09-16,FWD_OUTRIGHT,0.8145024827586207,BBG_INTERP,2026-07-27T15:00:00-04:00
2026-07-27,USDHKD,2026-07-27,SPOT,7.8423,BBG_BFXFORWARD,2026-07-27T17:00:00-04:00
2026-07-27,USDIDR,2026-07-27,SPOT,18005.0,BBG_BFXFORWARD,2026-07-27T17:00:00-04:00
2026-07-27,USDJPY,2026-07-27,SPOT,163.775,BBG_BFXFORWARD,2026-07-27T15:00:00-04:00
2026-07-27,USDJPY,2026-09-16,FWD_OUTRIGHT,163.11944482758622,BBG_INTERP,2026-07-27T15:00:00-04:00
2026-07-27,USDKRW,2026-07-27,SPOT,1467.55,BBG_BFXFORWARD,2026-07-27T17:00:00-04:00
2026-07-27,USDMXN,2026-07-27,SPOT,17.452,BBG_BFXFORWARD,2026-07-27T17:00:00-04:00
2026-07-27,USDNOK,2026-07-27,SPOT,9.66865,BBG_BFXFORWARD,2026-07-27T15:00:00-04:00
2026-07-27,USDNOK,2026-09-16,FWD_OUTRIGHT,9.674480155172414,BBG_INTERP,2026-07-27T15:00:00-04:00
2026-07-27,USDSEK,2026-07-27,SPOT,9.72785,BBG_BFXFORWARD,2026-07-27T15:00:00-04:00
2026-07-27,USDSEK,2026-09-16,FWD_OUTRIGHT,9.701371137931034,BBG_INTERP,2026-07-27T15:00:00-04:00
2026-07-27,USDSGD,2026-07-27,SPOT,1.2914500000000002,BBG_BFXFORWARD,2026-07-27T15:00:00-04:00
2026-07-27,USDSGD,2026-09-16,FWD_OUTRIGHT,1.2871034827586207,BBG_INTERP,2026-07-27T15:00:00-04:00
2026-07-27,USDTRY,2026-07-27,SPOT,47.3438,BBG_BFXFORWARD,2026-07-27T17:00:00-04:00
2026-07-27,USDTWD,2026-07-27,SPOT,32.293,BBG_BFXFORWARD,2026-07-27T17:00:00-04:00
2026-07-27,USDZAR,2026-07-27,SPOT,16.7618,BBG_BFXFORWARD,2026-07-27T15:00:00-04:00
2026-07-27,USDZAR,2026-09-16,FWD_OUTRIGHT,16.82596034482759,BBG_INTERP,2026-07-27T15:00:00-04:00
2026-07-27,XAUUSD,2026-07-27,SPOT,4078.055,BBG_BFXFORWARD,2026-07-27T15:00:00-04:00
2026-07-28,AUDUSD,2026-07-28,SPOT,0.6975,BBG_BFXFORWARD,2026-07-28T15:00:00-04:00
2026-07-28,AUDUSD,2026-09-16,FWD_OUTRIGHT,0.6969578666666667,BBG_INTERP,2026-07-28T15:00:00-04:00
2026-07-28,ESU6 Index,2026-09-18,FUTURE_PX,7465.25,BBG_BDH,2026-07-28T17:00:00-04:00
2026-07-28,EURSEK,2026-07-28,SPOT,11.0352,BBG_BFXFORWARD,2026-07-28T17:00:00-04:00
2026-07-28,EURUSD,2026-07-28,SPOT,1.1387,BBG_BFXFORWARD,2026-07-28T17:00:00-04:00
2026-07-28,GBPUSD,2026-07-28,SPOT,1.3289,BBG_BFXFORWARD,2026-07-28T15:00:00-04:00
2026-07-28,GBPUSD,2026-09-16,FWD_OUTRIGHT,1.3289717333333333,BBG_INTERP,2026-07-28T15:00:00-04:00
2026-07-28,USDBRL,2026-07-28,SPOT,5.11995,BBG_BFXFORWARD,2026-07-28T15:00:00-04:00
2026-07-28,USDCAD,2026-07-28,SPOT,1.4107,BBG_BFXFORWARD,2026-07-28T17:00:00-04:00
2026-07-28,USDCHF,2026-07-28,SPOT,0.8190500000000001,BBG_BFXFORWARD,2026-07-28T15:00:00-04:00
2026-07-28,USDCHF,2026-09-16,FWD_OUTRIGHT,0.8147078666666667,BBG_INTERP,2026-07-28T15:00:00-04:00
2026-07-28,USDHKD,2026-07-28,SPOT,7.8408,BBG_BFXFORWARD,2026-07-28T17:00:00-04:00
2026-07-28,USDIDR,2026-07-28,SPOT,18067.0,BBG_BFXFORWARD,2026-07-28T17:00:00-04:00
2026-07-28,USDJPY,2026-07-28,SPOT,163.865,BBG_BFXFORWARD,2026-07-28T15:00:00-04:00
2026-07-28,USDJPY,2026-09-16,FWD_OUTRIGHT,163.22361333333333,BBG_INTERP,2026-07-28T15:00:00-04:00
2026-07-28,USDKRW,2026-07-28,SPOT,1453.2,BBG_BFXFORWARD,2026-07-28T17:00:00-04:00
2026-07-28,USDMXN,2026-07-28,SPOT,17.4309,BBG_BFXFORWARD,2026-07-28T17:00:00-04:00
2026-07-28,USDNOK,2026-07-28,SPOT,9.6985,BBG_BFXFORWARD,2026-07-28T15:00:00-04:00
2026-07-28,USDNOK,2026-09-16,FWD_OUTRIGHT,9.7044438,BBG_INTERP,2026-07-28T15:00:00-04:00
2026-07-28,USDSEK,2026-07-28,SPOT,9.694949999999999,BBG_BFXFORWARD,2026-07-28T15:00:00-04:00
2026-07-28,USDSEK,2026-09-16,FWD_OUTRIGHT,9.669105533333331,BBG_INTERP,2026-07-28T15:00:00-04:00
2026-07-28,USDSGD,2026-07-28,SPOT,1.29245,BBG_BFXFORWARD,2026-07-28T15:00:00-04:00
2026-07-28,USDSGD,2026-09-16,FWD_OUTRIGHT,1.2882193333333334,BBG_INTERP,2026-07-28T15:00:00-04:00
2026-07-28,USDTRY,2026-07-28,SPOT,47.3928,BBG_BFXFORWARD,2026-07-28T17:00:00-04:00
2026-07-28,USDTWD,2026-07-28,SPOT,32.401,BBG_BFXFORWARD,2026-07-28T17:00:00-04:00
2026-07-28,USDZAR,2026-07-28,SPOT,16.687150000000003,BBG_BFXFORWARD,2026-07-28T15:00:00-04:00
2026-07-28,USDZAR,2026-09-16,FWD_OUTRIGHT,16.74903666666667,BBG_INTERP,2026-07-28T15:00:00-04:00
2026-07-28,XAUUSD,2026-07-28,SPOT,4023.12,BBG_BFXFORWARD,2026-07-28T15:00:00-04:00
2026-07-29,AUDUSD,2026-07-29,SPOT,0.69845,BBG_BFXFORWARD,2026-07-29T15:00:00-04:00
2026-07-29,AUDUSD,2026-09-16,FWD_OUTRIGHT,0.6978348666666667,BBG_INTERP,2026-07-29T15:00:00-04:00
2026-07-29,ESU6 Index,2026-09-18,FUTURE_PX,7351.25,BBG_BDH,2026-07-29T17:00:00-04:00
2026-07-29,EURSEK,2026-07-29,SPOT,11.0634,BBG_BFXFORWARD,2026-07-29T17:00:00-04:00
2026-07-29,EURUSD,2026-07-29,SPOT,1.1452,BBG_BFXFORWARD,2026-07-29T15:00:00-04:00
2026-07-29,EURUSD,2026-09-16,FWD_OUTRIGHT,1.1473682666666667,BBG_INTERP,2026-07-29T15:00:00-04:00
2026-07-29,GBPUSD,2026-07-29,SPOT,1.33655,BBG_BFXFORWARD,2026-07-29T15:00:00-04:00
2026-07-29,GBPUSD,2026-09-16,FWD_OUTRIGHT,1.3364934666666666,BBG_INTERP,2026-07-29T15:00:00-04:00
2026-07-29,USDBRL,2026-07-29,SPOT,5.0951,BBG_BFXFORWARD,2026-07-29T15:00:00-04:00
2026-07-29,USDCAD,2026-07-29,SPOT,1.4047,BBG_BFXFORWARD,2026-07-29T17:00:00-04:00
2026-07-29,USDCHF,2026-07-29,SPOT,0.81495,BBG_BFXFORWARD,2026-07-29T15:00:00-04:00
2026-07-29,USDCHF,2026-09-16,FWD_OUTRIGHT,0.8107917333333333,BBG_INTERP,2026-07-29T15:00:00-04:00
2026-07-29,USDHKD,2026-07-29,SPOT,7.8423,BBG_BFXFORWARD,2026-07-29T17:00:00-04:00
2026-07-29,USDIDR,2026-07-29,SPOT,18055.0,BBG_BFXFORWARD,2026-07-29T17:00:00-04:00
2026-07-29,USDJPY,2026-07-29,SPOT,163.315,BBG_BFXFORWARD,2026-07-29T15:00:00-04:00
2026-07-29,USDJPY,2026-09-16,FWD_OUTRIGHT,162.70476666666667,BBG_INTERP,2026-07-29T15:00:00-04:00
2026-07-29,USDKRW,2026-07-29,SPOT,1444.4,BBG_BFXFORWARD,2026-07-29T15:00:00-04:00
2026-07-29,USDKRW,2026-09-16,FWD_OUTRIGHT,1442.4733333333334,BBG_INTERP,2026-07-29T17:00:00-04:00
2026-07-29,USDMXN,2026-07-29,SPOT,17.4393,BBG_BFXFORWARD,2026-07-29T17:00:00-04:00
2026-07-29,USDNOK,2026-07-29,SPOT,9.587399999999999,BBG_BFXFORWARD,2026-07-29T15:00:00-04:00
2026-07-29,USDNOK,2026-09-16,FWD_OUTRIGHT,9.594096933333331,BBG_INTERP,2026-07-29T15:00:00-04:00
2026-07-29,USDSEK,2026-07-29,SPOT,9.6433,BBG_BFXFORWARD,2026-07-29T15:00:00-04:00
2026-07-29,USDSEK,2026-09-16,FWD_OUTRIGHT,9.619179366666666,BBG_INTERP,2026-07-29T15:00:00-04:00
2026-07-29,USDSGD,2026-07-29,SPOT,1.2883,BBG_BFXFORWARD,2026-07-29T15:00:00-04:00
2026-07-29,USDSGD,2026-09-16,FWD_OUTRIGHT,1.2840838666666667,BBG_INTERP,2026-07-29T15:00:00-04:00
2026-07-29,USDTRY,2026-07-29,SPOT,47.3857,BBG_BFXFORWARD,2026-07-29T17:00:00-04:00
2026-07-29,USDTWD,2026-07-29,SPOT,32.375,BBG_BFXFORWARD,2026-07-29T17:00:00-04:00
2026-07-29,USDZAR,2026-07-29,SPOT,16.59515,BBG_BFXFORWARD,2026-07-29T15:00:00-04:00
2026-07-29,USDZAR,2026-09-16,FWD_OUTRIGHT,16.656003333333334,BBG_INTERP,2026-07-29T15:00:00-04:00
2026-07-29,XAUUSD,2026-07-29,SPOT,4106.280000000001,BBG_BFXFORWARD,2026-07-29T15:00:00-04:00
2026-07-30,AUDUSD,2026-07-30,SPOT,0.70295,BBG_BFXFORWARD,2026-07-30T15:00:00-04:00
2026-07-30,AUDUSD,2026-09-16,FWD_OUTRIGHT,0.7024066875,BBG_INTERP,2026-07-30T15:00:00-04:00
2026-07-30,ESU6 Index,2026-09-18,FUTURE_PX,7472.5,BBG_BDH,2026-07-30T17:00:00-04:00
2026-07-30,EURSEK,2026-07-30,SPOT,10.9886,BBG_BFXFORWARD,2026-07-30T17:00:00-04:00
2026-07-30,EURUSD,2026-07-30,SPOT,1.15355,BBG_BFXFORWARD,2026-07-30T15:00:00-04:00
2026-07-30,EURUSD,2026-09-16,FWD_OUTRIGHT,1.1555653593750002,BBG_INTERP,2026-07-30T15:00:00-04:00
2026-07-30,GBPUSD,2026-07-30,SPOT,1.3476499999999998,BBG_BFXFORWARD,2026-07-30T15:00:00-04:00
2026-07-30,GBPUSD,2026-09-16,FWD_OUTRIGHT,1.3476066249999998,BBG_INTERP,2026-07-30T15:00:00-04:00
2026-07-30,USDBRL,2026-07-30,SPOT,5.0692,BBG_BFXFORWARD,2026-07-30T15:00:00-04:00
2026-07-30,USDCAD,2026-07-30,SPOT,1.4012,BBG_BFXFORWARD,2026-07-30T17:00:00-04:00
2026-07-30,USDCHF,2026-07-30,SPOT,0.80405,BBG_BFXFORWARD,2026-07-30T15:00:00-04:00
2026-07-30,USDCHF,2026-09-16,FWD_OUTRIGHT,0.80022234375,BBG_INTERP,2026-07-30T15:00:00-04:00
2026-07-30,USDHKD,2026-07-30,SPOT,7.8431,BBG_BFXFORWARD,2026-07-30T17:00:00-04:00
2026-07-30,USDIDR,2026-07-30,SPOT,18085.0,BBG_BFXFORWARD,2026-07-30T17:00:00-04:00
2026-07-30,USDJPY,2026-07-30,SPOT,158.94,BBG_BFXFORWARD,2026-07-30T15:00:00-04:00
2026-07-30,USDJPY,2026-09-16,FWD_OUTRIGHT,158.39393437500001,BBG_INTERP,2026-07-30T15:00:00-04:00
2026-07-30,USDKRW,2026-07-30,SPOT,1421.6,BBG_BFXFORWARD,2026-07-30T15:00:00-04:00
2026-07-30,USDKRW,2026-09-16,FWD_OUTRIGHT,1421.9746875,BBG_INTERP,2026-07-30T17:00:00-04:00
2026-07-30,USDMXN,2026-07-30,SPOT,17.35615,BBG_BFXFORWARD,2026-07-30T15:00:00-04:00
2026-07-30,USDMXN,2026-09-17,FWD_OUTRIGHT,17.421577250000002,BBG_INTERP,2026-07-30T15:00:00-04:00
2026-07-30,USDNOK,2026-07-30,SPOT,9.52365,BBG_BFXFORWARD,2026-07-30T15:00:00-04:00
2026-07-30,USDNOK,2026-09-16,FWD_OUTRIGHT,9.52983309375,BBG_INTERP,2026-07-30T15:00:00-04:00
2026-07-30,USDSEK,2026-07-30,SPOT,9.5191,BBG_BFXFORWARD,2026-07-30T15:00:00-04:00
2026-07-30,USDSEK,2026-09-16,FWD_OUTRIGHT,9.496831468749999,BBG_INTERP,2026-07-30T15:00:00-04:00
2026-07-30,USDSGD,2026-07-30,SPOT,1.2814,BBG_BFXFORWARD,2026-07-30T15:00:00-04:00
2026-07-30,USDSGD,2026-09-16,FWD_OUTRIGHT,1.2774794603174604,BBG_INTERP,2026-07-30T15:00:00-04:00
2026-07-30,USDTRY,2026-07-30,SPOT,47.4588,BBG_BFXFORWARD,2026-07-30T17:00:00-04:00
2026-07-30,USDTWD,2026-07-30,SPOT,32.468,BBG_BFXFORWARD,2026-07-30T17:00:00-04:00
2026-07-30,USDZAR,2026-07-30,SPOT,16.4967,BBG_BFXFORWARD,2026-07-30T15:00:00-04:00
2026-07-30,USDZAR,2026-09-16,FWD_OUTRIGHT,16.553275,BBG_INTERP,2026-07-30T15:00:00-04:00
2026-07-30,XAUUSD,2026-07-30,SPOT,4099.6,BBG_BFXFORWARD,2026-07-30T15:00:00-04:00
2026-07-31,AUDUSD,2026-07-31,SPOT,0.70375,BBG_BFXFORWARD,2026-07-31T15:00:00-04:00
2026-07-31,AUDUSD,2026-09-16,FWD_OUTRIGHT,0.7031889032258064,BBG_INTERP,2026-07-31T15:00:00-04:00
2026-07-31,ESU6 Index,2026-09-18,FUTURE_PX,7519.25,BBG_BDH,2026-07-31T17:00:00-04:00
2026-07-31,EURSEK,2026-07-31,SPOT,10.9762,BBG_BFXFORWARD,2026-07-31T17:00:00-04:00
2026-07-31,EURUSD,2026-07-31,SPOT,1.1531500000000001,BBG_BFXFORWARD,2026-07-31T15:00:00-04:00
2026-07-31,EURUSD,2026-09-16,FWD_OUTRIGHT,1.1551135000000001,BBG_INTERP,2026-07-31T15:00:00-04:00
2026-07-31,GBPUSD,2026-07-31,SPOT,1.34835,BBG_BFXFORWARD,2026-07-31T15:00:00-04:00
2026-07-31,GBPUSD,2026-09-16,FWD_OUTRIGHT,1.3483189677419354,BBG_INTERP,2026-07-31T15:00:00-04:00
2026-07-31,USDBRL,2026-07-31,SPOT,5.0721,BBG_BFXFORWARD,2026-07-31T15:00:00-04:00
2026-07-31,USDCAD,2026-07-31,SPOT,1.4021,BBG_BFXFORWARD,2026-07-31T17:00:00-04:00
2026-07-31,USDCHF,2026-07-31,SPOT,0.8082,BBG_BFXFORWARD,2026-07-31T15:00:00-04:00
2026-07-31,USDCHF,2026-09-16,FWD_OUTRIGHT,0.8044482580645161,BBG_INTERP,2026-07-31T15:00:00-04:00
2026-07-31,USDHKD,2026-07-31,SPOT,7.8422,BBG_BFXFORWARD,2026-07-31T17:00:00-04:00
2026-07-31,USDIDR,2026-07-31,SPOT,18000.0,BBG_BFXFORWARD,2026-07-31T17:00:00-04:00
2026-07-31,USDJPY,2026-07-31,SPOT,158.905,BBG_BFXFORWARD,2026-07-31T15:00:00-04:00
2026-07-31,USDJPY,2026-09-16,FWD_OUTRIGHT,158.3707064516129,BBG_INTERP,2026-07-31T15:00:00-04:00
2026-07-31,USDKRW,2026-07-31,SPOT,1443.4,BBG_BFXFORWARD,2026-07-31T15:00:00-04:00
2026-07-31,USDKRW,2026-09-16,FWD_OUTRIGHT,1438.3190322580645,BBG_INTERP,2026-07-31T17:00:00-04:00
2026-07-31,USDMXN,2026-07-31,SPOT,17.319049999999997,BBG_BFXFORWARD,2026-07-31T15:00:00-04:00
2026-07-31,USDMXN,2026-09-17,FWD_OUTRIGHT,17.38315322580645,BBG_INTERP,2026-07-31T15:00:00-04:00
2026-07-31,USDNOK,2026-07-31,SPOT,9.4801,BBG_BFXFORWARD,2026-07-31T15:00:00-04:00
2026-07-31,USDNOK,2026-09-16,FWD_OUTRIGHT,9.486035161290323,BBG_INTERP,2026-07-31T15:00:00-04:00
2026-07-31,USDSEK,2026-07-31,SPOT,9.519449999999999,BBG_BFXFORWARD,2026-07-31T15:00:00-04:00
2026-07-31,USDSEK,2026-09-16,FWD_OUTRIGHT,9.497808999999998,BBG_INTERP,2026-07-31T15:00:00-04:00
2026-07-31,USDSGD,2026-07-31,SPOT,1.2821500000000001,BBG_BFXFORWARD,2026-07-31T15:00:00-04:00
2026-07-31,USDSGD,2026-09-16,FWD_OUTRIGHT,1.2782819791666669,BBG_INTERP,2026-07-31T15:00:00-04:00
2026-07-31,USDTRY,2026-07-31,SPOT,47.5119,BBG_BFXFORWARD,2026-07-31T17:00:00-04:00
2026-07-31,USDTWD,2026-07-31,SPOT,32.306,BBG_BFXFORWARD,2026-07-31T17:00:00-04:00
2026-07-31,USDZAR,2026-07-31,SPOT,16.5242,BBG_BFXFORWARD,2026-07-31T15:00:00-04:00
2026-07-31,USDZAR,2026-09-16,FWD_OUTRIGHT,16.579675806451615,BBG_INTERP,2026-07-31T15:00:00-04:00
2026-07-31,XAUUSD,2026-07-31,FWD_OUTRIGHT,4050.915,BBG_BFXFORWARD,2026-07-31T15:00:00-04:00
2026-07-31,XAUUSD,2026-07-31,SPOT,4050.915,BBG_BFXFORWARD,2026-07-31T15:00:00-04:00
2026-08-03,AUDUSD,2026-08-03,SPOT,0.69995,BBG_BFXFORWARD,2026-08-03T15:00:00-04:00
2026-08-03,AUDUSD,2026-09-16,FWD_OUTRIGHT,0.6994195555555555,BBG_INTERP,2026-08-03T15:00:00-04:00
2026-08-03,ESU6 Index,2026-09-18,FUTURE_PX,7628.25,BBG_BDH,2026-08-03T17:00:00-04:00
2026-08-03,EURSEK,2026-08-03,SPOT,11.0007,BBG_BFXFORWARD,2026-08-03T17:00:00-04:00
2026-08-03,EURUSD,2026-08-03,SPOT,1.1514,BBG_BFXFORWARD,2026-08-03T15:00:00-04:00
2026-08-03,EURUSD,2026-09-16,FWD_OUTRIGHT,1.1533231481481483,BBG_INTERP,2026-08-03T15:00:00-04:00
2026-08-03,GBPUSD,2026-08-03,SPOT,1.34315,BBG_BFXFORWARD,2026-08-03T15:00:00-04:00
2026-08-03,GBPUSD,2026-09-16,FWD_OUTRIGHT,1.343117462962963,BBG_INTERP,2026-08-03T15:00:00-04:00
2026-08-03,USDBRL,2026-08-03,SPOT,5.0876,BBG_BFXFORWARD,2026-08-03T15:00:00-04:00
2026-08-03,USDCAD,2026-08-03,SPOT,1.4046,BBG_BFXFORWARD,2026-08-03T17:00:00-04:00
2026-08-03,USDCHF,2026-08-03,SPOT,0.81005,BBG_BFXFORWARD,2026-08-03T15:00:00-04:00
2026-08-03,USDCHF,2026-09-16,FWD_OUTRIGHT,0.8063895185185186,BBG_INTERP,2026-08-03T15:00:00-04:00
2026-08-03,USDHKD,2026-08-03,SPOT,7.8421,BBG_BFXFORWARD,2026-08-03T17:00:00-04:00
2026-08-03,USDIDR,2026-08-03,SPOT,17990.0,BBG_BFXFORWARD,2026-08-03T17:00:00-04:00
2026-08-03,USDJPY,2026-08-03,SPOT,156.76999999999998,BBG_BFXFORWARD,2026-08-03T15:00:00-04:00
2026-08-03,USDJPY,2026-09-16,FWD_OUTRIGHT,156.25706296296295,BBG_INTERP,2026-08-03T15:00:00-04:00
2026-08-03,USDKRW,2026-08-03,SPOT,1430.35,BBG_BFXFORWARD,2026-08-03T15:00:00-04:00
2026-08-03,USDKRW,2026-09-16,FWD_OUTRIGHT,1431.762962962963,BBG_INTERP,2026-08-03T17:00:00-04:00
2026-08-03,USDMXN,2026-08-03,SPOT,17.325249999999997,BBG_BFXFORWARD,2026-08-03T15:00:00-04:00
2026-08-03,USDMXN,2026-09-17,FWD_OUTRIGHT,17.387729999999998,BBG_INTERP,2026-08-03T15:00:00-04:00
2026-08-03,USDNOK,2026-08-03,SPOT,9.539650000000002,BBG_BFXFORWARD,2026-08-03T15:00:00-04:00
2026-08-03,USDNOK,2026-09-16,FWD_OUTRIGHT,9.545417907407408,BBG_INTERP,2026-08-03T15:00:00-04:00
2026-08-03,USDSEK,2026-08-03,SPOT,9.55565,BBG_BFXFORWARD,2026-08-03T15:00:00-04:00
2026-08-03,USDSEK,2026-09-16,FWD_OUTRIGHT,9.534493740740741,BBG_INTERP,2026-08-03T15:00:00-04:00
2026-08-03,USDSGD,2026-08-03,SPOT,1.2824499999999999,BBG_BFXFORWARD,2026-08-03T15:00:00-04:00
2026-08-03,USDSGD,2026-09-16,FWD_OUTRIGHT,1.278713234042553,BBG_INTERP,2026-08-03T15:00:00-04:00
2026-08-03,USDTRY,2026-08-03,SPOT,47.529300000000006,BBG_BFXFORWARD,2026-08-03T15:00:00-04:00
2026-08-03,USDTRY,2026-09-16,FWD_OUTRIGHT,49.195637354838716,BBG_INTERP,2026-08-03T15:00:00-04:00
2026-08-03,USDTWD,2026-08-03,SPOT,32.465,BBG_BFXFORWARD,2026-08-03T17:00:00-04:00
2026-08-03,USDZAR,2026-08-03,SPOT,16.52635,BBG_BFXFORWARD,2026-08-03T15:00:00-04:00
2026-08-03,USDZAR,2026-09-16,FWD_OUTRIGHT,16.57912962962963,BBG_INTERP,2026-08-03T15:00:00-04:00
2026-08-03,XAUUSD,2026-08-03,SPOT,4043.73,BBG_BFXFORWARD,2026-08-03T15:00:00-04:00
2026-08-04,AUDUSD,2026-08-04,SPOT,0.7046,BBG_BFXFORWARD,2026-08-04T15:00:00-04:00
2026-08-04,AUDUSD,2026-09-16,FWD_OUTRIGHT,0.7040919285714287,BBG_INTERP,2026-08-04T15:00:00-04:00
2026-08-04,ESU6 Index,2026-09-18,FUTURE_PX,7765.5,BBG_BDH,2026-08-04T17:00:00-04:00
2026-08-04,EURSEK,2026-08-04,SPOT,10.9768,BBG_BFXFORWARD,2026-08-04T17:00:00-04:00
2026-08-04,EURUSD,2026-08-04,SPOT,1.1533,BBG_BFXFORWARD,2026-08-04T15:00:00-04:00
2026-08-04,EURUSD,2026-09-16,FWD_OUTRIGHT,1.1551839285714285,BBG_INTERP,2026-08-04T15:00:00-04:00
2026-08-04,GBPUSD,2026-08-04,SPOT,1.3451499999999998,BBG_BFXFORWARD,2026-08-04T15:00:00-04:00
2026-08-04,GBPUSD,2026-09-16,FWD_OUTRIGHT,1.3451035714285713,BBG_INTERP,2026-08-04T15:00:00-04:00
2026-08-04,USDBRL,2026-08-04,SPOT,5.1358999999999995,BBG_BFXFORWARD,2026-08-04T15:00:00-04:00
2026-08-04,USDCAD,2026-08-04,SPOT,1.4062,BBG_BFXFORWARD,2026-08-04T17:00:00-04:00
2026-08-04,USDCHF,2026-08-04,SPOT,0.80925,BBG_BFXFORWARD,2026-08-04T15:00:00-04:00
2026-08-04,USDCHF,2026-09-16,FWD_OUTRIGHT,0.805672,BBG_INTERP,2026-08-04T15:00:00-04:00
2026-08-04,USDHKD,2026-08-04,SPOT,7.8426,BBG_BFXFORWARD,2026-08-04T17:00:00-04:00
2026-08-04,USDIDR,2026-08-04,SPOT,18023.0,BBG_BFXFORWARD,2026-08-04T17:00:00-04:00
2026-08-04,USDJPY,2026-08-04,SPOT,157.65,BBG_BFXFORWARD,2026-08-04T15:00:00-04:00
2026-08-04,USDJPY,2026-09-16,FWD_OUTRIGHT,157.14482857142858,BBG_INTERP,2026-08-04T15:00:00-04:00
2026-08-04,USDKRW,2026-08-04,SPOT,1431.8000000000002,BBG_BFXFORWARD,2026-08-04T15:00:00-04:00
2026-08-04,USDKRW,2026-09-16,FWD_OUTRIGHT,1429.9642857142856,BBG_INTERP,2026-08-04T17:00:00-04:00
2026-08-04,USDMXN,2026-08-04,SPOT,17.256549999999997,BBG_BFXFORWARD,2026-08-04T15:00:00-04:00
2026-08-04,USDMXN,2026-09-17,FWD_OUTRIGHT,17.31725714285714,BBG_INTERP,2026-08-04T15:00:00-04:00
2026-08-04,USDNOK,2026-08-04,SPOT,9.539000000000001,BBG_BFXFORWARD,2026-08-04T15:00:00-04:00
2026-08-04,USDNOK,2026-09-16,FWD_OUTRIGHT,9.54433242857143,BBG_INTERP,2026-08-04T15:00:00-04:00
2026-08-04,USDSEK,2026-08-04,SPOT,9.519649999999999,BBG_BFXFORWARD,2026-08-04T15:00:00-04:00
2026-08-04,USDSEK,2026-09-16,FWD_OUTRIGHT,9.498925428571427,BBG_INTERP,2026-08-04T15:00:00-04:00
2026-08-04,USDSGD,2026-08-04,SPOT,1.28185,BBG_BFXFORWARD,2026-08-04T15:00:00-04:00
2026-08-04,USDSGD,2026-09-16,FWD_OUTRIGHT,1.278250642857143,BBG_INTERP,2026-08-04T15:00:00-04:00
2026-08-04,USDTRY,2026-08-04,SPOT,47.546899999999994,BBG_BFXFORWARD,2026-08-04T15:00:00-04:00
2026-08-04,USDTRY,2026-09-16,FWD_OUTRIGHT,49.14996631481481,BBG_INTERP,2026-08-04T15:00:00-04:00
2026-08-04,USDTWD,2026-08-04,SPOT,32.465,BBG_BFXFORWARD,2026-08-04T17:00:00-04:00
2026-08-04,USDZAR,2026-08-04,SPOT,16.3927,BBG_BFXFORWARD,2026-08-04T15:00:00-04:00
2026-08-04,USDZAR,2026-09-16,FWD_OUTRIGHT,16.444314285714288,BBG_INTERP,2026-08-04T15:00:00-04:00
2026-08-04,XAUUSD,2026-08-04,SPOT,4080.075,BBG_BFXFORWARD,2026-08-04T15:00:00-04:00
2026-08-05,AUDUSD,2026-08-05,SPOT,0.70605,BBG_BFXFORWARD,2026-08-05T15:00:00-04:00
2026-08-05,AUDUSD,2026-09-16,FWD_OUTRIGHT,0.7055638793103448,BBG_INTERP,2026-08-05T15:00:00-04:00
2026-08-05,ESU6 Index,2026-09-18,FUTURE_PX,7749.5,BBG_BDH,2026-08-05T17:00:00-04:00
2026-08-05,EURSEK,2026-08-05,SPOT,10.9603,BBG_BFXFORWARD,2026-08-05T17:00:00-04:00
2026-08-05,EURUSD,2026-08-05,SPOT,1.1554,BBG_BFXFORWARD,2026-08-05T15:00:00-04:00
2026-08-05,EURUSD,2026-09-16,FWD_OUTRIGHT,1.1572348275862068,BBG_INTERP,2026-08-05T15:00:00-04:00
2026-08-05,GBPUSD,2026-08-05,SPOT,1.3469,BBG_BFXFORWARD,2026-08-05T15:00:00-04:00
2026-08-05,GBPUSD,2026-09-16,FWD_OUTRIGHT,1.3468453620689655,BBG_INTERP,2026-08-05T15:00:00-04:00
2026-08-05,USDBRL,2026-08-05,SPOT,5.1251,BBG_BFXFORWARD,2026-08-05T15:00:00-04:00
2026-08-05,USDCAD,2026-08-05,SPOT,1.4012,BBG_BFXFORWARD,2026-08-05T17:00:00-04:00
2026-08-05,USDCHF,2026-08-05,SPOT,0.8069500000000001,BBG_BFXFORWARD,2026-08-05T15:00:00-04:00
2026-08-05,USDCHF,2026-09-16,FWD_OUTRIGHT,0.8034663965517241,BBG_INTERP,2026-08-05T15:00:00-04:00
2026-08-05,USDHKD,2026-08-05,SPOT,7.8439499999999995,BBG_BFXFORWARD,2026-08-05T15:00:00-04:00
2026-08-05,USDHKD,2026-08-07,FWD_OUTRIGHT,7.8439499999999995,BBG_INTERP,2026-08-05T15:00:00-04:00
2026-08-05,USDHKD,2026-09-08,FWD_OUTRIGHT,7.834771,BBG_INTERP,2026-08-05T15:00:00-04:00
2026-08-05,USDIDR,2026-08-05,SPOT,17930.0,BBG_BFXFORWARD,2026-08-05T17:00:00-04:00
2026-08-05,USDJPY,2026-08-05,SPOT,157.675,BBG_BFXFORWARD,2026-08-05T15:00:00-04:00
2026-08-05,USDJPY,2026-09-16,FWD_OUTRIGHT,157.18050689655175,BBG_INTERP,2026-08-05T15:00:00-04:00
2026-08-05,USDKRW,2026-08-05,SPOT,1422.8000000000002,BBG_BFXFORWARD,2026-08-05T15:00:00-04:00
2026-08-05,USDKRW,2026-09-16,FWD_OUTRIGHT,1423.128620689655,BBG_INTERP,2026-08-05T17:00:00-04:00
2026-08-05,USDMXN,2026-08-05,SPOT,17.243650000000002,BBG_BFXFORWARD,2026-08-05T15:00:00-04:00
2026-08-05,USDMXN,2026-09-17,FWD_OUTRIGHT,17.302758965517242,BBG_INTERP,2026-08-05T15:00:00-04:00
2026-08-05,USDNOK,2026-08-05,SPOT,9.5169,BBG_BFXFORWARD,2026-08-05T15:00:00-04:00
2026-08-05,USDNOK,2026-09-16,FWD_OUTRIGHT,9.522013,BBG_INTERP,2026-08-05T15:00:00-04:00
2026-08-05,USDSEK,2026-08-05,SPOT,9.4831,BBG_BFXFORWARD,2026-08-05T15:00:00-04:00
2026-08-05,USDSEK,2026-09-16,FWD_OUTRIGHT,9.462930724137932,BBG_INTERP,2026-08-05T15:00:00-04:00
2026-08-05,USDSGD,2026-08-05,SPOT,1.2809499999999998,BBG_BFXFORWARD,2026-08-05T15:00:00-04:00
2026-08-05,USDSGD,2026-09-16,FWD_OUTRIGHT,1.277434396551724,BBG_INTERP,2026-08-05T15:00:00-04:00
2026-08-05,USDTRY,2026-08-05,SPOT,47.566900000000004,BBG_BFXFORWARD,2026-08-05T15:00:00-04:00
2026-08-05,USDTRY,2026-09-16,FWD_OUTRIGHT,49.13789714285715,BBG_INTERP,2026-08-05T15:00:00-04:00
2026-08-05,USDTWD,2026-08-05,SPOT,32.303,BBG_BFXFORWARD,2026-08-05T17:00:00-04:00
2026-08-05,USDZAR,2026-08-05,SPOT,16.31255,BBG_BFXFORWARD,2026-08-05T15:00:00-04:00
2026-08-05,USDZAR,2026-09-16,FWD_OUTRIGHT,16.363634482758624,BBG_INTERP,2026-08-05T15:00:00-04:00
2026-08-05,XAUUSD,2026-08-05,SPOT,4260.705,BBG_BFXFORWARD,2026-08-05T15:00:00-04:00
2026-08-06,AUDUSD,2026-08-06,SPOT,0.70335,BBG_BFXFORWARD,2026-08-06T15:00:00-04:00
2026-08-06,AUDUSD,2026-09-16,FWD_OUTRIGHT,0.7028884687500001,BBG_INTERP,2026-08-06T15:00:00-04:00
2026-08-06,ESU6 Index,2026-09-18,FUTURE_PX,7734.75,BBG_BDH,2026-08-06T17:00:00-04:00
2026-08-06,EURSEK,2026-08-06,SPOT,10.9624,BBG_BFXFORWARD,2026-08-06T17:00:00-04:00
2026-08-06,EURUSD,2026-08-06,SPOT,1.1524,BBG_BFXFORWARD,2026-08-06T15:00:00-04:00
2026-08-06,EURUSD,2026-09-16,FWD_OUTRIGHT,1.1541053125,BBG_INTERP,2026-08-06T15:00:00-04:00
2026-08-06,GBPUSD,2026-08-06,SPOT,1.34575,BBG_BFXFORWARD,2026-08-06T15:00:00-04:00
2026-08-06,GBPUSD,2026-09-16,FWD_OUTRIGHT,1.34569946875,BBG_INTERP,2026-08-06T15:00:00-04:00
2026-08-06,USDBRL,2026-08-06,SPOT,5.1002,BBG_BFXFORWARD,2026-08-06T15:00:00-04:00
2026-08-06,USDCAD,2026-08-06,SPOT,1.4013499999999999,BBG_BFXFORWARD,2026-08-06T15:00:00-04:00
2026-08-06,USDCAD,2026-09-16,FWD_OUTRIGHT,1.3989900172413792,BBG_INTERP,2026-08-06T15:00:00-04:00
2026-08-06,USDCHF,2026-08-06,SPOT,0.81215,BBG_BFXFORWARD,2026-08-06T15:00:00-04:00
2026-08-06,USDCHF,2026-09-16,FWD_OUTRIGHT,0.8088990625000001,BBG_INTERP,2026-08-06T15:00:00-04:00
2026-08-06,USDHKD,2026-08-06,SPOT,7.84495,BBG_BFXFORWARD,2026-08-06T15:00:00-04:00
2026-08-06,USDHKD,2026-08-07,FWD_OUTRIGHT,7.84495,BBG_INTERP,2026-08-06T15:00:00-04:00
2026-08-06,USDHKD,2026-09-08,FWD_OUTRIGHT,7.836287117647059,BBG_INTERP,2026-08-06T15:00:00-04:00
2026-08-06,USDIDR,2026-08-06,SPOT,17918.0,BBG_BFXFORWARD,2026-08-06T17:00:00-04:00
2026-08-06,USDJPY,2026-08-06,SPOT,158.325,BBG_BFXFORWARD,2026-08-06T15:00:00-04:00
2026-08-06,USDJPY,2026-09-16,FWD_OUTRIGHT,157.863096875,BBG_INTERP,2026-08-06T15:00:00-04:00
2026-08-06,USDKRW,2026-08-06,SPOT,1423.5,BBG_BFXFORWARD,2026-08-06T15:00:00-04:00
2026-08-06,USDKRW,2026-09-16,FWD_OUTRIGHT,1422.859375,BBG_INTERP,2026-08-06T17:00:00-04:00
2026-08-06,USDMXN,2026-08-06,SPOT,17.21275,BBG_BFXFORWARD,2026-08-06T15:00:00-04:00
2026-08-06,USDMXN,2026-09-17,FWD_OUTRIGHT,17.26788125,BBG_INTERP,2026-08-06T15:00:00-04:00
2026-08-06,USDNOK,2026-08-06,SPOT,9.5455,BBG_BFXFORWARD,2026-08-06T15:00:00-04:00
2026-08-06,USDNOK,2026-09-16,FWD_OUTRIGHT,9.55029984375,BBG_INTERP,2026-08-06T15:00:00-04:00
2026-08-06,USDSEK,2026-08-06,SPOT,9.50695,BBG_BFXFORWARD,2026-08-06T15:00:00-04:00
2026-08-06,USDSEK,2026-09-16,FWD_OUTRIGHT,9.4882385,BBG_INTERP,2026-08-06T15:00:00-04:00
2026-08-06,USDSGD,2026-08-06,SPOT,1.2834,BBG_BFXFORWARD,2026-08-06T15:00:00-04:00
2026-08-06,USDSGD,2026-09-16,FWD_OUTRIGHT,1.280181875,BBG_INTERP,2026-08-06T15:00:00-04:00
2026-08-06,USDTRY,2026-08-06,SPOT,47.593900000000005,BBG_BFXFORWARD,2026-08-06T15:00:00-04:00
2026-08-06,USDTRY,2026-09-16,FWD_OUTRIGHT,49.13757967241379,BBG_INTERP,2026-08-06T15:00:00-04:00
2026-08-06,USDTWD,2026-08-06,SPOT,32.248,BBG_BFXFORWARD,2026-08-06T17:00:00-04:00
2026-08-06,USDZAR,2026-08-06,SPOT,16.33775,BBG_BFXFORWARD,2026-08-06T15:00:00-04:00
2026-08-06,USDZAR,2026-09-16,FWD_OUTRIGHT,16.385790625,BBG_INTERP,2026-08-06T15:00:00-04:00
2026-08-06,XAUUSD,2026-08-06,SPOT,4243.6900000000005,BBG_BFXFORWARD,2026-08-06T15:00:00-04:00
2026-08-07,AUDUSD,2026-08-07,SPOT,0.70695,BBG_BFXFORWARD,2026-08-07T15:00:00-04:00
2026-08-07,AUDUSD,2026-09-16,FWD_OUTRIGHT,0.7064947580645161,BBG_INTERP,2026-08-07T15:00:00-04:00
2026-08-07,ESU6 Index,2026-09-18,FUTURE_PX,7779.75,BBG_BDH,2026-08-07T17:00:00-04:00
2026-08-07,EURSEK,2026-08-07,SPOT,10.956,BBG_BFXFORWARD,2026-08-07T17:00:00-04:00
2026-08-07,EURUSD,2026-08-07,SPOT,1.1565500000000002,BBG_BFXFORWARD,2026-08-07T15:00:00-04:00
2026-08-07,EURUSD,2026-09-16,FWD_OUTRIGHT,1.1582092580645165,BBG_INTERP,2026-08-07T15:00:00-04:00
2026-08-07,GBPUSD,2026-08-07,SPOT,1.3499500000000002,BBG_BFXFORWARD,2026-08-07T15:00:00-04:00
2026-08-07,GBPUSD,2026-09-16,FWD_OUTRIGHT,1.3499004838709678,BBG_INTERP,2026-08-07T15:00:00-04:00
2026-08-07,USDBRL,2026-08-07,SPOT,5.0842,BBG_BFXFORWARD,2026-08-07T15:00:00-04:00
2026-08-07,USDCAD,2026-08-07,SPOT,1.39365,BBG_BFXFORWARD,2026-08-07T15:00:00-04:00
2026-08-07,USDCAD,2026-09-16,FWD_OUTRIGHT,1.39146196875,BBG_INTERP,2026-08-07T15:00:00-04:00
2026-08-07,USDCHF,2026-08-07,SPOT,0.80755,BBG_BFXFORWARD,2026-08-07T15:00:00-04:00
2026-08-07,USDCHF,2026-09-16,FWD_OUTRIGHT,0.8044120322580646,BBG_INTERP,2026-08-07T15:00:00-04:00
2026-08-07,USDHKD,2026-08-07,FWD_OUTRIGHT,7.8456,BBG_BFXFORWARD,2026-08-07T15:00:00-04:00
2026-08-07,USDHKD,2026-08-07,SPOT,7.8456,BBG_BFXFORWARD,2026-08-07T15:00:00-04:00
2026-08-07,USDHKD,2026-09-08,FWD_OUTRIGHT,7.837299911764706,BBG_INTERP,2026-08-07T15:00:00-04:00
2026-08-07,USDIDR,2026-08-07,SPOT,17890.0,BBG_BFXFORWARD,2026-08-07T17:00:00-04:00
2026-08-07,USDJPY,2026-08-07,SPOT,157.535,BBG_BFXFORWARD,2026-08-07T15:00:00-04:00
2026-08-07,USDJPY,2026-09-16,FWD_OUTRIGHT,157.07096451612904,BBG_INTERP,2026-08-07T15:00:00-04:00
2026-08-07,USDKRW,2026-08-07,SPOT,1409.95,BBG_BFXFORWARD,2026-08-07T15:00:00-04:00
2026-08-07,USDMXN,2026-08-07,SPOT,17.1389,BBG_BFXFORWARD,2026-08-07T15:00:00-04:00
2026-08-07,USDMXN,2026-09-17,FWD_OUTRIGHT,17.192515625,BBG_INTERP,2026-08-07T15:00:00-04:00
2026-08-07,USDNOK,2026-08-07,SPOT,9.492650000000001,BBG_BFXFORWARD,2026-08-07T15:00:00-04:00
2026-08-07,USDNOK,2026-09-16,FWD_OUTRIGHT,9.497270516129033,BBG_INTERP,2026-08-07T15:00:00-04:00
2026-08-07,USDSEK,2026-08-07,SPOT,9.46855,BBG_BFXFORWARD,2026-08-07T15:00:00-04:00
2026-08-07,USDSEK,2026-09-16,FWD_OUTRIGHT,9.450462548387097,BBG_INTERP,2026-08-07T15:00:00-04:00
2026-08-07,USDSGD,2026-08-07,SPOT,1.2782499999999999,BBG_BFXFORWARD,2026-08-07T15:00:00-04:00
2026-08-07,USDSGD,2026-09-16,FWD_OUTRIGHT,1.2749796129032256,BBG_INTERP,2026-08-07T15:00:00-04:00
2026-08-07,USDTRY,2026-08-07,SPOT,47.696200000000005,BBG_BFXFORWARD,2026-08-07T15:00:00-04:00
2026-08-07,USDTRY,2026-09-16,FWD_OUTRIGHT,49.145381156250004,BBG_INTERP,2026-08-07T15:00:00-04:00
2026-08-07,USDTWD,2026-08-07,SPOT,32.304,BBG_BFXFORWARD,2026-08-07T17:00:00-04:00
2026-08-07,USDZAR,2026-08-07,SPOT,16.148699999999998,BBG_BFXFORWARD,2026-08-07T15:00:00-04:00
2026-08-07,USDZAR,2026-09-16,FWD_OUTRIGHT,16.19689516129032,BBG_INTERP,2026-08-07T15:00:00-04:00
2026-08-07,XAUUSD,2026-08-07,SPOT,4337.675,BBG_BFXFORWARD,2026-08-07T15:00:00-04:00
2026-08-10,AUDUSD,2026-08-10,SPOT,0.70565,BBG_BFXFORWARD,2026-08-10T15:00:00-04:00
2026-08-10,AUDUSD,2026-09-16,FWD_OUTRIGHT,0.7052082857142857,BBG_INTERP,2026-08-10T15:00:00-04:00
2026-08-10,ESU6 Index,2026-09-18,FUTURE_PX,7776.75,BBG_BDH,2026-08-10T17:00:00-04:00
2026-08-10,EURSEK,2026-08-10,SPOT,10.9619,BBG_BFXFORWARD,2026-08-10T17:00:00-04:00
2026-08-10,EURUSD,2026-08-10,SPOT,1.15425,BBG_BFXFORWARD,2026-08-10T15:00:00-04:00
2026-08-10,EURUSD,2026-09-16,FWD_OUTRIGHT,1.1558687857142858,BBG_INTERP,2026-08-10T15:00:00-04:00
2026-08-10,GBPUSD,2026-08-10,SPOT,1.35095,BBG_BFXFORWARD,2026-08-10T15:00:00-04:00
2026-08-10,GBPUSD,2026-09-16,FWD_OUTRIGHT,1.3508960714285716,BBG_INTERP,2026-08-10T15:00:00-04:00
2026-08-10,USDBRL,2026-08-10,SPOT,5.1122,BBG_BFXFORWARD,2026-08-10T15:00:00-04:00
2026-08-10,USDCAD,2026-08-10,SPOT,1.39425,BBG_BFXFORWARD,2026-08-10T15:00:00-04:00
2026-08-10,USDCAD,2026-09-16,FWD_OUTRIGHT,1.3921116774193547,BBG_INTERP,2026-08-10T15:00:00-04:00
2026-08-10,USDCHF,2026-08-10,SPOT,0.8102,BBG_BFXFORWARD,2026-08-10T15:00:00-04:00
2026-08-10,USDCHF,2026-09-16,FWD_OUTRIGHT,0.8071446428571428,BBG_INTERP,2026-08-10T15:00:00-04:00
2026-08-10,USDHKD,2026-08-10,SPOT,7.84555,BBG_BFXFORWARD,2026-08-10T15:00:00-04:00
2026-08-10,USDHKD,2026-09-08,FWD_OUTRIGHT,7.837543131578948,BBG_INTERP,2026-08-10T15:00:00-04:00
2026-08-10,USDIDR,2026-08-10,SPOT,17762.0,BBG_BFXFORWARD,2026-08-10T17:00:00-04:00
2026-08-10,USDJPY,2026-08-10,SPOT,159.245,BBG_BFXFORWARD,2026-08-10T15:00:00-04:00
2026-08-10,USDJPY,2026-09-16,FWD_OUTRIGHT,158.81985,BBG_INTERP,2026-08-10T15:00:00-04:00
2026-08-10,USDKRW,2026-08-10,SPOT,1417.7,BBG_BFXFORWARD,2026-08-10T15:00:00-04:00
2026-08-10,USDKRW,2026-09-16,FWD_OUTRIGHT,1417.3,BBG_INTERP,2026-08-10T17:00:00-04:00
2026-08-10,USDMXN,2026-08-10,SPOT,17.14045,BBG_BFXFORWARD,2026-08-10T15:00:00-04:00
2026-08-10,USDMXN,2026-09-17,FWD_OUTRIGHT,17.19249574468085,BBG_INTERP,2026-08-10T15:00:00-04:00
2026-08-10,USDNOK,2026-08-10,SPOT,9.50055,BBG_BFXFORWARD,2026-08-10T15:00:00-04:00
2026-08-10,USDNOK,2026-09-16,FWD_OUTRIGHT,9.504744571428573,BBG_INTERP,2026-08-10T15:00:00-04:00
2026-08-10,USDSEK,2026-08-10,SPOT,9.50155,BBG_BFXFORWARD,2026-08-10T15:00:00-04:00
2026-08-10,USDSEK,2026-09-16,FWD_OUTRIGHT,9.483915571428572,BBG_INTERP,2026-08-10T15:00:00-04:00
2026-08-10,USDSGD,2026-08-10,SPOT,1.2807,BBG_BFXFORWARD,2026-08-10T15:00:00-04:00
2026-08-10,USDSGD,2026-09-16,FWD_OUTRIGHT,1.2776182857142857,BBG_INTERP,2026-08-10T15:00:00-04:00
2026-08-10,USDTRY,2026-08-10,SPOT,47.7123,BBG_BFXFORWARD,2026-08-10T15:00:00-04:00
2026-08-10,USDTRY,2026-09-16,FWD_OUTRIGHT,49.12958170967742,BBG_INTERP,2026-08-10T15:00:00-04:00
2026-08-10,USDTWD,2026-08-10,SPOT,32.219,BBG_BFXFORWARD,2026-08-10T17:00:00-04:00
2026-08-10,USDZAR,2026-08-10,SPOT,16.199350000000003,BBG_BFXFORWARD,2026-08-10T15:00:00-04:00
2026-08-10,USDZAR,2026-09-16,FWD_OUTRIGHT,16.243978571428574,BBG_INTERP,2026-08-10T15:00:00-04:00
2026-08-10,XAUUSD,2026-08-10,SPOT,4379.49,BBG_BFXFORWARD,2026-08-10T15:00:00-04:00
2026-08-11,AUDUSD,2026-08-11,SPOT,0.7059,BBG_BFXFORWARD,2026-08-11T15:00:00-04:00
2026-08-11,AUDUSD,2026-09-16,FWD_OUTRIGHT,0.7054755172413792,BBG_INTERP,2026-08-11T15:00:00-04:00
2026-08-11,ESU6 Index,2026-09-18,FUTURE_PX,7747.5,BBG_BDH,2026-08-11T17:00:00-04:00
2026-08-11,EURSEK,2026-08-11,SPOT,10.9906,BBG_BFXFORWARD,2026-08-11T17:00:00-04:00
2026-08-11,EURUSD,2026-08-11,SPOT,1.1541,BBG_BFXFORWARD,2026-08-11T15:00:00-04:00
2026-08-11,EURUSD,2026-09-16,FWD_OUTRIGHT,1.1556676896551723,BBG_INTERP,2026-08-11T15:00:00-04:00
2026-08-11,GBPUSD,2026-08-11,SPOT,1.3503500000000002,BBG_BFXFORWARD,2026-08-11T15:00:00-04:00
2026-08-11,GBPUSD,2026-09-16,FWD_OUTRIGHT,1.3502957931034485,BBG_INTERP,2026-08-11T15:00:00-04:00
2026-08-11,USDBRL,2026-08-11,SPOT,5.169449999999999,BBG_BFXFORWARD,2026-08-11T15:00:00-04:00
2026-08-11,USDCAD,2026-08-11,SPOT,1.39195,BBG_BFXFORWARD,2026-08-11T15:00:00-04:00
2026-08-11,USDCAD,2026-09-16,FWD_OUTRIGHT,1.389887392857143,BBG_INTERP,2026-08-11T15:00:00-04:00
2026-08-11,USDCHF,2026-08-11,SPOT,0.81115,BBG_BFXFORWARD,2026-08-11T15:00:00-04:00
2026-08-11,USDCHF,2026-09-16,FWD_OUTRIGHT,0.8081874310344828,BBG_INTERP,2026-08-11T15:00:00-04:00
2026-08-11,USDHKD,2026-08-11,SPOT,7.84695,BBG_BFXFORWARD,2026-08-11T15:00:00-04:00
2026-08-11,USDHKD,2026-09-08,FWD_OUTRIGHT,7.838959333333333,BBG_INTERP,2026-08-11T15:00:00-04:00
2026-08-11,USDIDR,2026-08-11,SPOT,17840.0,BBG_BFXFORWARD,2026-08-11T17:00:00-04:00
2026-08-11,USDJPY,2026-08-11,SPOT,159.265,BBG_BFXFORWARD,2026-08-11T15:00:00-04:00
2026-08-11,USDJPY,2026-09-16,FWD_OUTRIGHT,158.84039999999996,BBG_INTERP,2026-08-11T15:00:00-04:00
2026-08-11,USDKRW,2026-08-11,SPOT,1413.85,BBG_BFXFORWARD,2026-08-11T15:00:00-04:00
2026-08-11,USDKRW,2026-09-16,FWD_OUTRIGHT,1412.6017241379311,BBG_INTERP,2026-08-11T17:00:00-04:00
2026-08-11,USDMXN,2026-08-11,SPOT,17.090249999999997,BBG_BFXFORWARD,2026-08-11T15:00:00-04:00
2026-08-11,USDMXN,2026-09-17,FWD_OUTRIGHT,17.14049137931034,BBG_INTERP,2026-08-11T15:00:00-04:00
2026-08-11,USDNOK,2026-08-11,SPOT,9.4987,BBG_BFXFORWARD,2026-08-11T15:00:00-04:00
2026-08-11,USDNOK,2026-09-16,FWD_OUTRIGHT,9.502886362068965,BBG_INTERP,2026-08-11T15:00:00-04:00
2026-08-11,USDSEK,2026-08-11,SPOT,9.52445,BBG_BFXFORWARD,2026-08-11T15:00:00-04:00
2026-08-11,USDSEK,2026-09-16,FWD_OUTRIGHT,9.50717824137931,BBG_INTERP,2026-08-11T15:00:00-04:00
2026-08-11,USDSGD,2026-08-11,SPOT,1.2800500000000001,BBG_BFXFORWARD,2026-08-11T15:00:00-04:00
2026-08-11,USDSGD,2026-09-16,FWD_OUTRIGHT,1.277122379310345,BBG_INTERP,2026-08-11T15:00:00-04:00
2026-08-11,USDTRY,2026-08-11,SPOT,47.7385,BBG_BFXFORWARD,2026-08-11T15:00:00-04:00
2026-08-11,USDTRY,2026-09-16,FWD_OUTRIGHT,49.062602857142856,BBG_INTERP,2026-08-11T15:00:00-04:00
2026-08-11,USDTWD,2026-08-11,SPOT,32.289,BBG_BFXFORWARD,2026-08-11T17:00:00-04:00
2026-08-11,USDZAR,2026-08-11,SPOT,16.2167,BBG_BFXFORWARD,2026-08-11T15:00:00-04:00
2026-08-11,USDZAR,2026-09-16,FWD_OUTRIGHT,16.260155172413793,BBG_INTERP,2026-08-11T15:00:00-04:00
2026-08-11,XAUUSD,2026-08-11,SPOT,4371.79,BBG_BFXFORWARD,2026-08-11T15:00:00-04:00
2026-08-12,AUDUSD,2026-08-12,SPOT,0.70615,BBG_BFXFORWARD,2026-08-12T15:00:00-04:00
2026-08-12,AUDUSD,2026-09-16,FWD_OUTRIGHT,0.7057346333333334,BBG_INTERP,2026-08-12T15:00:00-04:00
2026-08-12,ESU6 Index,2026-09-18,FUTURE_PX,7770.5,BBG_BDH,2026-08-12T17:00:00-04:00
2026-08-12,EURSEK,2026-08-12,SPOT,11.0444,BBG_BFXFORWARD,2026-08-12T17:00:00-04:00
2026-08-12,EURUSD,2026-08-12,SPOT,1.1521,BBG_BFXFORWARD,2026-08-12T15:00:00-04:00
2026-08-12,EURUSD,2026-09-16,FWD_OUTRIGHT,1.1536088666666666,BBG_INTERP,2026-08-12T15:00:00-04:00
2026-08-12,GBPUSD,2026-08-12,SPOT,1.34885,BBG_BFXFORWARD,2026-08-12T15:00:00-04:00
2026-08-12,GBPUSD,2026-09-16,FWD_OUTRIGHT,1.3487898000000003,BBG_INTERP,2026-08-12T15:00:00-04:00
2026-08-12,USDBRL,2026-08-12,SPOT,5.16145,BBG_BFXFORWARD,2026-08-12T15:00:00-04:00
2026-08-12,USDCAD,2026-08-12,SPOT,1.39465,BBG_BFXFORWARD,2026-08-12T15:00:00-04:00
2026-08-12,USDCAD,2026-09-16,FWD_OUTRIGHT,1.3926409655172414,BBG_INTERP,2026-08-12T15:00:00-04:00
2026-08-12,USDCHF,2026-08-12,SPOT,0.81375,BBG_BFXFORWARD,2026-08-12T15:00:00-04:00
2026-08-12,USDCHF,2026-09-16,FWD_OUTRIGHT,0.8108656,BBG_INTERP,2026-08-12T15:00:00-04:00
2026-08-12,USDHKD,2026-08-12,SPOT,7.847300000000001,BBG_BFXFORWARD,2026-08-12T15:00:00-04:00
2026-08-12,USDHKD,2026-09-08,FWD_OUTRIGHT,7.839242411764706,BBG_INTERP,2026-08-12T15:00:00-04:00
2026-08-12,USDIDR,2026-08-12,SPOT,17875.0,BBG_BFXFORWARD,2026-08-12T17:00:00-04:00
2026-08-12,USDJPY,2026-08-12,SPOT,159.495,BBG_BFXFORWARD,2026-08-12T15:00:00-04:00
2026-08-12,USDJPY,2026-09-16,FWD_OUTRIGHT,159.08323333333334,BBG_INTERP,2026-08-12T15:00:00-04:00
2026-08-12,USDKRW,2026-08-12,SPOT,1418.65,BBG_BFXFORWARD,2026-08-12T15:00:00-04:00
2026-08-12,USDKRW,2026-09-16,FWD_OUTRIGHT,1416.3033333333333,BBG_INTERP,2026-08-12T17:00:00-04:00
2026-08-12,USDMXN,2026-08-12,SPOT,17.0571,BBG_BFXFORWARD,2026-08-12T15:00:00-04:00
2026-08-12,USDMXN,2026-09-17,FWD_OUTRIGHT,17.105509999999995,BBG_INTERP,2026-08-12T15:00:00-04:00
2026-08-12,USDNOK,2026-08-12,SPOT,9.49915,BBG_BFXFORWARD,2026-08-12T15:00:00-04:00
2026-08-12,USDNOK,2026-09-16,FWD_OUTRIGHT,9.5032602,BBG_INTERP,2026-08-12T15:00:00-04:00
2026-08-12,USDSEK,2026-08-12,SPOT,9.585999999999999,BBG_BFXFORWARD,2026-08-12T15:00:00-04:00
2026-08-12,USDSEK,2026-09-16,FWD_OUTRIGHT,9.569077499999999,BBG_INTERP,2026-08-12T15:00:00-04:00
2026-08-12,USDSGD,2026-08-12,SPOT,1.28065,BBG_BFXFORWARD,2026-08-12T15:00:00-04:00
2026-08-12,USDSGD,2026-09-16,FWD_OUTRIGHT,1.27783,BBG_INTERP,2026-08-12T15:00:00-04:00
2026-08-12,USDTRY,2026-08-12,SPOT,47.752700000000004,BBG_BFXFORWARD,2026-08-12T15:00:00-04:00
2026-08-12,USDTRY,2026-09-16,FWD_OUTRIGHT,49.041863534482765,BBG_INTERP,2026-08-12T15:00:00-04:00
2026-08-12,USDTWD,2026-08-12,SPOT,32.252,BBG_BFXFORWARD,2026-08-12T17:00:00-04:00
2026-08-12,USDZAR,2026-08-12,SPOT,16.146,BBG_BFXFORWARD,2026-08-12T15:00:00-04:00
2026-08-12,USDZAR,2026-09-16,FWD_OUTRIGHT,16.18719,BBG_INTERP,2026-08-12T15:00:00-04:00
2026-08-12,XAUUSD,2026-08-12,SPOT,4413.23,BBG_BFXFORWARD,2026-08-12T15:00:00-04:00
2026-08-13,AUDUSD,2026-08-13,SPOT,0.70575,BBG_BFXFORWARD,2026-08-13T15:00:00-04:00
2026-08-13,AUDUSD,2026-09-16,FWD_OUTRIGHT,0.7053775294117647,BBG_INTERP,2026-08-13T15:00:00-04:00
2026-08-13,ESU6 Index,2026-09-18,FUTURE_PX,7822.5,BBG_BDH,2026-08-13T17:00:00-04:00
2026-08-13,EURSEK,2026-08-13,SPOT,11.0311,BBG_BFXFORWARD,2026-08-13T17:00:00-04:00
2026-08-13,EURUSD,2026-08-13,SPOT,1.1529,BBG_BFXFORWARD,2026-08-13T15:00:00-04:00
2026-08-13,EURUSD,2026-09-16,FWD_OUTRIGHT,1.1542751176470587,BBG_INTERP,2026-08-13T15:00:00-04:00
2026-08-13,GBPUSD,2026-08-13,SPOT,1.3484500000000001,BBG_BFXFORWARD,2026-08-13T15:00:00-04:00
2026-08-13,GBPUSD,2026-09-16,FWD_OUTRIGHT,1.348389911764706,BBG_INTERP,2026-08-13T15:00:00-04:00
2026-08-13,USDBRL,2026-08-13,SPOT,5.1902,BBG_BFXFORWARD,2026-08-13T15:00:00-04:00
2026-08-13,USDCAD,2026-08-13,SPOT,1.3935499999999998,BBG_BFXFORWARD,2026-08-13T15:00:00-04:00
2026-08-13,USDCAD,2026-09-16,FWD_OUTRIGHT,1.3916120666666665,BBG_INTERP,2026-08-13T15:00:00-04:00
2026-08-13,USDCHF,2026-08-13,SPOT,0.81385,BBG_BFXFORWARD,2026-08-13T15:00:00-04:00
2026-08-13,USDCHF,2026-09-16,FWD_OUTRIGHT,0.8112247352941176,BBG_INTERP,2026-08-13T15:00:00-04:00
2026-08-13,USDHKD,2026-08-13,SPOT,7.84695,BBG_BFXFORWARD,2026-08-13T15:00:00-04:00
2026-08-13,USDHKD,2026-09-08,FWD_OUTRIGHT,7.8401923823529405,BBG_INTERP,2026-08-13T15:00:00-04:00
2026-08-13,USDIDR,2026-08-13,SPOT,17870.0,BBG_BFXFORWARD,2026-08-13T17:00:00-04:00
2026-08-13,USDJPY,2026-08-13,SPOT,159.51,BBG_BFXFORWARD,2026-08-13T15:00:00-04:00
2026-08-13,USDJPY,2026-09-16,FWD_OUTRIGHT,159.1364676470588,BBG_INTERP,2026-08-13T15:00:00-04:00
2026-08-13,USDKRW,2026-08-13,SPOT,1418.6,BBG_BFXFORWARD,2026-08-13T15:00:00-04:00
2026-08-13,USDKRW,2026-09-16,FWD_OUTRIGHT,1420.6945833333334,BBG_INTERP,2026-08-13T17:00:00-04:00
2026-08-13,USDMXN,2026-08-13,SPOT,17.0452,BBG_BFXFORWARD,2026-08-13T15:00:00-04:00
2026-08-13,USDMXN,2026-09-17,FWD_OUTRIGHT,17.089360000000003,BBG_INTERP,2026-08-13T15:00:00-04:00
2026-08-13,USDNOK,2026-08-13,SPOT,9.5119,BBG_BFXFORWARD,2026-08-13T15:00:00-04:00
2026-08-13,USDNOK,2026-09-16,FWD_OUTRIGHT,9.515508588235296,BBG_INTERP,2026-08-13T15:00:00-04:00
2026-08-13,USDSEK,2026-08-13,SPOT,9.56815,BBG_BFXFORWARD,2026-08-13T15:00:00-04:00
2026-08-13,USDSEK,2026-09-16,FWD_OUTRIGHT,9.552796529411765,BBG_INTERP,2026-08-13T15:00:00-04:00
2026-08-13,USDSGD,2026-08-13,SPOT,1.2807499999999998,BBG_BFXFORWARD,2026-08-13T15:00:00-04:00
2026-08-13,USDSGD,2026-09-16,FWD_OUTRIGHT,1.2781801612903225,BBG_INTERP,2026-08-13T15:00:00-04:00
2026-08-13,USDTRY,2026-08-13,SPOT,47.774150000000006,BBG_BFXFORWARD,2026-08-13T15:00:00-04:00
2026-08-13,USDTRY,2026-09-16,FWD_OUTRIGHT,49.02349516666668,BBG_INTERP,2026-08-13T15:00:00-04:00
2026-08-13,USDTWD,2026-08-13,SPOT,32.16,BBG_BFXFORWARD,2026-08-13T17:00:00-04:00
2026-08-13,USDZAR,2026-08-13,SPOT,16.197850000000003,BBG_BFXFORWARD,2026-08-13T15:00:00-04:00
2026-08-13,USDZAR,2026-09-16,FWD_OUTRIGHT,16.23483235294118,BBG_INTERP,2026-08-13T15:00:00-04:00
2026-08-13,XAUUSD,2026-08-13,SPOT,4357.07,BBG_BFXFORWARD,2026-08-13T15:00:00-04:00
2026-08-14,AUDUSD,2026-08-14,SPOT,0.7082,BBG_BFXFORWARD,2026-08-14T15:00:00-04:00
2026-08-14,AUDUSD,2026-09-16,FWD_OUTRIGHT,0.7078425588235295,BBG_INTERP,2026-08-14T15:00:00-04:00
2026-08-14,ESU6 Index,2026-09-18,FUTURE_PX,7805.0,BBG_BDH,2026-08-14T17:00:00-04:00
2026-08-14,EURSEK,2026-08-14,SPOT,11.0219,BBG_BFXFORWARD,2026-08-14T17:00:00-04:00
2026-08-14,EURUSD,2026-08-14,SPOT,1.1566,BBG_BFXFORWARD,2026-08-14T15:00:00-04:00
2026-08-14,EURUSD,2026-09-16,FWD_OUTRIGHT,1.1579311764705884,BBG_INTERP,2026-08-14T15:00:00-04:00
2026-08-14,GBPUSD,2026-08-14,SPOT,1.3533499999999998,BBG_BFXFORWARD,2026-08-14T15:00:00-04:00
2026-08-14,GBPUSD,2026-09-16,FWD_OUTRIGHT,1.353297205882353,BBG_INTERP,2026-08-14T15:00:00-04:00
2026-08-14,USDBRL,2026-08-14,SPOT,5.2295,BBG_BFXFORWARD,2026-08-14T15:00:00-04:00
2026-08-14,USDCAD,2026-08-14,SPOT,1.3876499999999998,BBG_BFXFORWARD,2026-08-14T15:00:00-04:00
2026-08-14,USDCAD,2026-09-16,FWD_OUTRIGHT,1.3859135588235294,BBG_INTERP,2026-08-14T15:00:00-04:00
2026-08-14,USDCHF,2026-08-14,SPOT,0.81305,BBG_BFXFORWARD,2026-08-14T15:00:00-04:00
2026-08-14,USDCHF,2026-09-16,FWD_OUTRIGHT,0.8105048235294119,BBG_INTERP,2026-08-14T15:00:00-04:00
2026-08-14,USDHKD,2026-08-14,SPOT,7.847300000000001,BBG_BFXFORWARD,2026-08-14T15:00:00-04:00
2026-08-14,USDHKD,2026-09-08,FWD_OUTRIGHT,7.840875176470589,BBG_INTERP,2026-08-14T15:00:00-04:00
2026-08-14,USDIDR,2026-08-14,SPOT,17825.0,BBG_BFXFORWARD,2026-08-14T17:00:00-04:00
2026-08-14,USDJPY,2026-08-14,SPOT,159.375,BBG_BFXFORWARD,2026-08-14T15:00:00-04:00
2026-08-14,USDJPY,2026-09-16,FWD_OUTRIGHT,159.0140705882353,BBG_INTERP,2026-08-14T15:00:00-04:00
2026-08-14,USDKRW,2026-08-14,SPOT,1415.9,BBG_BFXFORWARD,2026-08-14T15:00:00-04:00
2026-08-14,USDKRW,2026-09-16,FWD_OUTRIGHT,1416.2283333333335,BBG_INTERP,2026-08-14T17:00:00-04:00
2026-08-14,USDMXN,2026-08-14,SPOT,17.03535,BBG_BFXFORWARD,2026-08-14T15:00:00-04:00
2026-08-14,USDMXN,2026-09-17,FWD_OUTRIGHT,17.07836823529412,BBG_INTERP,2026-08-14T15:00:00-04:00
2026-08-14,USDNOK,2026-08-14,SPOT,9.449300000000001,BBG_BFXFORWARD,2026-08-14T15:00:00-04:00
2026-08-14,USDNOK,2026-09-16,FWD_OUTRIGHT,9.452817470588236,BBG_INTERP,2026-08-14T15:00:00-04:00
2026-08-14,USDSEK,2026-08-14,SPOT,9.524249999999999,BBG_BFXFORWARD,2026-08-14T15:00:00-04:00
2026-08-14,USDSEK,2026-09-16,FWD_OUTRIGHT,9.50941088235294,BBG_INTERP,2026-08-14T15:00:00-04:00
2026-08-14,USDSGD,2026-08-14,SPOT,1.27935,BBG_BFXFORWARD,2026-08-14T15:00:00-04:00
2026-08-14,USDSGD,2026-09-16,FWD_OUTRIGHT,1.2768480483870968,BBG_INTERP,2026-08-14T15:00:00-04:00
2026-08-14,USDTRY,2026-08-14,SPOT,47.8851,BBG_BFXFORWARD,2026-08-14T15:00:00-04:00
2026-08-14,USDTRY,2026-09-16,FWD_OUTRIGHT,49.016967235294125,BBG_INTERP,2026-08-14T15:00:00-04:00
2026-08-14,USDTWD,2026-08-14,SPOT,32.033,BBG_BFXFORWARD,2026-08-14T17:00:00-04:00
2026-08-14,USDZAR,2026-08-14,SPOT,16.205849999999998,BBG_BFXFORWARD,2026-08-14T15:00:00-04:00
2026-08-14,USDZAR,2026-09-16,FWD_OUTRIGHT,16.240820588235295,BBG_INTERP,2026-08-14T15:00:00-04:00
2026-08-14,XAUUSD,2026-08-14,SPOT,4373.225,BBG_BFXFORWARD,2026-08-14T15:00:00-04:00
2026-08-17,AUDUSD,2026-08-17,SPOT,0.7102,BBG_BFXFORWARD,2026-08-17T15:00:00-04:00
2026-08-17,AUDUSD,2026-09-16,FWD_OUTRIGHT,0.7098788947368421,BBG_INTERP,2026-08-17T15:00:00-04:00
2026-08-17,ESU6 Index,2026-09-18,FUTURE_PX,7768.75,BBG_BDH,2026-08-17T17:00:00-04:00
2026-08-17,EURSEK,2026-08-17,SPOT,11.0179,BBG_BFXFORWARD,2026-08-17T17:00:00-04:00
2026-08-17,EURUSD,2026-08-17,SPOT,1.15735,BBG_BFXFORWARD,2026-08-17T15:00:00-04:00
2026-08-17,EURUSD,2026-09-16,FWD_OUTRIGHT,1.1586305263157897,BBG_INTERP,2026-08-17T15:00:00-04:00
2026-08-17,GBPUSD,2026-08-17,SPOT,1.3539,BBG_BFXFORWARD,2026-08-17T15:00:00-04:00
2026-08-17,GBPUSD,2026-09-16,FWD_OUTRIGHT,1.3538583684210528,BBG_INTERP,2026-08-17T15:00:00-04:00
2026-08-17,USDBRL,2026-08-17,SPOT,5.2001,BBG_BFXFORWARD,2026-08-17T15:00:00-04:00
2026-08-17,USDCAD,2026-08-17,SPOT,1.3876499999999998,BBG_BFXFORWARD,2026-08-17T15:00:00-04:00
2026-08-17,USDCAD,2026-09-16,FWD_OUTRIGHT,1.385964382352941,BBG_INTERP,2026-08-17T15:00:00-04:00
2026-08-17,USDCHF,2026-08-17,SPOT,0.8115,BBG_BFXFORWARD,2026-08-17T15:00:00-04:00
2026-08-17,USDCHF,2026-09-16,FWD_OUTRIGHT,0.8090432368421053,BBG_INTERP,2026-08-17T15:00:00-04:00
2026-08-17,USDHKD,2026-08-17,SPOT,7.84485,BBG_BFXFORWARD,2026-08-17T15:00:00-04:00
2026-08-17,USDHKD,2026-09-08,FWD_OUTRIGHT,7.839085947368421,BBG_INTERP,2026-08-17T15:00:00-04:00
2026-08-17,USDJPY,2026-08-17,SPOT,159.585,BBG_BFXFORWARD,2026-08-17T15:00:00-04:00
2026-08-17,USDJPY,2026-09-16,FWD_OUTRIGHT,159.20784736842106,BBG_INTERP,2026-08-17T15:00:00-04:00
2026-08-17,USDKRW,2026-08-17,SPOT,1415.1999999999998,BBG_BFXFORWARD,2026-08-17T15:00:00-04:00
2026-08-17,USDKRW,2026-09-16,FWD_OUTRIGHT,1413.5653846153846,BBG_INTERP,2026-08-17T17:00:00-04:00
2026-08-17,USDKRW,2026-09-21,FWD_OUTRIGHT,1413.5,BBG_INTERP,2026-08-17T17:00:00-04:00
2026-08-17,USDMXN,2026-08-17,SPOT,17.0455,BBG_BFXFORWARD,2026-08-17T15:00:00-04:00
2026-08-17,USDMXN,2026-09-17,FWD_OUTRIGHT,17.08699,BBG_INTERP,2026-08-17T15:00:00-04:00
2026-08-17,USDNOK,2026-08-17,SPOT,9.42375,BBG_BFXFORWARD,2026-08-17T15:00:00-04:00
2026-08-17,USDNOK,2026-09-16,FWD_OUTRIGHT,9.42701947368421,BBG_INTERP,2026-08-17T15:00:00-04:00
2026-08-17,USDSEK,2026-08-17,SPOT,9.51905,BBG_BFXFORWARD,2026-08-17T15:00:00-04:00
2026-08-17,USDSEK,2026-09-16,FWD_OUTRIGHT,9.504706421052632,BBG_INTERP,2026-08-17T15:00:00-04:00
2026-08-17,USDSGD,2026-08-17,SPOT,1.2781,BBG_BFXFORWARD,2026-08-17T15:00:00-04:00
2026-08-17,USDSGD,2026-09-16,FWD_OUTRIGHT,1.2757246666666666,BBG_INTERP,2026-08-17T15:00:00-04:00
2026-08-17,USDTRY,2026-08-17,SPOT,47.89919999999999,BBG_BFXFORWARD,2026-08-17T15:00:00-04:00
2026-08-17,USDTRY,2026-09-16,FWD_OUTRIGHT,48.99139333333333,BBG_INTERP,2026-08-17T15:00:00-04:00
2026-08-17,USDTWD,2026-08-17,SPOT,31.838,BBG_BFXFORWARD,2026-08-17T17:00:00-04:00
2026-08-17,USDZAR,2026-08-17,SPOT,16.2374,BBG_BFXFORWARD,2026-08-17T15:00:00-04:00
2026-08-17,USDZAR,2026-09-16,FWD_OUTRIGHT,16.27014210526316,BBG_INTERP,2026-08-17T15:00:00-04:00
2026-08-17,XAUUSD,2026-08-17,SPOT,4406.66,BBG_BFXFORWARD,2026-08-17T15:00:00-04:00
2026-08-18,AUDUSD,2026-08-18,SPOT,0.70845,BBG_BFXFORWARD,2026-08-18T15:00:00-04:00
2026-08-18,AUDUSD,2026-09-16,FWD_OUTRIGHT,0.7081434166666667,BBG_INTERP,2026-08-18T15:00:00-04:00
2026-08-18,ESU6 Index,2026-09-18,FUTURE_PX,7714.0,BBG_BDH,2026-08-18T17:00:00-04:00
2026-08-18,EURSEK,2026-08-18,SPOT,11.0356,BBG_BFXFORWARD,2026-08-18T17:00:00-04:00
2026-08-18,EURUSD,2026-08-18,SPOT,1.15755,BBG_BFXFORWARD,2026-08-18T15:00:00-04:00
2026-08-18,EURUSD,2026-09-16,FWD_OUTRIGHT,1.158782166666667,BBG_INTERP,2026-08-18T15:00:00-04:00
2026-08-18,GBPUSD,2026-08-18,SPOT,1.3534,BBG_BFXFORWARD,2026-08-18T15:00:00-04:00
2026-08-18,GBPUSD,2026-09-16,FWD_OUTRIGHT,1.3533577777777777,BBG_INTERP,2026-08-18T15:00:00-04:00
2026-08-18,USDBRL,2026-08-18,SPOT,5.2187,BBG_BFXFORWARD,2026-08-18T15:00:00-04:00
2026-08-18,USDCAD,2026-08-18,SPOT,1.3906,BBG_BFXFORWARD,2026-08-18T15:00:00-04:00
2026-08-18,USDCAD,2026-09-16,FWD_OUTRIGHT,1.3889620263157896,BBG_INTERP,2026-08-18T15:00:00-04:00
2026-08-18,USDCHF,2026-08-18,SPOT,0.81245,BBG_BFXFORWARD,2026-08-18T15:00:00-04:00
2026-08-18,USDCHF,2026-09-16,FWD_OUTRIGHT,0.8100761944444445,BBG_INTERP,2026-08-18T15:00:00-04:00
2026-08-18,USDHKD,2026-08-18,SPOT,7.8441,BBG_BFXFORWARD,2026-08-18T15:00:00-04:00
2026-08-18,USDHKD,2026-09-08,FWD_OUTRIGHT,7.839079222222223,BBG_INTERP,2026-08-18T15:00:00-04:00
2026-08-18,USDIDR,2026-08-18,SPOT,17857.0,BBG_BFXFORWARD,2026-08-18T17:00:00-04:00
2026-08-18,USDJPY,2026-08-18,SPOT,159.60500000000002,BBG_BFXFORWARD,2026-08-18T15:00:00-04:00
2026-08-18,USDJPY,2026-09-16,FWD_OUTRIGHT,159.2403361111111,BBG_INTERP,2026-08-18T15:00:00-04:00
2026-08-18,USDKRW,2026-08-18,SPOT,1412.35,BBG_BFXFORWARD,2026-08-18T15:00:00-04:00
2026-08-18,USDKRW,2026-09-16,FWD_OUTRIGHT,1410.4759999999999,BBG_INTERP,2026-08-18T17:00:00-04:00
2026-08-18,USDKRW,2026-09-21,FWD_OUTRIGHT,1410.4299999999998,BBG_INTERP,2026-08-18T17:00:00-04:00
2026-08-18,USDMXN,2026-08-18,SPOT,17.06975,BBG_BFXFORWARD,2026-08-18T15:00:00-04:00
2026-08-18,USDMXN,2026-09-17,FWD_OUTRIGHT,17.110271777777776,BBG_INTERP,2026-08-18T15:00:00-04:00
2026-08-18,USDNOK,2026-08-18,SPOT,9.4207,BBG_BFXFORWARD,2026-08-18T15:00:00-04:00
2026-08-18,USDNOK,2026-09-16,FWD_OUTRIGHT,9.423853527777778,BBG_INTERP,2026-08-18T15:00:00-04:00
2026-08-18,USDSEK,2026-08-18,SPOT,9.5398,BBG_BFXFORWARD,2026-08-18T15:00:00-04:00
2026-08-18,USDSEK,2026-09-16,FWD_OUTRIGHT,9.525949333333333,BBG_INTERP,2026-08-18T15:00:00-04:00
2026-08-18,USDSGD,2026-08-18,SPOT,1.27855,BBG_BFXFORWARD,2026-08-18T15:00:00-04:00
2026-08-18,USDSGD,2026-09-16,FWD_OUTRIGHT,1.27628875,BBG_INTERP,2026-08-18T15:00:00-04:00
2026-08-18,USDTRY,2026-08-18,SPOT,47.90475,BBG_BFXFORWARD,2026-08-18T15:00:00-04:00
2026-08-18,USDTRY,2026-09-16,FWD_OUTRIGHT,48.979164,BBG_INTERP,2026-08-18T15:00:00-04:00
2026-08-18,USDTWD,2026-08-18,SPOT,31.955,BBG_BFXFORWARD,2026-08-18T17:00:00-04:00
2026-08-18,USDZAR,2026-08-18,SPOT,16.270449999999997,BBG_BFXFORWARD,2026-08-18T15:00:00-04:00
2026-08-18,USDZAR,2026-09-16,FWD_OUTRIGHT,16.301994444444443,BBG_INTERP,2026-08-18T15:00:00-04:00
2026-08-18,XAUUSD,2026-08-18,SPOT,4354.620000000001,BBG_BFXFORWARD,2026-08-18T15:00:00-04:00
2026-08-19,AUDUSD,2026-08-19,SPOT,0.71225,BBG_BFXFORWARD,2026-08-19T15:00:00-04:00
2026-08-19,AUDUSD,2026-09-16,FWD_OUTRIGHT,0.7119520882352941,BBG_INTERP,2026-08-19T15:00:00-04:00
2026-08-19,ESU6 Index,2026-09-18,FUTURE_PX,7729.0,BBG_BDH,2026-08-19T17:00:00-04:00
2026-08-19,EURSEK,2026-08-19,SPOT,11.0211,BBG_BFXFORWARD,2026-08-19T17:00:00-04:00
2026-08-19,EURUSD,2026-08-19,SPOT,1.1674,BBG_BFXFORWARD,2026-08-19T15:00:00-04:00
2026-08-19,EURUSD,2026-09-16,FWD_OUTRIGHT,1.1685930882352942,BBG_INTERP,2026-08-19T15:00:00-04:00
2026-08-19,GBPUSD,2026-08-19,SPOT,1.36075,BBG_BFXFORWARD,2026-08-19T15:00:00-04:00
2026-08-19,GBPUSD,2026-09-16,FWD_OUTRIGHT,1.3607116176470586,BBG_INTERP,2026-08-19T15:00:00-04:00
2026-08-19,USDBRL,2026-08-19,SPOT,5.1683,BBG_BFXFORWARD,2026-08-19T15:00:00-04:00
2026-08-19,USDCAD,2026-08-19,SPOT,1.38105,BBG_BFXFORWARD,2026-08-19T15:00:00-04:00
2026-08-19,USDCAD,2026-09-16,FWD_OUTRIGHT,1.3794701666666669,BBG_INTERP,2026-08-19T15:00:00-04:00
2026-08-19,USDCHF,2026-08-19,SPOT,0.79795,BBG_BFXFORWARD,2026-08-19T15:00:00-04:00
2026-08-19,USDCHF,2026-09-16,FWD_OUTRIGHT,0.7956933235294118,BBG_INTERP,2026-08-19T15:00:00-04:00
2026-08-19,USDHKD,2026-08-19,SPOT,7.84,BBG_BFXFORWARD,2026-08-19T15:00:00-04:00
2026-08-19,USDHKD,2026-09-08,FWD_OUTRIGHT,7.835646705882352,BBG_INTERP,2026-08-19T15:00:00-04:00
2026-08-19,USDIDR,2026-08-19,SPOT,17833.0,BBG_BFXFORWARD,2026-08-19T17:00:00-04:00
2026-08-19,USDJPY,2026-08-19,SPOT,158.325,BBG_BFXFORWARD,2026-08-19T15:00:00-04:00
2026-08-19,USDJPY,2026-08-21,FWD_OUTRIGHT,158.325,BBG_INTERP,2026-08-19T15:00:00-04:00
2026-08-19,USDJPY,2026-09-16,FWD_OUTRIGHT,157.97546470588236,BBG_INTERP,2026-08-19T15:00:00-04:00
2026-08-19,USDKRW,2026-08-19,SPOT,1389.2,BBG_BFXFORWARD,2026-08-19T15:00:00-04:00
2026-08-19,USDKRW,2026-09-16,FWD_OUTRIGHT,1387.5541666666666,BBG_INTERP,2026-08-19T17:00:00-04:00
2026-08-19,USDKRW,2026-09-21,FWD_OUTRIGHT,1387.5,BBG_INTERP,2026-08-19T17:00:00-04:00
2026-08-19,USDMXN,2026-08-19,SPOT,16.95065,BBG_BFXFORWARD,2026-08-19T15:00:00-04:00
2026-08-19,USDMXN,2026-09-17,FWD_OUTRIGHT,16.989444999999996,BBG_INTERP,2026-08-19T15:00:00-04:00
2026-08-19,USDNOK,2026-08-19,SPOT,9.3292,BBG_BFXFORWARD,2026-08-19T15:00:00-04:00
2026-08-19,USDNOK,2026-09-16,FWD_OUTRIGHT,9.332189117647058,BBG_INTERP,2026-08-19T15:00:00-04:00
2026-08-19,USDNOK,2026-09-21,FWD_OUTRIGHT,9.33278,BBG_INTERP,2026-08-19T15:00:00-04:00
2026-08-19,USDSEK,2026-08-19,SPOT,9.438400000000001,BBG_BFXFORWARD,2026-08-19T15:00:00-04:00
2026-08-19,USDSEK,2026-09-16,FWD_OUTRIGHT,9.42515329411765,BBG_INTERP,2026-08-19T15:00:00-04:00
2026-08-19,USDSGD,2026-08-19,SPOT,1.2714500000000002,BBG_BFXFORWARD,2026-08-19T15:00:00-04:00
2026-08-19,USDSGD,2026-09-16,FWD_OUTRIGHT,1.269264741935484,BBG_INTERP,2026-08-19T15:00:00-04:00
2026-08-19,USDTRY,2026-08-19,SPOT,47.9286,BBG_BFXFORWARD,2026-08-19T15:00:00-04:00
2026-08-19,USDTRY,2026-09-16,FWD_OUTRIGHT,48.96873,BBG_INTERP,2026-08-19T15:00:00-04:00
2026-08-19,USDTWD,2026-08-19,SPOT,31.955,BBG_BFXFORWARD,2026-08-19T17:00:00-04:00
2026-08-19,USDZAR,2026-08-19,SPOT,16.099249999999998,BBG_BFXFORWARD,2026-08-19T15:00:00-04:00
2026-08-19,USDZAR,2026-09-16,FWD_OUTRIGHT,16.12921470588235,BBG_INTERP,2026-08-19T15:00:00-04:00
2026-08-19,XAUUSD,2026-08-19,SPOT,4495.205,BBG_BFXFORWARD,2026-08-19T15:00:00-04:00
2026-08-20,AUDUSD,2026-08-20,SPOT,0.7111,BBG_BFXFORWARD,2026-08-20T15:00:00-04:00
2026-08-20,AUDUSD,2026-09-16,FWD_OUTRIGHT,0.71082625,BBG_INTERP,2026-08-20T15:00:00-04:00
2026-08-20,AUDUSD,2026-09-24,FWD_OUTRIGHT,0.7107294999999999,BBG_INTERP,2026-08-20T15:00:00-04:00
2026-08-20,ESU6 Index,2026-09-18,FUTURE_PX,7662.5,BBG_BDH,2026-08-20T17:00:00-04:00
2026-08-20,EURSEK,2026-08-20,SPOT,11.0806,BBG_BFXFORWARD,2026-08-20T17:00:00-04:00
2026-08-20,EURUSD,2026-08-20,SPOT,1.1676,BBG_BFXFORWARD,2026-08-20T15:00:00-04:00
2026-08-20,EURUSD,2026-09-16,FWD_OUTRIGHT,1.168656,BBG_INTERP,2026-08-20T15:00:00-04:00
2026-08-20,EURUSD,2026-09-24,FWD_OUTRIGHT,1.169008,BBG_INTERP,2026-08-20T15:00:00-04:00
2026-08-20,GBPUSD,2026-08-20,SPOT,1.3627500000000001,BBG_BFXFORWARD,2026-08-20T15:00:00-04:00
2026-08-20,GBPUSD,2026-09-16,FWD_OUTRIGHT,1.3627190000000002,BBG_INTERP,2026-08-20T15:00:00-04:00
2026-08-20,USDBRL,2026-08-20,SPOT,5.19285,BBG_BFXFORWARD,2026-08-20T15:00:00-04:00
2026-08-20,USDCAD,2026-08-20,SPOT,1.379,BBG_BFXFORWARD,2026-08-20T15:00:00-04:00
2026-08-20,USDCAD,2026-09-16,FWD_OUTRIGHT,1.3774674117647059,BBG_INTERP,2026-08-20T15:00:00-04:00
2026-08-20,USDCHF,2026-08-20,SPOT,0.8007,BBG_BFXFORWARD,2026-08-20T15:00:00-04:00
2026-08-20,USDCHF,2026-09-16,FWD_OUTRIGHT,0.7987024999999999,BBG_INTERP,2026-08-20T15:00:00-04:00
2026-08-20,USDHKD,2026-08-20,SPOT,7.84335,BBG_BFXFORWARD,2026-08-20T15:00:00-04:00
2026-08-20,USDHKD,2026-09-08,FWD_OUTRIGHT,7.839231,BBG_INTERP,2026-08-20T15:00:00-04:00
2026-08-20,USDIDR,2026-08-20,SPOT,17746.0,BBG_BFXFORWARD,2026-08-20T17:00:00-04:00
2026-08-20,USDJPY,2026-08-20,SPOT,159.14499999999998,BBG_BFXFORWARD,2026-08-20T15:00:00-04:00
2026-08-20,USDJPY,2026-08-21,FWD_OUTRIGHT,159.14499999999998,BBG_INTERP,2026-08-20T15:00:00-04:00
2026-08-20,USDJPY,2026-09-16,FWD_OUTRIGHT,158.85707499999998,BBG_INTERP,2026-08-20T15:00:00-04:00
2026-08-20,USDKRW,2026-08-20,SPOT,1395.5,BBG_BFXFORWARD,2026-08-20T15:00:00-04:00
2026-08-20,USDKRW,2026-09-16,FWD_OUTRIGHT,1393.743333333333,BBG_INTERP,2026-08-20T17:00:00-04:00
2026-08-20,USDKRW,2026-09-21,FWD_OUTRIGHT,1393.6974999999998,BBG_INTERP,2026-08-20T17:00:00-04:00
2026-08-20,USDKRW,2026-09-28,FWD_OUTRIGHT,1393.5987499999999,BBG_INTERP,2026-08-20T17:00:00-04:00
2026-08-20,USDMXN,2026-08-20,SPOT,16.9592,BBG_BFXFORWARD,2026-08-20T15:00:00-04:00
2026-08-20,USDMXN,2026-09-17,FWD_OUTRIGHT,16.9936106875,BBG_INTERP,2026-08-20T15:00:00-04:00
2026-08-20,USDNOK,2026-08-20,SPOT,9.3519,BBG_BFXFORWARD,2026-08-20T15:00:00-04:00
2026-08-20,USDNOK,2026-09-16,FWD_OUTRIGHT,9.35450225,BBG_INTERP,2026-08-20T15:00:00-04:00
2026-08-20,USDNOK,2026-09-21,FWD_OUTRIGHT,9.35506240625,BBG_INTERP,2026-08-20T15:00:00-04:00
2026-08-20,USDSEK,2026-08-20,SPOT,9.4907,BBG_BFXFORWARD,2026-08-20T15:00:00-04:00
2026-08-20,USDSEK,2026-09-16,FWD_OUTRIGHT,9.47878475,BBG_INTERP,2026-08-20T15:00:00-04:00
2026-08-20,USDSGD,2026-08-20,SPOT,1.27245,BBG_BFXFORWARD,2026-08-20T15:00:00-04:00
2026-08-20,USDSGD,2026-09-16,FWD_OUTRIGHT,1.2704999285714287,BBG_INTERP,2026-08-20T15:00:00-04:00
2026-08-20,USDTRY,2026-08-20,SPOT,47.95285,BBG_BFXFORWARD,2026-08-20T15:00:00-04:00
2026-08-20,USDTRY,2026-09-16,FWD_OUTRIGHT,48.980092638888884,BBG_INTERP,2026-08-20T15:00:00-04:00
2026-08-20,USDTWD,2026-08-20,SPOT,31.938,BBG_BFXFORWARD,2026-08-20T17:00:00-04:00
2026-08-20,USDZAR,2026-08-20,SPOT,16.1402,BBG_BFXFORWARD,2026-08-20T15:00:00-04:00
2026-08-20,USDZAR,2026-09-16,FWD_OUTRIGHT,16.16825,BBG_INTERP,2026-08-20T15:00:00-04:00
2026-08-20,XAUUSD,2026-08-20,SPOT,4521.895,BBG_BFXFORWARD,2026-08-20T15:00:00-04:00
2026-08-21,AUDUSD,2026-08-21,SPOT,0.71785,BBG_BFXFORWARD,2026-08-21T15:00:00-04:00
2026-08-21,AUDUSD,2026-09-16,FWD_OUTRIGHT,0.7175897352941176,BBG_INTERP,2026-08-21T15:00:00-04:00
2026-08-21,AUDUSD,2026-09-24,FWD_OUTRIGHT,0.7174939705882353,BBG_INTERP,2026-08-21T15:00:00-04:00
2026-08-21,ESU6 Index,2026-09-18,FUTURE_PX,7691.25,BBG_BDH,2026-08-21T17:00:00-04:00
2026-08-21,EURSEK,2026-08-21,SPOT,11.055150000000001,BBG_BFXFORWARD,2026-08-21T15:00:00-04:00
2026-08-21,EURSEK,2026-08-25,FWD_OUTRIGHT,11.055150000000001,BBG_INTERP,2026-08-21T15:00:00-04:00
2026-08-21,EURUSD,2026-08-21,SPOT,1.1683,BBG_BFXFORWARD,2026-08-21T15:00:00-04:00
2026-08-21,EURUSD,2026-08-25,FWD_OUTRIGHT,1.1683,BBG_INTERP,2026-08-21T15:00:00-04:00
2026-08-21,EURUSD,2026-09-16,FWD_OUTRIGHT,1.169315088235294,BBG_INTERP,2026-08-21T15:00:00-04:00
2026-08-21,EURUSD,2026-09-24,FWD_OUTRIGHT,1.169669676470588,BBG_INTERP,2026-08-21T15:00:00-04:00
2026-08-21,GBPUSD,2026-08-21,SPOT,1.3651499999999999,BBG_BFXFORWARD,2026-08-21T15:00:00-04:00
2026-08-21,GBPUSD,2026-09-16,FWD_OUTRIGHT,1.3651255294117646,BBG_INTERP,2026-08-21T15:00:00-04:00
2026-08-21,USDBRL,2026-08-21,SPOT,5.1348,BBG_BFXFORWARD,2026-08-21T15:00:00-04:00
2026-08-21,USDCAD,2026-08-21,SPOT,1.37615,BBG_BFXFORWARD,2026-08-21T15:00:00-04:00
2026-08-21,USDCAD,2026-09-16,FWD_OUTRIGHT,1.374786,BBG_INTERP,2026-08-21T15:00:00-04:00
2026-08-21,USDCHF,2026-08-21,SPOT,0.8008,BBG_BFXFORWARD,2026-08-21T15:00:00-04:00
2026-08-21,USDCHF,2026-09-16,FWD_OUTRIGHT,0.798895205882353,BBG_INTERP,2026-08-21T15:00:00-04:00
2026-08-21,USDHKD,2026-08-21,SPOT,7.8393,BBG_BFXFORWARD,2026-08-21T15:00:00-04:00
2026-08-21,USDHKD,2026-09-08,FWD_OUTRIGHT,7.8358,BBG_INTERP,2026-08-21T15:00:00-04:00
2026-08-21,USDIDR,2026-08-21,SPOT,17692.5,BBG_BFXFORWARD,2026-08-21T15:00:00-04:00
2026-08-21,USDJPY,2026-08-21,FWD_OUTRIGHT,159.025,BBG_BFXFORWARD,2026-08-21T15:00:00-04:00
2026-08-21,USDJPY,2026-08-21,SPOT,159.025,BBG_BFXFORWARD,2026-08-21T15:00:00-04:00
2026-08-21,USDJPY,2026-09-16,FWD_OUTRIGHT,158.75003823529414,BBG_INTERP,2026-08-21T15:00:00-04:00
2026-08-21,USDKRW,2026-08-21,SPOT,1386.05,BBG_BFXFORWARD,2026-08-21T15:00:00-04:00
2026-08-21,USDKRW,2026-09-16,FWD_OUTRIGHT,1385.9781249999999,BBG_INTERP,2026-08-21T15:00:00-04:00
2026-08-21,USDKRW,2026-09-21,FWD_OUTRIGHT,1385.9208333333333,BBG_INTERP,2026-08-21T15:00:00-04:00
2026-08-21,USDKRW,2026-09-28,FWD_OUTRIGHT,1385.8338709677419,BBG_INTERP,2026-08-21T15:00:00-04:00
2026-08-21,USDMXN,2026-08-21,SPOT,16.9109,BBG_BFXFORWARD,2026-08-21T15:00:00-04:00
2026-08-21,USDMXN,2026-09-17,FWD_OUTRIGHT,16.943555882352943,BBG_INTERP,2026-08-21T15:00:00-04:00
2026-08-21,USDNOK,2026-08-21,SPOT,9.29205,BBG_BFXFORWARD,2026-08-21T15:00:00-04:00
2026-08-21,USDNOK,2026-09-16,FWD_OUTRIGHT,9.294514617647058,BBG_INTERP,2026-08-21T15:00:00-04:00
2026-08-21,USDNOK,2026-09-21,FWD_OUTRIGHT,9.29506844117647,BBG_INTERP,2026-08-21T15:00:00-04:00
2026-08-21,USDSEK,2026-08-21,SPOT,9.4628,BBG_BFXFORWARD,2026-08-21T15:00:00-04:00
2026-08-21,USDSEK,2026-09-16,FWD_OUTRIGHT,9.451390470588235,BBG_INTERP,2026-08-21T15:00:00-04:00
2026-08-21,USDSGD,2026-08-21,SPOT,1.2691,BBG_BFXFORWARD,2026-08-21T15:00:00-04:00
2026-08-21,USDSGD,2026-09-16,FWD_OUTRIGHT,1.2672337647058822,BBG_INTERP,2026-08-21T15:00:00-04:00
2026-08-21,USDTRY,2026-08-21,SPOT,48.0634,BBG_BFXFORWARD,2026-08-21T15:00:00-04:00
2026-08-21,USDTRY,2026-09-16,FWD_OUTRIGHT,48.990722500000004,BBG_INTERP,2026-08-21T15:00:00-04:00
2026-08-21,USDTWD,2026-08-21,SPOT,31.859,BBG_BFXFORWARD,2026-08-21T15:00:00-04:00
2026-08-21,USDZAR,2026-08-21,SPOT,15.999500000000001,BBG_BFXFORWARD,2026-08-21T15:00:00-04:00
2026-08-21,USDZAR,2026-09-16,FWD_OUTRIGHT,16.0256,BBG_INTERP,2026-08-21T15:00:00-04:00
2026-08-21,XAUUSD,2026-08-21,SPOT,4624.5650000000005,BBG_BFXFORWARD,2026-08-21T15:00:00-04:00
2026-08-24,AUDUSD,2026-08-24,SPOT,0.71475,BBG_BFXFORWARD,2026-08-24T15:00:00-04:00
2026-08-24,AUDUSD,2026-09-16,FWD_OUTRIGHT,0.7145087368421053,BBG_INTERP,2026-08-24T15:00:00-04:00
2026-08-24,AUDUSD,2026-09-24,FWD_OUTRIGHT,0.7144175789473685,BBG_INTERP,2026-08-24T15:00:00-04:00
2026-08-24,ESU6 Index,2026-09-18,FUTURE_PX,7669.75,BBG_BDH,2026-08-24T17:00:00-04:00
2026-08-24,EURSEK,2026-08-24,SPOT,11.076699999999999,BBG_BFXFORWARD,2026-08-24T15:00:00-04:00
2026-08-24,EURSEK,2026-08-25,FWD_OUTRIGHT,11.076699999999999,BBG_INTERP,2026-08-24T15:00:00-04:00
2026-08-24,EURSEK,2026-09-25,FWD_OUTRIGHT,11.071504947368421,BBG_INTERP,2026-08-24T15:00:00-04:00
2026-08-24,EURSEK,2026-11-25,FWD_OUTRIGHT,11.05991584375,BBG_INTERP,2026-08-24T15:00:00-04:00
2026-08-24,EURSEK,2026-11-27,FWD_OUTRIGHT,11.059546,BBG_INTERP,2026-08-24T15:00:00-04:00
2026-08-24,EURUSD,2026-08-24,SPOT,1.16635,BBG_BFXFORWARD,2026-08-24T15:00:00-04:00
2026-08-24,EURUSD,2026-08-25,FWD_OUTRIGHT,1.16635,BBG_INTERP,2026-08-24T15:00:00-04:00
2026-08-24,EURUSD,2026-09-16,FWD_OUTRIGHT,1.1673215,BBG_INTERP,2026-08-24T15:00:00-04:00
2026-08-24,EURUSD,2026-09-24,FWD_OUTRIGHT,1.1676735,BBG_INTERP,2026-08-24T15:00:00-04:00
2026-08-24,GBPUSD,2026-08-24,SPOT,1.3630499999999999,BBG_BFXFORWARD,2026-08-24T15:00:00-04:00
2026-08-24,GBPUSD,2026-09-16,FWD_OUTRIGHT,1.3630345263157893,BBG_INTERP,2026-08-24T15:00:00-04:00
2026-08-24,USDBRL,2026-08-24,SPOT,5.1532,BBG_BFXFORWARD,2026-08-24T15:00:00-04:00
2026-08-24,USDCAD,2026-08-24,SPOT,1.3850500000000001,BBG_BFXFORWARD,2026-08-24T15:00:00-04:00
2026-08-24,USDCAD,2026-08-25,FWD_OUTRIGHT,1.3850500000000001,BBG_INTERP,2026-08-24T15:00:00-04:00
2026-08-24,USDCAD,2026-09-16,FWD_OUTRIGHT,1.3837314705882353,BBG_INTERP,2026-08-24T15:00:00-04:00
2026-08-24,USDCHF,2026-08-24,SPOT,0.80255,BBG_BFXFORWARD,2026-08-24T15:00:00-04:00
2026-08-24,USDCHF,2026-09-16,FWD_OUTRIGHT,0.8007362631578947,BBG_INTERP,2026-08-24T15:00:00-04:00
2026-08-24,USDHKD,2026-08-24,SPOT,7.8361,BBG_BFXFORWARD,2026-08-24T15:00:00-04:00
2026-08-24,USDHKD,2026-09-08,FWD_OUTRIGHT,7.833594357142857,BBG_INTERP,2026-08-24T15:00:00-04:00
2026-08-24,USDIDR,2026-08-24,SPOT,17712.0,BBG_BFXFORWARD,2026-08-24T17:00:00-04:00
2026-08-24,USDJPY,2026-08-24,SPOT,159.185,BBG_BFXFORWARD,2026-08-24T15:00:00-04:00
2026-08-24,USDJPY,2026-09-16,FWD_OUTRIGHT,158.9226105263158,BBG_INTERP,2026-08-24T15:00:00-04:00
2026-08-24,USDKRW,2026-08-24,SPOT,1382.9,BBG_BFXFORWARD,2026-08-24T15:00:00-04:00
2026-08-24,USDKRW,2026-09-16,FWD_OUTRIGHT,1383.61,BBG_INTERP,2026-08-24T17:00:00-04:00
2026-08-24,USDKRW,2026-09-21,FWD_OUTRIGHT,1383.56,BBG_INTERP,2026-08-24T17:00:00-04:00
2026-08-24,USDKRW,2026-09-28,FWD_OUTRIGHT,1383.49,BBG_INTERP,2026-08-24T17:00:00-04:00
2026-08-24,USDMXN,2026-08-24,SPOT,16.9609,BBG_BFXFORWARD,2026-08-24T15:00:00-04:00
2026-08-24,USDMXN,2026-09-17,FWD_OUTRIGHT,16.991771052631577,BBG_INTERP,2026-08-24T15:00:00-04:00
2026-08-24,USDNOK,2026-08-24,SPOT,9.30845,BBG_BFXFORWARD,2026-08-24T15:00:00-04:00
2026-08-24,USDNOK,2026-09-16,FWD_OUTRIGHT,9.311037842105264,BBG_INTERP,2026-08-24T15:00:00-04:00
2026-08-24,USDNOK,2026-09-21,FWD_OUTRIGHT,9.311636657894738,BBG_INTERP,2026-08-24T15:00:00-04:00
2026-08-24,USDSEK,2026-08-24,SPOT,9.496749999999999,BBG_BFXFORWARD,2026-08-24T15:00:00-04:00
2026-08-24,USDSEK,2026-09-16,FWD_OUTRIGHT,9.485896736842104,BBG_INTERP,2026-08-24T15:00:00-04:00
2026-08-24,USDSGD,2026-08-24,SPOT,1.2706499999999998,BBG_BFXFORWARD,2026-08-24T15:00:00-04:00
2026-08-24,USDSGD,2026-09-16,FWD_OUTRIGHT,1.2688521052631578,BBG_INTERP,2026-08-24T15:00:00-04:00
2026-08-24,USDTRY,2026-08-24,SPOT,48.0771,BBG_BFXFORWARD,2026-08-24T15:00:00-04:00
2026-08-24,USDTRY,2026-09-16,FWD_OUTRIGHT,48.92352638235294,BBG_INTERP,2026-08-24T15:00:00-04:00
2026-08-24,USDTWD,2026-08-24,SPOT,31.872,BBG_BFXFORWARD,2026-08-24T17:00:00-04:00
2026-08-24,USDZAR,2026-08-24,SPOT,16.02965,BBG_BFXFORWARD,2026-08-24T15:00:00-04:00
2026-08-24,USDZAR,2026-09-16,FWD_OUTRIGHT,16.054668421052632,BBG_INTERP,2026-08-24T15:00:00-04:00
2026-08-24,XAUUSD,2026-08-24,SPOT,4636.73,BBG_BFXFORWARD,2026-08-24T15:00:00-04:00
2026-08-25,AUDUSD,2026-08-25,SPOT,0.71595,BBG_BFXFORWARD,2026-08-25T15:00:00-04:00
2026-08-25,AUDUSD,2026-09-16,FWD_OUTRIGHT,0.71573,BBG_INTERP,2026-08-25T15:00:00-04:00
2026-08-25,AUDUSD,2026-09-24,FWD_OUTRIGHT,0.7156406666666667,BBG_INTERP,2026-08-25T15:00:00-04:00
2026-08-25,ESU6 Index,2026-09-18,FUTURE_PX,7692.0,BBG_BDH,2026-08-25T17:00:00-04:00
2026-08-25,EURSEK,2026-08-25,FWD_OUTRIGHT,11.050799999999999,BBG_BFXFORWARD,2026-08-25T15:00:00-04:00
2026-08-25,EURSEK,2026-08-25,SPOT,11.050799999999999,BBG_BFXFORWARD,2026-08-25T15:00:00-04:00
2026-08-25,EURSEK,2026-09-25,FWD_OUTRIGHT,11.045571916666667,BBG_INTERP,2026-08-25T15:00:00-04:00
2026-08-25,EURSEK,2026-11-25,FWD_OUTRIGHT,11.033910661290323,BBG_INTERP,2026-08-25T15:00:00-04:00
2026-08-25,EURSEK,2026-11-27,FWD_OUTRIGHT,11.0335375,BBG_INTERP,2026-08-25T15:00:00-04:00
2026-08-25,EURUSD,2026-08-25,FWD_OUTRIGHT,1.16745,BBG_BFXFORWARD,2026-08-25T15:00:00-04:00
2026-08-25,EURUSD,2026-08-25,SPOT,1.16745,BBG_BFXFORWARD,2026-08-25T15:00:00-04:00
2026-08-25,EURUSD,2026-09-16,FWD_OUTRIGHT,1.1683763333333335,BBG_INTERP,2026-08-25T15:00:00-04:00
2026-08-25,EURUSD,2026-09-24,FWD_OUTRIGHT,1.1687261111111114,BBG_INTERP,2026-08-25T15:00:00-04:00
2026-08-25,GBPUSD,2026-08-25,SPOT,1.3646,BBG_BFXFORWARD,2026-08-25T15:00:00-04:00
2026-08-25,GBPUSD,2026-09-16,FWD_OUTRIGHT,1.3645848333333332,BBG_INTERP,2026-08-25T15:00:00-04:00
2026-08-25,USDBRL,2026-08-25,SPOT,5.14665,BBG_BFXFORWARD,2026-08-25T15:00:00-04:00
2026-08-25,USDCAD,2026-08-25,FWD_OUTRIGHT,1.3829500000000001,BBG_BFXFORWARD,2026-08-25T15:00:00-04:00
2026-08-25,USDCAD,2026-08-25,SPOT,1.3829500000000001,BBG_BFXFORWARD,2026-08-25T15:00:00-04:00
2026-08-25,USDCAD,2026-09-16,FWD_OUTRIGHT,1.3816894736842105,BBG_INTERP,2026-08-25T15:00:00-04:00
2026-08-25,USDCHF,2026-08-25,SPOT,0.8019499999999999,BBG_BFXFORWARD,2026-08-25T15:00:00-04:00
2026-08-25,USDCHF,2026-09-16,FWD_OUTRIGHT,0.8002163333333333,BBG_INTERP,2026-08-25T15:00:00-04:00
2026-08-25,USDHKD,2026-08-25,SPOT,7.838900000000001,BBG_BFXFORWARD,2026-08-25T15:00:00-04:00
2026-08-25,USDHKD,2026-09-08,FWD_OUTRIGHT,7.836585714285715,BBG_INTERP,2026-08-25T15:00:00-04:00
2026-08-25,USDJPY,2026-08-25,SPOT,159.225,BBG_BFXFORWARD,2026-08-25T15:00:00-04:00
2026-08-25,USDJPY,2026-09-16,FWD_OUTRIGHT,158.97596666666666,BBG_INTERP,2026-08-25T15:00:00-04:00
2026-08-25,USDKRW,2026-08-25,SPOT,1383.6999999999998,BBG_BFXFORWARD,2026-08-25T15:00:00-04:00
2026-08-25,USDKRW,2026-09-16,FWD_OUTRIGHT,1383.8419999999999,BBG_INTERP,2026-08-25T17:00:00-04:00
2026-08-25,USDKRW,2026-09-21,FWD_OUTRIGHT,1383.762,BBG_INTERP,2026-08-25T17:00:00-04:00
2026-08-25,USDKRW,2026-09-28,FWD_OUTRIGHT,1383.6499999999999,BBG_INTERP,2026-08-25T17:00:00-04:00
2026-08-25,USDMXN,2026-08-25,SPOT,16.947249999999997,BBG_BFXFORWARD,2026-08-25T15:00:00-04:00
2026-08-25,USDMXN,2026-09-17,FWD_OUTRIGHT,16.97672722222222,BBG_INTERP,2026-08-25T15:00:00-04:00
2026-08-25,USDNOK,2026-08-25,SPOT,9.312750000000001,BBG_BFXFORWARD,2026-08-25T15:00:00-04:00
2026-08-25,USDNOK,2026-09-16,FWD_OUTRIGHT,9.315273000000001,BBG_INTERP,2026-08-25T15:00:00-04:00
2026-08-25,USDNOK,2026-09-21,FWD_OUTRIGHT,9.315883833333334,BBG_INTERP,2026-08-25T15:00:00-04:00
2026-08-25,USDSEK,2026-08-25,SPOT,9.466000000000001,BBG_BFXFORWARD,2026-08-25T15:00:00-04:00
2026-08-25,USDSEK,2026-09-16,FWD_OUTRIGHT,9.455582500000002,BBG_INTERP,2026-08-25T15:00:00-04:00
2026-08-25,USDSGD,2026-08-25,SPOT,1.2692,BBG_BFXFORWARD,2026-08-25T15:00:00-04:00
2026-08-25,USDSGD,2026-09-16,FWD_OUTRIGHT,1.26747625,BBG_INTERP,2026-08-25T15:00:00-04:00
2026-08-25,USDTRY,2026-08-25,SPOT,48.08665,BBG_BFXFORWARD,2026-08-25T15:00:00-04:00
2026-08-25,USDTRY,2026-09-16,FWD_OUTRIGHT,48.87118152631579,BBG_INTERP,2026-08-25T15:00:00-04:00
2026-08-25,USDTWD,2026-08-25,SPOT,31.88,BBG_BFXFORWARD,2026-08-25T17:00:00-04:00
2026-08-25,USDZAR,2026-08-25,SPOT,15.94585,BBG_BFXFORWARD,2026-08-25T15:00:00-04:00
2026-08-25,USDZAR,2026-09-16,FWD_OUTRIGHT,15.968933333333334,BBG_INTERP,2026-08-25T15:00:00-04:00
2026-08-25,XAUUSD,2026-08-25,SPOT,4654.87,BBG_BFXFORWARD,2026-08-25T15:00:00-04:00
2026-08-26,AUDUSD,2026-08-26,SPOT,0.71715,BBG_BFXFORWARD,2026-08-26T15:00:00-04:00
2026-08-26,AUDUSD,2026-09-16,FWD_OUTRIGHT,0.716944294117647,BBG_INTERP,2026-08-26T15:00:00-04:00
2026-08-26,AUDUSD,2026-09-24,FWD_OUTRIGHT,0.7168567647058823,BBG_INTERP,2026-08-26T15:00:00-04:00
2026-08-26,AUDUSD,2026-09-28,FWD_OUTRIGHT,0.7168129999999999,BBG_INTERP,2026-08-26T15:00:00-04:00
2026-08-26,ESU6 Index,2026-09-18,FUTURE_PX,7690.0,BBG_BDH,2026-08-26T17:00:00-04:00
2026-08-26,EURSEK,2026-08-26,SPOT,11.1069,BBG_BFXFORWARD,2026-08-26T15:00:00-04:00
2026-08-26,EURSEK,2026-09-25,FWD_OUTRIGHT,11.10175788235294,BBG_INTERP,2026-08-26T15:00:00-04:00
2026-08-26,EURSEK,2026-11-25,FWD_OUTRIGHT,11.089776833333332,BBG_INTERP,2026-08-26T15:00:00-04:00
2026-08-26,EURSEK,2026-11-27,FWD_OUTRIGHT,11.0893915,BBG_INTERP,2026-08-26T15:00:00-04:00
2026-08-26,EURUSD,2026-08-26,SPOT,1.1651500000000001,BBG_BFXFORWARD,2026-08-26T15:00:00-04:00
2026-08-26,EURUSD,2026-08-28,FWD_OUTRIGHT,1.1651500000000001,BBG_INTERP,2026-08-26T15:00:00-04:00
2026-08-26,EURUSD,2026-09-16,FWD_OUTRIGHT,1.1660236470588237,BBG_INTERP,2026-08-26T15:00:00-04:00
2026-08-26,EURUSD,2026-09-24,FWD_OUTRIGHT,1.1663678823529413,BBG_INTERP,2026-08-26T15:00:00-04:00
2026-08-26,GBPUSD,2026-08-26,SPOT,1.35915,BBG_BFXFORWARD,2026-08-26T15:00:00-04:00
2026-08-26,GBPUSD,2026-09-16,FWD_OUTRIGHT,1.3591270588235294,BBG_INTERP,2026-08-26T15:00:00-04:00
2026-08-26,USDBRL,2026-08-26,SPOT,5.1535,BBG_BFXFORWARD,2026-08-26T15:00:00-04:00
2026-08-26,USDCAD,2026-08-26,SPOT,1.3878499999999998,BBG_BFXFORWARD,2026-08-26T15:00:00-04:00
2026-08-26,USDCAD,2026-09-16,FWD_OUTRIGHT,1.3866519999999998,BBG_INTERP,2026-08-26T15:00:00-04:00
2026-08-26,USDCHF,2026-08-26,SPOT,0.80545,BBG_BFXFORWARD,2026-08-26T15:00:00-04:00
2026-08-26,USDCHF,2026-09-16,FWD_OUTRIGHT,0.8037925294117647,BBG_INTERP,2026-08-26T15:00:00-04:00
2026-08-26,USDHKD,2026-08-26,SPOT,7.839,BBG_BFXFORWARD,2026-08-26T15:00:00-04:00
2026-08-26,USDHKD,2026-09-08,FWD_OUTRIGHT,7.836706107142858,BBG_INTERP,2026-08-26T15:00:00-04:00
2026-08-26,USDIDR,2026-08-26,SPOT,17712.0,BBG_BFXFORWARD,2026-08-26T17:00:00-04:00
2026-08-26,USDJPY,2026-08-26,SPOT,159.405,BBG_BFXFORWARD,2026-08-26T15:00:00-04:00
2026-08-26,USDJPY,2026-09-16,FWD_OUTRIGHT,159.16965294117645,BBG_INTERP,2026-08-26T15:00:00-04:00
2026-08-26,USDKRW,2026-08-26,SPOT,1385.65,BBG_BFXFORWARD,2026-08-26T15:00:00-04:00
2026-08-26,USDKRW,2026-09-16,FWD_OUTRIGHT,1384.5549999999998,BBG_INTERP,2026-08-26T17:00:00-04:00
2026-08-26,USDKRW,2026-09-21,FWD_OUTRIGHT,1384.4820833333333,BBG_INTERP,2026-08-26T17:00:00-04:00
2026-08-26,USDKRW,2026-09-28,FWD_OUTRIGHT,1384.3799999999999,BBG_INTERP,2026-08-26T17:00:00-04:00
2026-08-26,USDMXN,2026-08-26,SPOT,16.9586,BBG_BFXFORWARD,2026-08-26T15:00:00-04:00
2026-08-26,USDMXN,2026-09-17,FWD_OUTRIGHT,16.986229411764707,BBG_INTERP,2026-08-26T15:00:00-04:00
2026-08-26,USDNOK,2026-08-26,SPOT,9.354800000000001,BBG_BFXFORWARD,2026-08-26T15:00:00-04:00
2026-08-26,USDNOK,2026-09-16,FWD_OUTRIGHT,9.357232411764707,BBG_INTERP,2026-08-26T15:00:00-04:00
2026-08-26,USDNOK,2026-09-21,FWD_OUTRIGHT,9.357851823529412,BBG_INTERP,2026-08-26T15:00:00-04:00
2026-08-26,USDSEK,2026-08-26,SPOT,9.53275,BBG_BFXFORWARD,2026-08-26T15:00:00-04:00
2026-08-26,USDSEK,2026-09-16,FWD_OUTRIGHT,9.522802588235296,BBG_INTERP,2026-08-26T15:00:00-04:00
2026-08-26,USDSGD,2026-08-26,SPOT,1.27195,BBG_BFXFORWARD,2026-08-26T15:00:00-04:00
2026-08-26,USDSGD,2026-09-16,FWD_OUTRIGHT,1.270281588235294,BBG_INTERP,2026-08-26T17:00:00-04:00
2026-08-26,USDTRY,2026-08-26,SPOT,48.11505,BBG_BFXFORWARD,2026-08-26T15:00:00-04:00
2026-08-26,USDTRY,2026-09-16,FWD_OUTRIGHT,48.8527875,BBG_INTERP,2026-08-26T15:00:00-04:00
2026-08-26,USDTWD,2026-08-26,SPOT,31.824,BBG_BFXFORWARD,2026-08-26T17:00:00-04:00
2026-08-26,USDZAR,2026-08-26,SPOT,15.9697,BBG_BFXFORWARD,2026-08-26T15:00:00-04:00
2026-08-26,USDZAR,2026-09-16,FWD_OUTRIGHT,15.99085294117647,BBG_INTERP,2026-08-26T15:00:00-04:00
2026-08-26,XAUUSD,2026-08-26,SPOT,4594.37,BBG_BFXFORWARD,2026-08-26T15:00:00-04:00
2026-08-27,AUDUSD,2026-08-27,SPOT,0.71955,BBG_BFXFORWARD,2026-08-27T15:00:00-04:00
2026-08-27,AUDUSD,2026-09-16,FWD_OUTRIGHT,0.7193749375,BBG_INTERP,2026-08-27T15:00:00-04:00
2026-08-27,AUDUSD,2026-09-24,FWD_OUTRIGHT,0.7192886875,BBG_INTERP,2026-08-27T15:00:00-04:00
2026-08-27,AUDUSD,2026-09-28,FWD_OUTRIGHT,0.7192455624999999,BBG_INTERP,2026-08-27T15:00:00-04:00
2026-08-27,ESU6 Index,2026-09-18,FUTURE_PX,7742.5,BBG_BDH,2026-08-27T17:00:00-04:00
2026-08-27,EURSEK,2026-08-27,SPOT,11.0922,BBG_BFXFORWARD,2026-08-27T15:00:00-04:00
2026-08-27,EURSEK,2026-09-25,FWD_OUTRIGHT,11.087515625,BBG_INTERP,2026-08-27T15:00:00-04:00
2026-08-27,EURSEK,2026-11-25,FWD_OUTRIGHT,11.075787403225807,BBG_INTERP,2026-08-27T15:00:00-04:00
2026-08-27,EURSEK,2026-11-27,FWD_OUTRIGHT,11.075420241935484,BBG_INTERP,2026-08-27T15:00:00-04:00
2026-08-27,EURUSD,2026-08-27,SPOT,1.1649500000000002,BBG_BFXFORWARD,2026-08-27T15:00:00-04:00
2026-08-27,EURUSD,2026-08-28,FWD_OUTRIGHT,1.1649500000000002,BBG_INTERP,2026-08-27T15:00:00-04:00
2026-08-27,EURUSD,2026-09-16,FWD_OUTRIGHT,1.1656918750000003,BBG_INTERP,2026-08-27T15:00:00-04:00
2026-08-27,EURUSD,2026-09-24,FWD_OUTRIGHT,1.166027375,BBG_INTERP,2026-08-27T15:00:00-04:00
2026-08-27,GBPUSD,2026-08-27,SPOT,1.35895,BBG_BFXFORWARD,2026-08-27T15:00:00-04:00
2026-08-27,GBPUSD,2026-09-16,FWD_OUTRIGHT,1.3589268125,BBG_INTERP,2026-08-27T15:00:00-04:00
2026-08-27,USDBRL,2026-08-27,SPOT,5.16125,BBG_BFXFORWARD,2026-08-27T15:00:00-04:00
2026-08-27,USDCAD,2026-08-27,SPOT,1.3858,BBG_BFXFORWARD,2026-08-27T15:00:00-04:00
2026-08-27,USDCAD,2026-08-28,FWD_OUTRIGHT,1.3858,BBG_INTERP,2026-08-27T15:00:00-04:00
2026-08-27,USDCAD,2026-09-16,FWD_OUTRIGHT,1.384665411764706,BBG_INTERP,2026-08-27T15:00:00-04:00
2026-08-27,USDCHF,2026-08-27,SPOT,0.80425,BBG_BFXFORWARD,2026-08-27T15:00:00-04:00
2026-08-27,USDCHF,2026-09-16,FWD_OUTRIGHT,0.8028580625,BBG_INTERP,2026-08-27T15:00:00-04:00
2026-08-27,USDHKD,2026-08-27,SPOT,7.8389500000000005,BBG_BFXFORWARD,2026-08-27T15:00:00-04:00
2026-08-27,USDHKD,2026-09-08,FWD_OUTRIGHT,7.837775000000001,BBG_INTERP,2026-08-27T15:00:00-04:00
2026-08-27,USDIDR,2026-08-27,SPOT,17726.0,BBG_BFXFORWARD,2026-08-27T17:00:00-04:00
2026-08-27,USDJPY,2026-08-27,SPOT,159.425,BBG_BFXFORWARD,2026-08-27T15:00:00-04:00
2026-08-27,USDJPY,2026-08-31,FWD_OUTRIGHT,159.425,BBG_INTERP,2026-08-27T15:00:00-04:00
2026-08-27,USDJPY,2026-09-16,FWD_OUTRIGHT,159.2274375,BBG_INTERP,2026-08-27T15:00:00-04:00
2026-08-27,USDKRW,2026-08-27,SPOT,1382.3000000000002,BBG_BFXFORWARD,2026-08-27T15:00:00-04:00
2026-08-27,USDKRW,2026-09-16,FWD_OUTRIGHT,1381.9727272727273,BBG_INTERP,2026-08-27T17:00:00-04:00
2026-08-27,USDKRW,2026-09-21,FWD_OUTRIGHT,1381.8931818181818,BBG_INTERP,2026-08-27T17:00:00-04:00
2026-08-27,USDKRW,2026-09-28,FWD_OUTRIGHT,1381.7818181818182,BBG_INTERP,2026-08-27T17:00:00-04:00
2026-08-27,USDMXN,2026-08-27,SPOT,16.9649,BBG_BFXFORWARD,2026-08-27T15:00:00-04:00
2026-08-27,USDMXN,2026-09-17,FWD_OUTRIGHT,16.98825515625,BBG_INTERP,2026-08-27T15:00:00-04:00
2026-08-27,USDNOK,2026-08-27,SPOT,9.328199999999999,BBG_BFXFORWARD,2026-08-27T15:00:00-04:00
2026-08-27,USDNOK,2026-09-16,FWD_OUTRIGHT,9.330275124999998,BBG_INTERP,2026-08-27T15:00:00-04:00
2026-08-27,USDNOK,2026-09-21,FWD_OUTRIGHT,9.330922937499999,BBG_INTERP,2026-08-27T15:00:00-04:00
2026-08-27,USDSEK,2026-08-27,SPOT,9.52175,BBG_BFXFORWARD,2026-08-27T15:00:00-04:00
2026-08-27,USDSEK,2026-09-16,FWD_OUTRIGHT,9.513371375,BBG_INTERP,2026-08-27T15:00:00-04:00
2026-08-27,USDSGD,2026-08-27,SPOT,1.2712500000000002,BBG_BFXFORWARD,2026-08-27T15:00:00-04:00
2026-08-27,USDSGD,2026-09-16,FWD_OUTRIGHT,1.2698844000000002,BBG_INTERP,2026-08-27T15:00:00-04:00
2026-08-27,USDTRY,2026-08-27,SPOT,48.1349,BBG_BFXFORWARD,2026-08-27T15:00:00-04:00
2026-08-27,USDTRY,2026-09-16,FWD_OUTRIGHT,48.85428191176471,BBG_INTERP,2026-08-27T15:00:00-04:00
2026-08-27,USDTWD,2026-08-27,SPOT,31.698,BBG_BFXFORWARD,2026-08-27T17:00:00-04:00
2026-08-27,USDZAR,2026-08-27,SPOT,15.99995,BBG_BFXFORWARD,2026-08-27T15:00:00-04:00
2026-08-27,USDZAR,2026-09-16,FWD_OUTRIGHT,16.017174999999998,BBG_INTERP,2026-08-27T15:00:00-04:00
2026-08-27,XAUUSD,2026-08-27,SPOT,4611.33,BBG_BFXFORWARD,2026-08-27T15:00:00-04:00
2026-08-28,AUDUSD,2026-08-28,SPOT,0.7159,BBG_BFXFORWARD,2026-08-28T15:00:00-04:00
2026-08-28,AUDUSD,2026-09-16,FWD_OUTRIGHT,0.7157283437499999,BBG_INTERP,2026-08-28T15:00:00-04:00
2026-08-28,AUDUSD,2026-09-24,FWD_OUTRIGHT,0.71564709375,BBG_INTERP,2026-08-28T15:00:00-04:00
2026-08-28,AUDUSD,2026-09-28,FWD_OUTRIGHT,0.71560646875,BBG_INTERP,2026-08-28T15:00:00-04:00
2026-08-28,ESU6 Index,2026-09-18,FUTURE_PX,7722.0,BBG_BDH,2026-08-28T17:00:00-04:00
2026-08-28,EURSEK,2026-08-28,SPOT,11.133099999999999,BBG_BFXFORWARD,2026-08-28T15:00:00-04:00
2026-08-28,EURSEK,2026-09-25,FWD_OUTRIGHT,11.128731374999997,BBG_INTERP,2026-08-28T15:00:00-04:00
2026-08-28,EURSEK,2026-11-25,FWD_OUTRIGHT,11.11716874137931,BBG_INTERP,2026-08-28T15:00:00-04:00
2026-08-28,EURSEK,2026-11-27,FWD_OUTRIGHT,11.116812327586207,BBG_INTERP,2026-08-28T15:00:00-04:00
2026-08-28,EURUSD,2026-08-28,FWD_OUTRIGHT,1.1580499999999998,BBG_BFXFORWARD,2026-08-28T15:00:00-04:00
2026-08-28,EURUSD,2026-08-28,SPOT,1.1580499999999998,BBG_BFXFORWARD,2026-08-28T15:00:00-04:00
2026-08-28,EURUSD,2026-09-16,FWD_OUTRIGHT,1.1587401874999996,BBG_INTERP,2026-08-28T15:00:00-04:00
2026-08-28,EURUSD,2026-09-24,FWD_OUTRIGHT,1.1590936874999997,BBG_INTERP,2026-08-28T15:00:00-04:00
2026-08-28,GBPUSD,2026-08-28,SPOT,1.35305,BBG_BFXFORWARD,2026-08-28T15:00:00-04:00
2026-08-28,GBPUSD,2026-09-16,FWD_OUTRIGHT,1.3530319375000002,BBG_INTERP,2026-08-28T15:00:00-04:00
2026-08-28,USDBRL,2026-08-28,SPOT,5.20485,BBG_BFXFORWARD,2026-08-28T15:00:00-04:00
2026-08-28,USDCAD,2026-08-28,FWD_OUTRIGHT,1.3907500000000002,BBG_BFXFORWARD,2026-08-28T15:00:00-04:00
2026-08-28,USDCAD,2026-08-28,SPOT,1.3907500000000002,BBG_BFXFORWARD,2026-08-28T15:00:00-04:00
2026-08-28,USDCAD,2026-09-16,FWD_OUTRIGHT,1.3897999375,BBG_INTERP,2026-08-28T15:00:00-04:00
2026-08-28,USDCHF,2026-08-28,SPOT,0.80965,BBG_BFXFORWARD,2026-08-28T15:00:00-04:00
2026-08-28,USDCHF,2026-09-16,FWD_OUTRIGHT,0.80834153125,BBG_INTERP,2026-08-28T15:00:00-04:00
2026-08-28,USDHKD,2026-08-28,SPOT,7.84005,BBG_BFXFORWARD,2026-08-28T15:00:00-04:00
2026-08-28,USDHKD,2026-09-08,FWD_OUTRIGHT,7.83875,BBG_INTERP,2026-08-28T15:00:00-04:00
2026-08-28,USDIDR,2026-08-28,SPOT,17692.0,BBG_BFXFORWARD,2026-08-28T17:00:00-04:00
2026-08-28,USDJPY,2026-08-28,SPOT,160.14,BBG_BFXFORWARD,2026-08-28T15:00:00-04:00
2026-08-28,USDJPY,2026-08-31,FWD_OUTRIGHT,160.14,BBG_INTERP,2026-08-28T15:00:00-04:00
2026-08-28,USDJPY,2026-09-16,FWD_OUTRIGHT,159.954275,BBG_INTERP,2026-08-28T15:00:00-04:00
2026-08-28,USDKRW,2026-08-28,SPOT,1378.25,BBG_BFXFORWARD,2026-08-28T15:00:00-04:00
2026-08-28,USDKRW,2026-09-16,FWD_OUTRIGHT,1375.1652173913044,BBG_INTERP,2026-08-28T17:00:00-04:00
2026-08-28,USDKRW,2026-09-21,FWD_OUTRIGHT,1375.0934782608697,BBG_INTERP,2026-08-28T17:00:00-04:00
2026-08-28,USDKRW,2026-09-28,FWD_OUTRIGHT,1374.993043478261,BBG_INTERP,2026-08-28T17:00:00-04:00
2026-08-28,USDMXN,2026-08-28,SPOT,17.0435,BBG_BFXFORWARD,2026-08-28T15:00:00-04:00
2026-08-28,USDMXN,2026-09-17,FWD_OUTRIGHT,17.065406250000002,BBG_INTERP,2026-08-28T15:00:00-04:00
2026-08-28,USDNOK,2026-08-28,SPOT,9.381150000000002,BBG_BFXFORWARD,2026-08-28T15:00:00-04:00
2026-08-28,USDNOK,2026-09-16,FWD_OUTRIGHT,9.383120187500003,BBG_INTERP,2026-08-28T15:00:00-04:00
2026-08-28,USDNOK,2026-09-21,FWD_OUTRIGHT,9.383696125000002,BBG_INTERP,2026-08-28T15:00:00-04:00
2026-08-28,USDSEK,2026-08-28,SPOT,9.613800000000001,BBG_BFXFORWARD,2026-08-28T15:00:00-04:00
2026-08-28,USDSEK,2026-09-16,FWD_OUTRIGHT,9.60595275,BBG_INTERP,2026-08-28T15:00:00-04:00
2026-08-28,USDSGD,2026-08-28,SPOT,1.27515,BBG_BFXFORWARD,2026-08-28T15:00:00-04:00
2026-08-28,USDSGD,2026-09-16,FWD_OUTRIGHT,1.273882,BBG_INTERP,2026-08-28T15:00:00-04:00
2026-08-28,USDTRY,2026-08-28,SPOT,48.23805,BBG_BFXFORWARD,2026-08-28T15:00:00-04:00
2026-08-28,USDTRY,2026-09-16,FWD_OUTRIGHT,48.844278,BBG_INTERP,2026-08-28T15:00:00-04:00
2026-08-28,USDTWD,2026-08-28,SPOT,31.618,BBG_BFXFORWARD,2026-08-28T17:00:00-04:00
2026-08-28,USDZAR,2026-08-28,SPOT,16.1676,BBG_BFXFORWARD,2026-08-28T15:00:00-04:00
2026-08-28,USDZAR,2026-09-16,FWD_OUTRIGHT,16.18491875,BBG_INTERP,2026-08-28T15:00:00-04:00
2026-08-28,XAUUSD,2026-08-28,SPOT,4456.365,BBG_BFXFORWARD,2026-08-28T15:00:00-04:00
2026-08-31,AUDUSD,2026-08-31,SPOT,0.7164,BBG_BFXFORWARD,2026-08-31T15:00:00-04:00
2026-08-31,AUDUSD,2026-09-16,FWD_OUTRIGHT,0.7162415000000001,BBG_INTERP,2026-08-31T15:00:00-04:00
2026-08-31,AUDUSD,2026-09-24,FWD_OUTRIGHT,0.7161665,BBG_INTERP,2026-08-31T15:00:00-04:00
2026-08-31,AUDUSD,2026-09-28,FWD_OUTRIGHT,0.716129,BBG_INTERP,2026-08-31T15:00:00-04:00
2026-08-31,ESU6 Index,2026-09-18,FUTURE_PX,7699.0,BBG_BDH,2026-08-31T17:00:00-04:00
2026-08-31,EURSEK,2026-08-31,SPOT,11.12395,BBG_BFXFORWARD,2026-08-31T15:00:00-04:00
2026-08-31,EURSEK,2026-09-25,FWD_OUTRIGHT,11.1197326875,BBG_INTERP,2026-08-31T15:00:00-04:00
2026-08-31,EURSEK,2026-11-25,FWD_OUTRIGHT,11.108159,BBG_INTERP,2026-08-31T15:00:00-04:00
2026-08-31,EURSEK,2026-11-27,FWD_OUTRIGHT,11.107803,BBG_INTERP,2026-08-31T15:00:00-04:00
2026-08-31,EURUSD,2026-08-31,SPOT,1.16155,BBG_BFXFORWARD,2026-08-31T15:00:00-04:00
2026-08-31,EURUSD,2026-09-02,FWD_OUTRIGHT,1.16155,BBG_INTERP,2026-08-31T15:00:00-04:00
2026-08-31,EURUSD,2026-09-16,FWD_OUTRIGHT,1.162196,BBG_INTERP,2026-08-31T15:00:00-04:00
2026-08-31,EURUSD,2026-09-24,FWD_OUTRIGHT,1.1625505,BBG_INTERP,2026-08-31T15:00:00-04:00
2026-08-31,GBPUSD,2026-08-31,SPOT,1.3549,BBG_BFXFORWARD,2026-08-31T15:00:00-04:00
2026-08-31,GBPUSD,2026-09-16,FWD_OUTRIGHT,1.354884,BBG_INTERP,2026-08-31T15:00:00-04:00
2026-08-31,USDBRL,2026-08-31,SPOT,5.1843,BBG_BFXFORWARD,2026-08-31T15:00:00-04:00
2026-08-31,USDCAD,2026-08-31,SPOT,1.3855499999999998,BBG_BFXFORWARD,2026-08-31T15:00:00-04:00
2026-08-31,USDCAD,2026-09-16,FWD_OUTRIGHT,1.384664,BBG_INTERP,2026-08-31T15:00:00-04:00
2026-08-31,USDCHF,2026-08-31,SPOT,0.80825,BBG_BFXFORWARD,2026-08-31T15:00:00-04:00
2026-08-31,USDCHF,2026-09-16,FWD_OUTRIGHT,0.807032,BBG_INTERP,2026-08-31T15:00:00-04:00
2026-08-31,USDHKD,2026-08-31,SPOT,7.8385,BBG_BFXFORWARD,2026-08-31T15:00:00-04:00
2026-08-31,USDHKD,2026-09-08,FWD_OUTRIGHT,7.837471428571429,BBG_INTERP,2026-08-31T15:00:00-04:00
2026-08-31,USDIDR,2026-08-31,SPOT,17720.0,BBG_BFXFORWARD,2026-08-31T17:00:00-04:00
2026-08-31,USDJPY,2026-08-31,FWD_OUTRIGHT,159.79500000000002,BBG_BFXFORWARD,2026-08-31T15:00:00-04:00
2026-08-31,USDJPY,2026-08-31,SPOT,159.79500000000002,BBG_BFXFORWARD,2026-08-31T15:00:00-04:00
2026-08-31,USDJPY,2026-09-16,FWD_OUTRIGHT,159.6225,BBG_INTERP,2026-08-31T15:00:00-04:00
2026-08-31,USDKRW,2026-08-31,SPOT,1368.4,BBG_BFXFORWARD,2026-08-31T15:00:00-04:00
2026-08-31,USDKRW,2026-09-16,FWD_OUTRIGHT,1368.2008695652175,BBG_INTERP,2026-08-31T17:00:00-04:00
2026-08-31,USDKRW,2026-09-21,FWD_OUTRIGHT,1368.1443478260871,BBG_INTERP,2026-08-31T17:00:00-04:00
2026-08-31,USDKRW,2026-09-28,FWD_OUTRIGHT,1368.0652173913043,BBG_INTERP,2026-08-31T17:00:00-04:00
2026-08-31,USDMXN,2026-08-31,SPOT,16.997750000000003,BBG_BFXFORWARD,2026-08-31T15:00:00-04:00
2026-08-31,USDMXN,2026-09-17,FWD_OUTRIGHT,17.018975000000005,BBG_INTERP,2026-08-31T15:00:00-04:00
2026-08-31,USDNOK,2026-08-31,SPOT,9.3476,BBG_BFXFORWARD,2026-08-31T15:00:00-04:00
2026-08-31,USDNOK,2026-09-16,FWD_OUTRIGHT,9.349489,BBG_INTERP,2026-08-31T15:00:00-04:00
2026-08-31,USDNOK,2026-09-21,FWD_OUTRIGHT,9.3500536875,BBG_INTERP,2026-08-31T15:00:00-04:00
2026-08-31,USDSEK,2026-08-31,SPOT,9.577,BBG_BFXFORWARD,2026-08-31T15:00:00-04:00
2026-08-31,USDSEK,2026-09-16,FWD_OUTRIGHT,9.569738,BBG_INTERP,2026-08-31T15:00:00-04:00
2026-08-31,USDSGD,2026-08-31,SPOT,1.27135,BBG_BFXFORWARD,2026-08-31T15:00:00-04:00
2026-08-31,USDSGD,2026-09-16,FWD_OUTRIGHT,1.2701518333333333,BBG_INTERP,2026-08-31T15:00:00-04:00
2026-08-31,USDTRY,2026-08-31,SPOT,48.26025,BBG_BFXFORWARD,2026-08-31T15:00:00-04:00
2026-08-31,USDTRY,2026-09-16,FWD_OUTRIGHT,48.82804453125,BBG_INTERP,2026-08-31T15:00:00-04:00
2026-08-31,USDTWD,2026-08-31,SPOT,31.677,BBG_BFXFORWARD,2026-08-31T17:00:00-04:00
2026-08-31,USDZAR,2026-08-31,SPOT,16.1142,BBG_BFXFORWARD,2026-08-31T15:00:00-04:00
2026-08-31,USDZAR,2026-09-16,FWD_OUTRIGHT,16.1309,BBG_INTERP,2026-08-31T15:00:00-04:00
2026-08-31,XAUUSD,2026-08-31,SPOT,4431.49,BBG_BFXFORWARD,2026-08-31T15:00:00-04:00
2026-09-01,AUDUSD,2026-09-01,SPOT,0.71475,BBG_BFXFORWARD,2026-09-01T15:00:00-04:00
2026-09-01,AUDUSD,2026-09-16,FWD_OUTRIGHT,0.7146131428571428,BBG_INTERP,2026-09-01T15:00:00-04:00
2026-09-01,AUDUSD,2026-09-24,FWD_OUTRIGHT,0.7145338611111112,BBG_INTERP,2026-09-01T15:00:00-04:00
2026-09-01,AUDUSD,2026-09-28,FWD_OUTRIGHT,0.7144946388888889,BBG_INTERP,2026-09-01T15:00:00-04:00
2026-09-01,ESU6 Index,2026-09-18,FUTURE_PX,7642.75,BBG_BDH,2026-09-01T17:00:00-04:00
2026-09-01,EURSEK,2026-09-01,SPOT,11.1486,BBG_BFXFORWARD,2026-09-01T15:00:00-04:00
2026-09-01,EURSEK,2026-09-25,FWD_OUTRIGHT,11.1445555,BBG_INTERP,2026-09-01T15:00:00-04:00
2026-09-01,EURSEK,2026-11-25,FWD_OUTRIGHT,11.132933733333333,BBG_INTERP,2026-09-01T15:00:00-04:00
2026-09-01,EURSEK,2026-11-27,FWD_OUTRIGHT,11.1325783,BBG_INTERP,2026-09-01T15:00:00-04:00
2026-09-01,EURUSD,2026-09-01,SPOT,1.1590500000000001,BBG_BFXFORWARD,2026-09-01T15:00:00-04:00
2026-09-01,EURUSD,2026-09-02,FWD_OUTRIGHT,1.1590500000000001,BBG_INTERP,2026-09-01T15:00:00-04:00
2026-09-01,EURUSD,2026-09-03,FWD_OUTRIGHT,1.1590500000000001,BBG_INTERP,2026-09-01T15:00:00-04:00
2026-09-01,EURUSD,2026-09-16,FWD_OUTRIGHT,1.1596424285714289,BBG_INTERP,2026-09-01T15:00:00-04:00
2026-09-01,EURUSD,2026-09-24,FWD_OUTRIGHT,1.1600009444444446,BBG_INTERP,2026-09-01T15:00:00-04:00
2026-09-01,GBPUSD,2026-09-01,SPOT,1.3514,BBG_BFXFORWARD,2026-09-01T15:00:00-04:00
2026-09-01,GBPUSD,2026-09-16,FWD_OUTRIGHT,1.3513837142857141,BBG_INTERP,2026-09-01T15:00:00-04:00
2026-09-01,USDBRL,2026-09-01,SPOT,5.1488,BBG_BFXFORWARD,2026-09-01T15:00:00-04:00
2026-09-01,USDCAD,2026-09-01,SPOT,1.3894,BBG_BFXFORWARD,2026-09-01T15:00:00-04:00
2026-09-01,USDCAD,2026-09-16,FWD_OUTRIGHT,1.3885705,BBG_INTERP,2026-09-01T15:00:00-04:00
2026-09-01,USDCHF,2026-09-01,SPOT,0.8118,BBG_BFXFORWARD,2026-09-01T15:00:00-04:00
2026-09-01,USDCHF,2026-09-03,FWD_OUTRIGHT,0.8118,BBG_INTERP,2026-09-01T15:00:00-04:00
2026-09-01,USDCHF,2026-09-16,FWD_OUTRIGHT,0.8106684285714285,BBG_INTERP,2026-09-01T15:00:00-04:00
2026-09-01,USDHKD,2026-09-01,SPOT,7.8408,BBG_BFXFORWARD,2026-09-01T15:00:00-04:00
2026-09-01,USDHKD,2026-09-08,FWD_OUTRIGHT,7.83982,BBG_INTERP,2026-09-01T15:00:00-04:00
2026-09-01,USDIDR,2026-09-01,SPOT,17726.0,BBG_BFXFORWARD,2026-09-01T17:00:00-04:00
2026-09-01,USDJPY,2026-09-01,SPOT,160.20499999999998,BBG_BFXFORWARD,2026-09-01T15:00:00-04:00
2026-09-01,USDJPY,2026-09-03,FWD_OUTRIGHT,160.20499999999998,BBG_INTERP,2026-09-01T15:00:00-04:00
2026-09-01,USDJPY,2026-09-16,FWD_OUTRIGHT,160.0450857142857,BBG_INTERP,2026-09-01T15:00:00-04:00
2026-09-01,USDJPY,2027-03-01,FWD_OUTRIGHT,157.9460222222222,BBG_INTERP,2026-09-01T15:00:00-04:00
2026-09-01,USDJPY,2027-03-03,FWD_OUTRIGHT,157.92049999999998,BBG_INTERP,2026-09-01T15:00:00-04:00
2026-09-01,USDKRW,2026-09-01,SPOT,1372.85,BBG_BFXFORWARD,2026-09-01T15:00:00-04:00
2026-09-01,USDKRW,2026-09-16,FWD_OUTRIGHT,1372.628,BBG_INTERP,2026-09-01T17:00:00-04:00
2026-09-01,USDKRW,2026-09-21,FWD_OUTRIGHT,1372.568,BBG_INTERP,2026-09-01T17:00:00-04:00
2026-09-01,USDKRW,2026-09-28,FWD_OUTRIGHT,1372.484,BBG_INTERP,2026-09-01T17:00:00-04:00
2026-09-01,USDMXN,2026-09-01,SPOT,16.9974,BBG_BFXFORWARD,2026-09-01T15:00:00-04:00
2026-09-01,USDMXN,2026-09-17,FWD_OUTRIGHT,17.01549,BBG_INTERP,2026-09-01T15:00:00-04:00
2026-09-01,USDNOK,2026-09-01,SPOT,9.32405,BBG_BFXFORWARD,2026-09-01T15:00:00-04:00
2026-09-01,USDNOK,2026-09-16,FWD_OUTRIGHT,9.325835714285715,BBG_INTERP,2026-09-01T15:00:00-04:00
2026-09-01,USDNOK,2026-09-21,FWD_OUTRIGHT,9.326443,BBG_INTERP,2026-09-01T15:00:00-04:00
2026-09-01,USDSEK,2026-09-01,SPOT,9.6188,BBG_BFXFORWARD,2026-09-01T15:00:00-04:00
2026-09-01,USDSEK,2026-09-16,FWD_OUTRIGHT,9.612024,BBG_INTERP,2026-09-01T15:00:00-04:00
2026-09-01,USDSGD,2026-09-01,SPOT,1.27345,BBG_BFXFORWARD,2026-09-01T15:00:00-04:00
2026-09-01,USDSGD,2026-09-16,FWD_OUTRIGHT,1.2721240000000003,BBG_INTERP,2026-09-01T17:00:00-04:00
2026-09-01,USDTRY,2026-09-01,SPOT,48.278099999999995,BBG_BFXFORWARD,2026-09-01T15:00:00-04:00
2026-09-01,USDTRY,2026-09-16,FWD_OUTRIGHT,48.8174545,BBG_INTERP,2026-09-01T15:00:00-04:00
2026-09-01,USDTWD,2026-09-01,SPOT,31.654,BBG_BFXFORWARD,2026-09-01T17:00:00-04:00
2026-09-01,USDZAR,2026-09-01,SPOT,16.17205,BBG_BFXFORWARD,2026-09-01T15:00:00-04:00
2026-09-01,USDZAR,2026-09-16,FWD_OUTRIGHT,16.187571428571427,BBG_INTERP,2026-09-01T15:00:00-04:00
2026-09-01,XAUUSD,2026-09-01,SPOT,4331.705,BBG_BFXFORWARD,2026-09-01T15:00:00-04:00
2026-09-02,AUDUSD,2026-09-02,SPOT,0.7168,BBG_BFXFORWARD,2026-09-02T15:00:00-04:00
2026-09-02,AUDUSD,2026-09-04,FWD_OUTRIGHT,0.7168,BBG_INTERP,2026-09-02T15:00:00-04:00
2026-09-02,AUDUSD,2026-09-16,FWD_OUTRIGHT,0.7166824285714286,BBG_INTERP,2026-09-02T15:00:00-04:00
2026-09-02,AUDUSD,2026-09-24,FWD_OUTRIGHT,0.7166044705882353,BBG_INTERP,2026-09-02T15:00:00-04:00
2026-09-02,AUDUSD,2026-09-28,FWD_OUTRIGHT,0.7165661176470588,BBG_INTERP,2026-09-02T15:00:00-04:00
2026-09-02,ESU6 Index,2026-09-18,FUTURE_PX,7676.5,BBG_BDH,2026-09-02T17:00:00-04:00
2026-09-02,EURSEK,2026-09-02,SPOT,11.151599999999998,BBG_BFXFORWARD,2026-09-02T15:00:00-04:00
2026-09-02,EURSEK,2026-09-25,FWD_OUTRIGHT,11.147627323529411,BBG_INTERP,2026-09-02T15:00:00-04:00
2026-09-02,EURSEK,2026-11-25,FWD_OUTRIGHT,11.13590625,BBG_INTERP,2026-09-02T15:00:00-04:00
2026-09-02,EURSEK,2026-11-27,FWD_OUTRIGHT,11.135549083333332,BBG_INTERP,2026-09-02T15:00:00-04:00
2026-09-02,EURUSD,2026-09-02,FWD_OUTRIGHT,1.1586,BBG_BFXFORWARD,2026-09-02T15:00:00-04:00
2026-09-02,EURUSD,2026-09-02,SPOT,1.1586,BBG_BFXFORWARD,2026-09-02T15:00:00-04:00
2026-09-02,EURUSD,2026-09-03,FWD_OUTRIGHT,1.1586,BBG_INTERP,2026-09-02T15:00:00-04:00
2026-09-02,EURUSD,2026-09-16,FWD_OUTRIGHT,1.1591397857142858,BBG_INTERP,2026-09-02T15:00:00-04:00
2026-09-02,EURUSD,2026-09-24,FWD_OUTRIGHT,1.1594970882352942,BBG_INTERP,2026-09-02T15:00:00-04:00
2026-09-02,GBPUSD,2026-09-02,SPOT,1.3486500000000001,BBG_BFXFORWARD,2026-09-02T15:00:00-04:00
2026-09-02,GBPUSD,2026-09-16,FWD_OUTRIGHT,1.3486335000000003,BBG_INTERP,2026-09-02T15:00:00-04:00
2026-09-02,USDBRL,2026-09-02,SPOT,5.10915,BBG_BFXFORWARD,2026-09-02T15:00:00-04:00
2026-09-02,USDCAD,2026-09-02,SPOT,1.38415,BBG_BFXFORWARD,2026-09-02T15:00:00-04:00
2026-09-02,USDCAD,2026-09-16,FWD_OUTRIGHT,1.3833854285714284,BBG_INTERP,2026-09-02T15:00:00-04:00
2026-09-02,USDCHF,2026-09-02,SPOT,0.81335,BBG_BFXFORWARD,2026-09-02T15:00:00-04:00
2026-09-02,USDCHF,2026-09-03,FWD_OUTRIGHT,0.81335,BBG_INTERP,2026-09-02T15:00:00-04:00
2026-09-02,USDCHF,2026-09-16,FWD_OUTRIGHT,0.8123072857142857,BBG_INTERP,2026-09-02T15:00:00-04:00
2026-09-02,USDHKD,2026-09-02,SPOT,7.8421,BBG_BFXFORWARD,2026-09-02T15:00:00-04:00
2026-09-02,USDHKD,2026-09-08,FWD_OUTRIGHT,7.841096714285714,BBG_INTERP,2026-09-02T15:00:00-04:00
2026-09-02,USDIDR,2026-09-02,SPOT,17760.0,BBG_BFXFORWARD,2026-09-02T17:00:00-04:00
2026-09-02,USDJPY,2026-09-02,SPOT,158.935,BBG_BFXFORWARD,2026-09-02T15:00:00-04:00
2026-09-02,USDJPY,2026-09-03,FWD_OUTRIGHT,158.935,BBG_INTERP,2026-09-02T15:00:00-04:00
2026-09-02,USDJPY,2026-09-04,FWD_OUTRIGHT,158.935,BBG_INTERP,2026-09-02T15:00:00-04:00
2026-09-02,USDJPY,2026-09-16,FWD_OUTRIGHT,158.78932857142857,BBG_INTERP,2026-09-02T15:00:00-04:00
2026-09-02,USDJPY,2027-03-01,FWD_OUTRIGHT,156.73817,BBG_INTERP,2026-09-02T15:00:00-04:00
2026-09-02,USDJPY,2027-03-03,FWD_OUTRIGHT,156.71332333333334,BBG_INTERP,2026-09-02T15:00:00-04:00
2026-09-02,USDKRW,2026-09-02,SPOT,1359.35,BBG_BFXFORWARD,2026-09-02T15:00:00-04:00
2026-09-02,USDKRW,2026-09-16,FWD_OUTRIGHT,1358.5404166666667,BBG_INTERP,2026-09-02T17:00:00-04:00
2026-09-02,USDKRW,2026-09-21,FWD_OUTRIGHT,1358.4508333333333,BBG_INTERP,2026-09-02T17:00:00-04:00
2026-09-02,USDKRW,2026-09-28,FWD_OUTRIGHT,1358.3254166666668,BBG_INTERP,2026-09-02T17:00:00-04:00
2026-09-02,USDMXN,2026-09-02,SPOT,16.9809,BBG_BFXFORWARD,2026-09-02T15:00:00-04:00
2026-09-02,USDMXN,2026-09-17,FWD_OUTRIGHT,16.996492857142858,BBG_INTERP,2026-09-02T15:00:00-04:00
2026-09-02,USDNOK,2026-09-02,SPOT,9.316749999999999,BBG_BFXFORWARD,2026-09-02T15:00:00-04:00
2026-09-02,USDNOK,2026-09-16,FWD_OUTRIGHT,9.3183955,BBG_INTERP,2026-09-02T15:00:00-04:00
2026-09-02,USDNOK,2026-09-21,FWD_OUTRIGHT,9.319012294117647,BBG_INTERP,2026-09-02T15:00:00-04:00
2026-09-02,USDSEK,2026-09-02,SPOT,9.625150000000001,BBG_BFXFORWARD,2026-09-02T15:00:00-04:00
2026-09-02,USDSEK,2026-09-16,FWD_OUTRIGHT,9.61884642857143,BBG_INTERP,2026-09-02T15:00:00-04:00
2026-09-02,USDSGD,2026-09-02,SPOT,1.27135,BBG_BFXFORWARD,2026-09-02T15:00:00-04:00
2026-09-02,USDSGD,2026-09-16,FWD_OUTRIGHT,1.2703564285714286,BBG_INTERP,2026-09-02T15:00:00-04:00
2026-09-02,USDTRY,2026-09-02,SPOT,48.2949,BBG_BFXFORWARD,2026-09-02T15:00:00-04:00
2026-09-02,USDTRY,2026-09-16,FWD_OUTRIGHT,48.809010785714285,BBG_INTERP,2026-09-02T15:00:00-04:00
2026-09-02,USDTWD,2026-09-02,SPOT,31.752,BBG_BFXFORWARD,2026-09-02T17:00:00-04:00
2026-09-02,USDZAR,2026-09-02,SPOT,16.06525,BBG_BFXFORWARD,2026-09-02T15:00:00-04:00
2026-09-02,USDZAR,2026-09-16,FWD_OUTRIGHT,16.07895,BBG_INTERP,2026-09-02T15:00:00-04:00
2026-09-02,XAUUSD,2026-09-02,SPOT,4374.24,BBG_BFXFORWARD,2026-09-02T15:00:00-04:00
2026-09-03,AUDUSD,2026-09-03,SPOT,0.7206,BBG_BFXFORWARD,2026-09-03T15:00:00-04:00
2026-09-03,AUDUSD,2026-09-04,FWD_OUTRIGHT,0.7206,BBG_INTERP,2026-09-03T15:00:00-04:00
2026-09-03,AUDUSD,2026-09-16,FWD_OUTRIGHT,0.7205194285714286,BBG_INTERP,2026-09-03T15:00:00-04:00
2026-09-03,AUDUSD,2026-09-24,FWD_OUTRIGHT,0.720444125,BBG_INTERP,2026-09-03T15:00:00-04:00
2026-09-03,AUDUSD,2026-09-28,FWD_OUTRIGHT,0.720402375,BBG_INTERP,2026-09-03T15:00:00-04:00
2026-09-03,ESU6 Index,2026-09-18,FUTURE_PX,7754.75,BBG_BDH,2026-09-03T17:00:00-04:00
2026-09-03,EURSEK,2026-09-03,SPOT,11.0953,BBG_BFXFORWARD,2026-09-03T15:00:00-04:00
2026-09-03,EURSEK,2026-09-25,FWD_OUTRIGHT,11.091939374999999,BBG_INTERP,2026-09-03T15:00:00-04:00
2026-09-03,EURSEK,2026-11-25,FWD_OUTRIGHT,11.079925327586206,BBG_INTERP,2026-09-03T15:00:00-04:00
2026-09-03,EURSEK,2026-11-27,FWD_OUTRIGHT,11.079572431034483,BBG_INTERP,2026-09-03T15:00:00-04:00
2026-09-03,EURUSD,2026-09-03,FWD_OUTRIGHT,1.16345,BBG_BFXFORWARD,2026-09-03T15:00:00-04:00
2026-09-03,EURUSD,2026-09-03,SPOT,1.16345,BBG_BFXFORWARD,2026-09-03T15:00:00-04:00
2026-09-03,EURUSD,2026-09-16,FWD_OUTRIGHT,1.1638128571428572,BBG_INTERP,2026-09-03T15:00:00-04:00
2026-09-03,EURUSD,2026-09-24,FWD_OUTRIGHT,1.1641543750000003,BBG_INTERP,2026-09-03T15:00:00-04:00
2026-09-03,GBPUSD,2026-09-03,SPOT,1.35385,BBG_BFXFORWARD,2026-09-03T15:00:00-04:00
2026-09-03,GBPUSD,2026-09-16,FWD_OUTRIGHT,1.3538357857142855,BBG_INTERP,2026-09-03T15:00:00-04:00
2026-09-03,USDBRL,2026-09-03,SPOT,5.1023499999999995,BBG_BFXFORWARD,2026-09-03T15:00:00-04:00
2026-09-03,USDCAD,2026-09-03,SPOT,1.37885,BBG_BFXFORWARD,2026-09-03T15:00:00-04:00
2026-09-03,USDCAD,2026-09-16,FWD_OUTRIGHT,1.378162142857143,BBG_INTERP,2026-09-03T15:00:00-04:00
2026-09-03,USDCHF,2026-09-03,FWD_OUTRIGHT,0.80675,BBG_BFXFORWARD,2026-09-03T15:00:00-04:00
2026-09-03,USDCHF,2026-09-03,SPOT,0.80675,BBG_BFXFORWARD,2026-09-03T15:00:00-04:00
2026-09-03,USDCHF,2026-09-08,FWD_OUTRIGHT,0.80675,BBG_INTERP,2026-09-03T15:00:00-04:00
2026-09-03,USDCHF,2026-09-16,FWD_OUTRIGHT,0.8060629285714285,BBG_INTERP,2026-09-03T15:00:00-04:00
2026-09-03,USDHKD,2026-09-03,SPOT,7.84005,BBG_BFXFORWARD,2026-09-03T15:00:00-04:00
2026-09-03,USDHKD,2026-09-08,FWD_OUTRIGHT,7.84005,BBG_INTERP,2026-09-03T15:00:00-04:00
2026-09-03,USDIDR,2026-09-03,SPOT,17660.0,BBG_BFXFORWARD,2026-09-03T17:00:00-04:00
2026-09-03,USDJPY,2026-09-03,FWD_OUTRIGHT,155.505,BBG_BFXFORWARD,2026-09-03T15:00:00-04:00
2026-09-03,USDJPY,2026-09-03,SPOT,155.505,BBG_BFXFORWARD,2026-09-03T15:00:00-04:00
2026-09-03,USDJPY,2026-09-04,FWD_OUTRIGHT,155.505,BBG_INTERP,2026-09-03T15:00:00-04:00
2026-09-03,USDJPY,2026-09-08,FWD_OUTRIGHT,155.505,BBG_INTERP,2026-09-03T15:00:00-04:00
2026-09-03,USDJPY,2026-09-16,FWD_OUTRIGHT,155.40602857142858,BBG_INTERP,2026-09-03T15:00:00-04:00
2026-09-03,USDJPY,2027-03-01,FWD_OUTRIGHT,153.43166722222222,BBG_INTERP,2026-09-03T15:00:00-04:00
2026-09-03,USDJPY,2027-03-03,FWD_OUTRIGHT,153.40771944444444,BBG_INTERP,2026-09-03T15:00:00-04:00
2026-09-03,USDKRW,2026-09-03,SPOT,1356.35,BBG_BFXFORWARD,2026-09-03T15:00:00-04:00
2026-09-03,USDKRW,2026-09-16,FWD_OUTRIGHT,1356.8613043478263,BBG_INTERP,2026-09-03T17:00:00-04:00
2026-09-03,USDKRW,2026-09-21,FWD_OUTRIGHT,1356.7678260869566,BBG_INTERP,2026-09-03T17:00:00-04:00
2026-09-03,USDKRW,2026-09-28,FWD_OUTRIGHT,1356.6369565217392,BBG_INTERP,2026-09-03T17:00:00-04:00
2026-09-03,USDMXN,2026-09-03,SPOT,16.9265,BBG_BFXFORWARD,2026-09-03T15:00:00-04:00
2026-09-03,USDMXN,2026-09-08,FWD_OUTRIGHT,16.9265,BBG_INTERP,2026-09-03T15:00:00-04:00
2026-09-03,USDMXN,2026-09-17,FWD_OUTRIGHT,16.938482142857143,BBG_INTERP,2026-09-03T15:00:00-04:00
2026-09-03,USDNOK,2026-09-03,SPOT,9.287400000000002,BBG_BFXFORWARD,2026-09-03T15:00:00-04:00
2026-09-03,USDNOK,2026-09-08,FWD_OUTRIGHT,9.287400000000002,BBG_INTERP,2026-09-03T15:00:00-04:00
2026-09-03,USDNOK,2026-09-16,FWD_OUTRIGHT,9.288493571428573,BBG_INTERP,2026-09-03T15:00:00-04:00
2026-09-03,USDNOK,2026-09-21,FWD_OUTRIGHT,9.28908142857143,BBG_INTERP,2026-09-03T15:00:00-04:00
2026-09-03,USDSEK,2026-09-03,SPOT,9.53645,BBG_BFXFORWARD,2026-09-03T15:00:00-04:00
2026-09-03,USDSEK,2026-09-16,FWD_OUTRIGHT,9.532292571428572,BBG_INTERP,2026-09-03T15:00:00-04:00
2026-09-03,USDSGD,2026-09-03,SPOT,1.2664499999999999,BBG_BFXFORWARD,2026-09-03T15:00:00-04:00
2026-09-03,USDSGD,2026-09-16,FWD_OUTRIGHT,1.2657771999999998,BBG_INTERP,2026-09-03T15:00:00-04:00
2026-09-03,USDTRY,2026-09-03,SPOT,48.3138,BBG_BFXFORWARD,2026-09-03T15:00:00-04:00
2026-09-03,USDTRY,2026-09-16,FWD_OUTRIGHT,48.80289628571428,BBG_INTERP,2026-09-03T15:00:00-04:00
2026-09-03,USDTWD,2026-09-03,SPOT,31.774,BBG_BFXFORWARD,2026-09-03T17:00:00-04:00
2026-09-03,USDZAR,2026-09-03,SPOT,15.98835,BBG_BFXFORWARD,2026-09-03T15:00:00-04:00
2026-09-03,USDZAR,2026-09-08,FWD_OUTRIGHT,15.98835,BBG_INTERP,2026-09-03T15:00:00-04:00
2026-09-03,USDZAR,2026-09-16,FWD_OUTRIGHT,15.996885714285716,BBG_INTERP,2026-09-03T15:00:00-04:00
2026-09-03,XAUUSD,2026-09-03,SPOT,4475.135,BBG_BFXFORWARD,2026-09-03T15:00:00-04:00
2026-09-04,AUDUSD,2026-09-04,FWD_OUTRIGHT,0.7204,BBG_BFXFORWARD,2026-09-04T15:00:00-04:00
2026-09-04,AUDUSD,2026-09-04,SPOT,0.7204,BBG_BFXFORWARD,2026-09-04T15:00:00-04:00
2026-09-04,AUDUSD,2026-09-16,FWD_OUTRIGHT,0.720311,BBG_INTERP,2026-09-04T15:00:00-04:00
2026-09-04,AUDUSD,2026-09-24,FWD_OUTRIGHT,0.72023325,BBG_INTERP,2026-09-04T15:00:00-04:00
2026-09-04,AUDUSD,2026-09-28,FWD_OUTRIGHT,0.72019175,BBG_INTERP,2026-09-04T15:00:00-04:00
2026-09-04,ESU6 Index,2026-09-18,FUTURE_PX,7722.0,BBG_BDH,2026-09-04T17:00:00-04:00
2026-09-04,EURSEK,2026-09-04,SPOT,11.11975,BBG_BFXFORWARD,2026-09-04T15:00:00-04:00
2026-09-04,EURSEK,2026-09-25,FWD_OUTRIGHT,11.1163889375,BBG_INTERP,2026-09-04T15:00:00-04:00
2026-09-04,EURSEK,2026-11-25,FWD_OUTRIGHT,11.104271293103448,BBG_INTERP,2026-09-04T15:00:00-04:00
2026-09-04,EURSEK,2026-11-27,FWD_OUTRIGHT,11.103922017241379,BBG_INTERP,2026-09-04T15:00:00-04:00
2026-09-04,EURUSD,2026-09-04,SPOT,1.16105,BBG_BFXFORWARD,2026-09-04T15:00:00-04:00
2026-09-04,EURUSD,2026-09-16,FWD_OUTRIGHT,1.1614128571428572,BBG_INTERP,2026-09-04T15:00:00-04:00
2026-09-04,EURUSD,2026-09-24,FWD_OUTRIGHT,1.161758625,BBG_INTERP,2026-09-04T15:00:00-04:00
2026-09-04,GBPUSD,2026-09-04,SPOT,1.35135,BBG_BFXFORWARD,2026-09-04T15:00:00-04:00
2026-09-04,GBPUSD,2026-09-16,FWD_OUTRIGHT,1.3513355,BBG_INTERP,2026-09-04T15:00:00-04:00
2026-09-04,USDBRL,2026-09-04,SPOT,5.128,BBG_BFXFORWARD,2026-09-04T15:00:00-04:00
2026-09-04,USDCAD,2026-09-04,SPOT,1.38395,BBG_BFXFORWARD,2026-09-04T15:00:00-04:00
2026-09-04,USDCAD,2026-09-16,FWD_OUTRIGHT,1.3834905714285715,BBG_INTERP,2026-09-04T15:00:00-04:00
2026-09-04,USDCHF,2026-09-04,SPOT,0.81025,BBG_BFXFORWARD,2026-09-04T15:00:00-04:00
2026-09-04,USDCHF,2026-09-08,FWD_OUTRIGHT,0.81025,BBG_INTERP,2026-09-04T15:00:00-04:00
2026-09-04,USDCHF,2026-09-16,FWD_OUTRIGHT,0.8095566428571429,BBG_INTERP,2026-09-04T15:00:00-04:00
2026-09-04,USDHKD,2026-09-04,SPOT,7.841200000000001,BBG_BFXFORWARD,2026-09-04T15:00:00-04:00
2026-09-04,USDHKD,2026-09-08,FWD_OUTRIGHT,7.841200000000001,BBG_INTERP,2026-09-04T15:00:00-04:00
2026-09-04,USDIDR,2026-09-04,SPOT,17637.0,BBG_BFXFORWARD,2026-09-04T17:00:00-04:00
2026-09-04,USDJPY,2026-09-04,FWD_OUTRIGHT,156.225,BBG_BFXFORWARD,2026-09-04T15:00:00-04:00
2026-09-04,USDJPY,2026-09-04,SPOT,156.225,BBG_BFXFORWARD,2026-09-04T15:00:00-04:00
2026-09-04,USDJPY,2026-09-08,FWD_OUTRIGHT,156.225,BBG_INTERP,2026-09-04T15:00:00-04:00
2026-09-04,USDJPY,2026-09-16,FWD_OUTRIGHT,156.1247857142857,BBG_INTERP,2026-09-04T15:00:00-04:00
2026-09-04,USDJPY,2027-03-01,FWD_OUTRIGHT,154.12401499999999,BBG_INTERP,2026-09-04T15:00:00-04:00
2026-09-04,USDJPY,2027-03-03,FWD_OUTRIGHT,154.09972499999998,BBG_INTERP,2026-09-04T15:00:00-04:00
2026-09-04,USDKRW,2026-09-04,SPOT,1350.6,BBG_BFXFORWARD,2026-09-04T15:00:00-04:00
2026-09-04,USDKRW,2026-09-16,FWD_OUTRIGHT,1351.5634782608697,BBG_INTERP,2026-09-04T17:00:00-04:00
2026-09-04,USDKRW,2026-09-21,FWD_OUTRIGHT,1351.4808695652175,BBG_INTERP,2026-09-04T17:00:00-04:00
2026-09-04,USDKRW,2026-09-28,FWD_OUTRIGHT,1351.3652173913044,BBG_INTERP,2026-09-04T17:00:00-04:00
2026-09-04,USDMXN,2026-09-04,SPOT,16.8983,BBG_BFXFORWARD,2026-09-04T15:00:00-04:00
2026-09-04,USDMXN,2026-09-08,FWD_OUTRIGHT,16.8983,BBG_INTERP,2026-09-04T15:00:00-04:00
2026-09-04,USDMXN,2026-09-17,FWD_OUTRIGHT,16.911471428571428,BBG_INTERP,2026-09-04T15:00:00-04:00
2026-09-04,USDNOK,2026-09-04,SPOT,9.3037,BBG_BFXFORWARD,2026-09-04T15:00:00-04:00
2026-09-04,USDNOK,2026-09-08,FWD_OUTRIGHT,9.3037,BBG_INTERP,2026-09-04T15:00:00-04:00
2026-09-04,USDNOK,2026-09-16,FWD_OUTRIGHT,9.304817285714284,BBG_INTERP,2026-09-04T15:00:00-04:00
2026-09-04,USDNOK,2026-09-21,FWD_OUTRIGHT,9.305413714285713,BBG_INTERP,2026-09-04T15:00:00-04:00
2026-09-04,USDSEK,2026-09-04,SPOT,9.57725,BBG_BFXFORWARD,2026-09-04T15:00:00-04:00
2026-09-04,USDSEK,2026-09-16,FWD_OUTRIGHT,9.573072,BBG_INTERP,2026-09-04T15:00:00-04:00
2026-09-04,USDSGD,2026-09-04,SPOT,1.26715,BBG_BFXFORWARD,2026-09-04T15:00:00-04:00
2026-09-04,USDSGD,2026-09-16,FWD_OUTRIGHT,1.2659541428571428,BBG_INTERP,2026-09-04T17:00:00-04:00
2026-09-04,USDTRY,2026-09-04,SPOT,48.439750000000004,BBG_BFXFORWARD,2026-09-04T15:00:00-04:00
2026-09-04,USDTRY,2026-09-16,FWD_OUTRIGHT,48.756344142857145,BBG_INTERP,2026-09-04T15:00:00-04:00
2026-09-04,USDTWD,2026-09-04,SPOT,31.64,BBG_BFXFORWARD,2026-09-04T17:00:00-04:00
2026-09-04,USDZAR,2026-09-04,SPOT,15.958400000000001,BBG_BFXFORWARD,2026-09-04T15:00:00-04:00
2026-09-04,USDZAR,2026-09-08,FWD_OUTRIGHT,15.958400000000001,BBG_INTERP,2026-09-04T15:00:00-04:00
2026-09-04,USDZAR,2026-09-16,FWD_OUTRIGHT,15.967064285714287,BBG_INTERP,2026-09-04T15:00:00-04:00
2026-09-04,XAUUSD,2026-09-04,SPOT,4424.38,BBG_BFXFORWARD,2026-09-04T15:00:00-04:00
2026-09-07,AUDUSD,2026-09-07,SPOT,0.7218,BBG_BFXFORWARD,2026-09-07T17:00:00-04:00
2026-09-07,AUDUSD,2026-09-16,FWD_OUTRIGHT,0.721723,BBG_INTERP,2026-09-07T17:00:00-04:00
2026-09-07,AUDUSD,2026-09-24,FWD_OUTRIGHT,0.7216494375,BBG_INTERP,2026-09-07T17:00:00-04:00
2026-09-07,AUDUSD,2026-09-28,FWD_OUTRIGHT,0.7216071875,BBG_INTERP,2026-09-07T17:00:00-04:00
2026-09-07,EURSEK,2026-09-07,SPOT,11.1498,BBG_BFXFORWARD,2026-09-07T17:00:00-04:00
2026-09-07,EURSEK,2026-09-25,FWD_OUTRIGHT,11.146539750000002,BBG_INTERP,2026-09-07T17:00:00-04:00
2026-09-07,EURSEK,2026-11-25,FWD_OUTRIGHT,11.1335136,BBG_INTERP,2026-09-07T17:00:00-04:00
2026-09-07,EURSEK,2026-11-27,FWD_OUTRIGHT,11.133119800000001,BBG_INTERP,2026-09-07T17:00:00-04:00
2026-09-07,EURUSD,2026-09-07,SPOT,1.1623,BBG_BFXFORWARD,2026-09-07T17:00:00-04:00
2026-09-07,EURUSD,2026-09-16,FWD_OUTRIGHT,1.1626200000000002,BBG_INTERP,2026-09-07T17:00:00-04:00
2026-09-07,EURUSD,2026-09-24,FWD_OUTRIGHT,1.1629596875000001,BBG_INTERP,2026-09-07T17:00:00-04:00
2026-09-07,GBPUSD,2026-09-07,SPOT,1.3541,BBG_BFXFORWARD,2026-09-07T17:00:00-04:00
2026-09-07,GBPUSD,2026-09-16,FWD_OUTRIGHT,1.3540860000000001,BBG_INTERP,2026-09-07T17:00:00-04:00
2026-09-07,USDCAD,2026-09-07,SPOT,1.3814,BBG_BFXFORWARD,2026-09-07T17:00:00-04:00
2026-09-07,USDCAD,2026-09-16,FWD_OUTRIGHT,1.380941,BBG_INTERP,2026-09-07T17:00:00-04:00
2026-09-07,USDCHF,2026-09-07,SPOT,0.8095,BBG_BFXFORWARD,2026-09-07T17:00:00-04:00
2026-09-07,USDCHF,2026-09-08,FWD_OUTRIGHT,0.8095,BBG_INTERP,2026-09-07T17:00:00-04:00
2026-09-07,USDCHF,2026-09-16,FWD_OUTRIGHT,0.808896,BBG_INTERP,2026-09-07T17:00:00-04:00
2026-09-07,USDHKD,2026-09-07,SPOT,7.8399,BBG_BFXFORWARD,2026-09-07T17:00:00-04:00
2026-09-07,USDHKD,2026-09-08,FWD_OUTRIGHT,7.8399,BBG_INTERP,2026-09-07T17:00:00-04:00
2026-09-07,USDIDR,2026-09-07,SPOT,17640.0,BBG_BFXFORWARD,2026-09-07T17:00:00-04:00
2026-09-07,USDJPY,2026-09-07,SPOT,154.36,BBG_BFXFORWARD,2026-09-07T17:00:00-04:00
2026-09-07,USDJPY,2026-09-08,FWD_OUTRIGHT,154.36,BBG_INTERP,2026-09-07T17:00:00-04:00
2026-09-07,USDJPY,2026-09-16,FWD_OUTRIGHT,154.2776,BBG_INTERP,2026-09-07T17:00:00-04:00
2026-09-07,USDJPY,2027-03-01,FWD_OUTRIGHT,152.30122444444444,BBG_INTERP,2026-09-07T17:00:00-04:00
2026-09-07,USDJPY,2027-03-03,FWD_OUTRIGHT,152.27729333333335,BBG_INTERP,2026-09-07T17:00:00-04:00
2026-09-07,USDKRW,2026-09-07,SPOT,1346.95,BBG_BFXFORWARD,2026-09-07T17:00:00-04:00
2026-09-07,USDKRW,2026-09-16,FWD_OUTRIGHT,1346.8500000000001,BBG_INTERP,2026-09-07T17:00:00-04:00
2026-09-07,USDKRW,2026-09-21,FWD_OUTRIGHT,1346.7804347826088,BBG_INTERP,2026-09-07T17:00:00-04:00
2026-09-07,USDKRW,2026-09-28,FWD_OUTRIGHT,1346.683043478261,BBG_INTERP,2026-09-07T17:00:00-04:00
2026-09-07,USDMXN,2026-09-07,SPOT,16.9152,BBG_BFXFORWARD,2026-09-07T17:00:00-04:00
2026-09-07,USDMXN,2026-09-08,FWD_OUTRIGHT,16.9152,BBG_INTERP,2026-09-07T17:00:00-04:00
2026-09-07,USDMXN,2026-09-17,FWD_OUTRIGHT,16.92718857142857,BBG_INTERP,2026-09-07T17:00:00-04:00
2026-09-07,USDNOK,2026-09-07,SPOT,9.2667,BBG_BFXFORWARD,2026-09-07T17:00:00-04:00
2026-09-07,USDNOK,2026-09-08,FWD_OUTRIGHT,9.2667,BBG_INTERP,2026-09-07T17:00:00-04:00
2026-09-07,USDNOK,2026-09-16,FWD_OUTRIGHT,9.267697,BBG_INTERP,2026-09-07T17:00:00-04:00
2026-09-07,USDNOK,2026-09-21,FWD_OUTRIGHT,9.268257714285715,BBG_INTERP,2026-09-07T17:00:00-04:00
2026-09-07,USDSEK,2026-09-07,SPOT,9.5939,BBG_BFXFORWARD,2026-09-07T17:00:00-04:00
2026-09-07,USDSEK,2026-09-16,FWD_OUTRIGHT,9.590254,BBG_INTERP,2026-09-07T17:00:00-04:00
2026-09-07,USDSGD,2026-09-07,SPOT,1.2659,BBG_BFXFORWARD,2026-09-07T17:00:00-04:00
2026-09-07,USDSGD,2026-09-16,FWD_OUTRIGHT,1.265322,BBG_INTERP,2026-09-07T17:00:00-04:00
2026-09-07,USDTRY,2026-09-07,SPOT,48.431,BBG_BFXFORWARD,2026-09-07T17:00:00-04:00
2026-09-07,USDTRY,2026-09-16,FWD_OUTRIGHT,48.735101285714286,BBG_INTERP,2026-09-07T17:00:00-04:00
2026-09-07,USDTWD,2026-09-07,SPOT,31.549,BBG_BFXFORWARD,2026-09-07T17:00:00-04:00
2026-09-07,USDZAR,2026-09-07,SPOT,15.9967,BBG_BFXFORWARD,2026-09-07T17:00:00-04:00
2026-09-07,USDZAR,2026-09-08,FWD_OUTRIGHT,15.9967,BBG_INTERP,2026-09-07T17:00:00-04:00
2026-09-07,USDZAR,2026-09-16,FWD_OUTRIGHT,16.0042,BBG_INTERP,2026-09-07T17:00:00-04:00
2026-09-07,XAUUSD,2026-09-07,SPOT,4404.3,BBG_BFXFORWARD,2026-09-07T17:00:00-04:00
2026-09-08,AUDUSD,2026-09-08,SPOT,0.7222,BBG_BFXFORWARD,2026-09-08T15:00:00-04:00
2026-09-08,AUDUSD,2026-09-16,FWD_OUTRIGHT,0.7221404285714286,BBG_INTERP,2026-09-08T15:00:00-04:00
2026-09-08,AUDUSD,2026-09-24,FWD_OUTRIGHT,0.7220749999999999,BBG_INTERP,2026-09-08T15:00:00-04:00
2026-09-08,AUDUSD,2026-09-28,FWD_OUTRIGHT,0.7220303333333332,BBG_INTERP,2026-09-08T15:00:00-04:00
2026-09-08,ESU6 Index,2026-09-18,FUTURE_PX,7680.5,BBG_BDH,2026-09-08T17:00:00-04:00
2026-09-08,EURSEK,2026-09-08,SPOT,11.14245,BBG_BFXFORWARD,2026-09-08T15:00:00-04:00
2026-09-08,EURSEK,2026-09-25,FWD_OUTRIGHT,11.139231555555556,BBG_INTERP,2026-09-08T15:00:00-04:00
2026-09-08,EURSEK,2026-11-25,FWD_OUTRIGHT,11.12628075,BBG_INTERP,2026-09-08T15:00:00-04:00
2026-09-08,EURSEK,2026-11-27,FWD_OUTRIGHT,11.12589165,BBG_INTERP,2026-09-08T15:00:00-04:00
2026-09-08,EURUSD,2026-09-08,SPOT,1.1628500000000002,BBG_BFXFORWARD,2026-09-08T15:00:00-04:00
2026-09-08,EURUSD,2026-09-16,FWD_OUTRIGHT,1.1631165714285716,BBG_INTERP,2026-09-08T15:00:00-04:00
2026-09-08,EURUSD,2026-09-24,FWD_OUTRIGHT,1.1634625,BBG_INTERP,2026-09-08T15:00:00-04:00
2026-09-08,GBPUSD,2026-09-08,SPOT,1.35465,BBG_BFXFORWARD,2026-09-08T15:00:00-04:00
2026-09-08,GBPUSD,2026-09-16,FWD_OUTRIGHT,1.3546422857142857,BBG_INTERP,2026-09-08T15:00:00-04:00
2026-09-08,USDBRL,2026-09-08,SPOT,5.08575,BBG_BFXFORWARD,2026-09-08T15:00:00-04:00
2026-09-08,USDCAD,2026-09-08,SPOT,1.3781500000000002,BBG_BFXFORWARD,2026-09-08T15:00:00-04:00
2026-09-08,USDCAD,2026-09-16,FWD_OUTRIGHT,1.3777530000000002,BBG_INTERP,2026-09-08T15:00:00-04:00
2026-09-08,USDCHF,2026-09-08,FWD_OUTRIGHT,0.80905,BBG_BFXFORWARD,2026-09-08T15:00:00-04:00
2026-09-08,USDCHF,2026-09-08,SPOT,0.80905,BBG_BFXFORWARD,2026-09-08T15:00:00-04:00
2026-09-08,USDCHF,2026-09-16,FWD_OUTRIGHT,0.8085331428571428,BBG_INTERP,2026-09-08T15:00:00-04:00
2026-09-08,USDHKD,2026-09-08,FWD_OUTRIGHT,7.841200000000001,BBG_BFXFORWARD,2026-09-08T15:00:00-04:00
2026-09-08,USDHKD,2026-09-08,SPOT,7.841200000000001,BBG_BFXFORWARD,2026-09-08T15:00:00-04:00
2026-09-08,USDIDR,2026-09-08,SPOT,17630.0,BBG_BFXFORWARD,2026-09-08T17:00:00-04:00
2026-09-08,USDJPY,2026-09-08,FWD_OUTRIGHT,153.64999999999998,BBG_BFXFORWARD,2026-09-08T15:00:00-04:00
2026-09-08,USDJPY,2026-09-08,SPOT,153.64999999999998,BBG_BFXFORWARD,2026-09-08T15:00:00-04:00
2026-09-08,USDJPY,2026-09-16,FWD_OUTRIGHT,153.57971428571426,BBG_INTERP,2026-09-08T15:00:00-04:00
2026-09-08,USDJPY,2027-03-01,FWD_OUTRIGHT,151.60936499999997,BBG_INTERP,2026-09-08T15:00:00-04:00
2026-09-08,USDJPY,2027-03-03,FWD_OUTRIGHT,151.5855061111111,BBG_INTERP,2026-09-08T15:00:00-04:00
2026-09-08,USDKRW,2026-09-08,SPOT,1341.85,BBG_BFXFORWARD,2026-09-08T15:00:00-04:00
2026-09-08,USDKRW,2026-09-16,FWD_OUTRIGHT,1343.14,BBG_INTERP,2026-09-08T17:00:00-04:00
2026-09-08,USDKRW,2026-09-21,FWD_OUTRIGHT,1343.0852000000002,BBG_INTERP,2026-09-08T17:00:00-04:00
2026-09-08,USDKRW,2026-09-28,FWD_OUTRIGHT,1343.0068,BBG_INTERP,2026-09-08T17:00:00-04:00
2026-09-08,USDMXN,2026-09-08,FWD_OUTRIGHT,16.91385,BBG_BFXFORWARD,2026-09-08T15:00:00-04:00
2026-09-08,USDMXN,2026-09-08,SPOT,16.91385,BBG_BFXFORWARD,2026-09-08T15:00:00-04:00
2026-09-08,USDMXN,2026-09-17,FWD_OUTRIGHT,16.923435,BBG_INTERP,2026-09-08T15:00:00-04:00
2026-09-08,USDNOK,2026-09-08,FWD_OUTRIGHT,9.23415,BBG_BFXFORWARD,2026-09-08T15:00:00-04:00
2026-09-08,USDNOK,2026-09-08,SPOT,9.23415,BBG_BFXFORWARD,2026-09-08T15:00:00-04:00
2026-09-08,USDNOK,2026-09-16,FWD_OUTRIGHT,9.23502,BBG_INTERP,2026-09-08T15:00:00-04:00
2026-09-08,USDNOK,2026-09-21,FWD_OUTRIGHT,9.235585,BBG_INTERP,2026-09-08T15:00:00-04:00
2026-09-08,USDSEK,2026-09-08,SPOT,9.58185,BBG_BFXFORWARD,2026-09-08T15:00:00-04:00
2026-09-08,USDSEK,2026-09-16,FWD_OUTRIGHT,9.57868114285714,BBG_INTERP,2026-09-08T15:00:00-04:00
2026-09-08,USDSGD,2026-09-08,SPOT,1.2646,BBG_BFXFORWARD,2026-09-08T15:00:00-04:00
2026-09-08,USDSGD,2026-09-16,FWD_OUTRIGHT,1.2640781875,BBG_INTERP,2026-09-08T15:00:00-04:00
2026-09-08,USDTRY,2026-09-08,SPOT,48.4525,BBG_BFXFORWARD,2026-09-08T15:00:00-04:00
2026-09-08,USDTRY,2026-09-16,FWD_OUTRIGHT,48.720255,BBG_INTERP,2026-09-08T15:00:00-04:00
2026-09-08,USDTWD,2026-09-08,SPOT,31.545,BBG_BFXFORWARD,2026-09-08T17:00:00-04:00
2026-09-08,USDZAR,2026-09-08,FWD_OUTRIGHT,15.99155,BBG_BFXFORWARD,2026-09-08T15:00:00-04:00
2026-09-08,USDZAR,2026-09-08,SPOT,15.99155,BBG_BFXFORWARD,2026-09-08T15:00:00-04:00
2026-09-08,USDZAR,2026-09-16,FWD_OUTRIGHT,15.998064285714285,BBG_INTERP,2026-09-08T15:00:00-04:00
2026-09-08,XAUUSD,2026-09-08,SPOT,4374.8099999999995,BBG_BFXFORWARD,2026-09-08T15:00:00-04:00
2026-09-09,AUDUSD,2026-09-09,SPOT,0.72175,BBG_BFXFORWARD,2026-09-09T15:00:00-04:00
2026-09-09,AUDUSD,2026-09-11,FWD_OUTRIGHT,0.72175,BBG_INTERP,2026-09-09T15:00:00-04:00
2026-09-09,AUDUSD,2026-09-16,FWD_OUTRIGHT,0.7217007142857143,BBG_INTERP,2026-09-09T15:00:00-04:00
2026-09-09,AUDUSD,2026-09-24,FWD_OUTRIGHT,0.7216338571428571,BBG_INTERP,2026-09-09T15:00:00-04:00
2026-09-09,AUDUSD,2026-09-28,FWD_OUTRIGHT,0.7215918529411764,BBG_INTERP,2026-09-09T15:00:00-04:00
2026-09-09,ESU6 Index,2026-09-18,FUTURE_PX,7643.75,BBG_BDH,2026-09-09T17:00:00-04:00
2026-09-09,EURSEK,2026-09-09,SPOT,11.165299999999998,BBG_BFXFORWARD,2026-09-09T15:00:00-04:00
2026-09-09,EURSEK,2026-09-25,FWD_OUTRIGHT,11.1622835,BBG_INTERP,2026-09-09T15:00:00-04:00
2026-09-09,EURSEK,2026-11-25,FWD_OUTRIGHT,11.149142433333331,BBG_INTERP,2026-09-09T15:00:00-04:00
2026-09-09,EURSEK,2026-11-27,FWD_OUTRIGHT,11.148771566666666,BBG_INTERP,2026-09-09T15:00:00-04:00
2026-09-09,EURUSD,2026-09-09,SPOT,1.16295,BBG_BFXFORWARD,2026-09-09T15:00:00-04:00
2026-09-09,EURUSD,2026-09-16,FWD_OUTRIGHT,1.1631714285714285,BBG_INTERP,2026-09-09T15:00:00-04:00
2026-09-09,EURUSD,2026-09-24,FWD_OUTRIGHT,1.1635184285714284,BBG_INTERP,2026-09-09T15:00:00-04:00
2026-09-09,GBPUSD,2026-09-09,SPOT,1.3545500000000001,BBG_BFXFORWARD,2026-09-09T15:00:00-04:00
2026-09-09,GBPUSD,2026-09-16,FWD_OUTRIGHT,1.3545482142857146,BBG_INTERP,2026-09-09T15:00:00-04:00
2026-09-09,USDBRL,2026-09-09,SPOT,5.1116,BBG_BFXFORWARD,2026-09-09T15:00:00-04:00
2026-09-09,USDCAD,2026-09-09,SPOT,1.38055,BBG_BFXFORWARD,2026-09-09T15:00:00-04:00
2026-09-09,USDCAD,2026-09-16,FWD_OUTRIGHT,1.3802054285714285,BBG_INTERP,2026-09-09T15:00:00-04:00
2026-09-09,USDCHF,2026-09-09,SPOT,0.81035,BBG_BFXFORWARD,2026-09-09T15:00:00-04:00
2026-09-09,USDCHF,2026-09-16,FWD_OUTRIGHT,0.8099160714285715,BBG_INTERP,2026-09-09T15:00:00-04:00
2026-09-09,USDHKD,2026-09-09,SPOT,7.8423,BBG_BFXFORWARD,2026-09-09T17:00:00-04:00
2026-09-09,USDIDR,2026-09-09,SPOT,17513.0,BBG_BFXFORWARD,2026-09-09T17:00:00-04:00
2026-09-09,USDJPY,2026-09-09,SPOT,153.60500000000002,BBG_BFXFORWARD,2026-09-09T15:00:00-04:00
2026-09-09,USDJPY,2026-09-16,FWD_OUTRIGHT,153.54582142857143,BBG_INTERP,2026-09-09T15:00:00-04:00
2026-09-09,USDJPY,2027-03-01,FWD_OUTRIGHT,151.57788333333335,BBG_INTERP,2026-09-09T15:00:00-04:00
2026-09-09,USDJPY,2027-03-03,FWD_OUTRIGHT,151.55400666666668,BBG_INTERP,2026-09-09T15:00:00-04:00
2026-09-09,USDKRW,2026-09-09,SPOT,1339.85,BBG_BFXFORWARD,2026-09-09T15:00:00-04:00
2026-09-09,USDKRW,2026-09-16,FWD_OUTRIGHT,1339.95,BBG_INTERP,2026-09-09T17:00:00-04:00
2026-09-09,USDKRW,2026-09-21,FWD_OUTRIGHT,1339.91125,BBG_INTERP,2026-09-09T17:00:00-04:00
2026-09-09,USDKRW,2026-09-28,FWD_OUTRIGHT,1339.8675,BBG_INTERP,2026-09-09T17:00:00-04:00
2026-09-09,USDKRW,2026-10-13,FWD_OUTRIGHT,1339.7623333333333,BBG_INTERP,2026-09-09T17:00:00-04:00
2026-09-09,USDMXN,2026-09-09,SPOT,16.8994,BBG_BFXFORWARD,2026-09-09T15:00:00-04:00
2026-09-09,USDMXN,2026-09-17,FWD_OUTRIGHT,16.90749057142857,BBG_INTERP,2026-09-09T15:00:00-04:00
2026-09-09,USDNOK,2026-09-09,SPOT,9.1984,BBG_BFXFORWARD,2026-09-09T15:00:00-04:00
2026-09-09,USDNOK,2026-09-16,FWD_OUTRIGHT,9.199095714285713,BBG_INTERP,2026-09-09T15:00:00-04:00
2026-09-09,USDNOK,2026-09-21,FWD_OUTRIGHT,9.199685785714285,BBG_INTERP,2026-09-09T15:00:00-04:00
2026-09-09,USDSEK,2026-09-09,SPOT,9.6008,BBG_BFXFORWARD,2026-09-09T15:00:00-04:00
2026-09-09,USDSEK,2026-09-16,FWD_OUTRIGHT,9.598139999999999,BBG_INTERP,2026-09-09T15:00:00-04:00
2026-09-09,USDSGD,2026-09-09,SPOT,1.26445,BBG_BFXFORWARD,2026-09-09T15:00:00-04:00
2026-09-09,USDSGD,2026-09-16,FWD_OUTRIGHT,1.2640141129032259,BBG_INTERP,2026-09-09T15:00:00-04:00
2026-09-09,USDTRY,2026-09-09,SPOT,48.47585,BBG_BFXFORWARD,2026-09-09T15:00:00-04:00
2026-09-09,USDTRY,2026-09-16,FWD_OUTRIGHT,48.711490142857144,BBG_INTERP,2026-09-09T15:00:00-04:00
2026-09-09,USDTWD,2026-09-09,SPOT,31.498,BBG_BFXFORWARD,2026-09-09T17:00:00-04:00
2026-09-09,USDZAR,2026-09-09,SPOT,16.04965,BBG_BFXFORWARD,2026-09-09T15:00:00-04:00
2026-09-09,USDZAR,2026-09-11,FWD_OUTRIGHT,16.04965,BBG_INTERP,2026-09-09T15:00:00-04:00
2026-09-09,USDZAR,2026-09-16,FWD_OUTRIGHT,16.0549,BBG_INTERP,2026-09-09T15:00:00-04:00
2026-09-09,USDZAR,2026-10-13,FWD_OUTRIGHT,16.086331666666666,BBG_INTERP,2026-09-09T15:00:00-04:00
2026-09-09,XAUUSD,2026-09-09,SPOT,4403.105,BBG_BFXFORWARD,2026-09-09T15:00:00-04:00
2026-09-10,AUDUSD,2026-09-10,SPOT,0.716,BBG_BFXFORWARD,2026-09-10T15:00:00-04:00
2026-09-10,AUDUSD,2026-09-11,FWD_OUTRIGHT,0.716,BBG_INTERP,2026-09-10T15:00:00-04:00
2026-09-10,AUDUSD,2026-09-14,FWD_OUTRIGHT,0.716,BBG_INTERP,2026-09-10T15:00:00-04:00
2026-09-10,AUDUSD,2026-09-16,FWD_OUTRIGHT,0.7159814285714285,BBG_INTERP,2026-09-10T15:00:00-04:00
2026-09-10,AUDUSD,2026-09-24,FWD_OUTRIGHT,0.7159116428571428,BBG_INTERP,2026-09-10T15:00:00-04:00
2026-09-10,AUDUSD,2026-09-28,FWD_OUTRIGHT,0.7158804999999999,BBG_INTERP,2026-09-10T15:00:00-04:00
2026-09-10,ESU6 Index,2026-09-18,FUTURE_PX,7598.5,BBG_BDH,2026-09-10T17:00:00-04:00
2026-09-10,EURSEK,2026-09-10,SPOT,11.24005,BBG_BFXFORWARD,2026-09-10T15:00:00-04:00
2026-09-10,EURSEK,2026-09-25,FWD_OUTRIGHT,11.2376065,BBG_INTERP,2026-09-10T15:00:00-04:00
2026-09-10,EURSEK,2026-11-25,FWD_OUTRIGHT,11.224140142857143,BBG_INTERP,2026-09-10T15:00:00-04:00
2026-09-10,EURSEK,2026-11-27,FWD_OUTRIGHT,11.223728285714285,BBG_INTERP,2026-09-10T15:00:00-04:00
2026-09-10,EURUSD,2026-09-10,SPOT,1.16135,BBG_BFXFORWARD,2026-09-10T15:00:00-04:00
2026-09-10,EURUSD,2026-09-16,FWD_OUTRIGHT,1.161437,BBG_INTERP,2026-09-10T15:00:00-04:00
2026-09-10,EURUSD,2026-09-24,FWD_OUTRIGHT,1.1617865,BBG_INTERP,2026-09-10T15:00:00-04:00
2026-09-10,GBPUSD,2026-09-10,SPOT,1.35135,BBG_BFXFORWARD,2026-09-10T15:00:00-04:00
2026-09-10,GBPUSD,2026-09-16,FWD_OUTRIGHT,1.3513531428571428,BBG_INTERP,2026-09-10T15:00:00-04:00
2026-09-10,USDBRL,2026-09-10,SPOT,5.09785,BBG_BFXFORWARD,2026-09-10T15:00:00-04:00
2026-09-10,USDCAD,2026-09-10,SPOT,1.3829500000000001,BBG_BFXFORWARD,2026-09-10T15:00:00-04:00
2026-09-10,USDCAD,2026-09-16,FWD_OUTRIGHT,1.3826578571428572,BBG_INTERP,2026-09-10T15:00:00-04:00
2026-09-10,USDCHF,2026-09-10,SPOT,0.81285,BBG_BFXFORWARD,2026-09-10T15:00:00-04:00
2026-09-10,USDCHF,2026-09-16,FWD_OUTRIGHT,0.8126717142857143,BBG_INTERP,2026-09-10T15:00:00-04:00
2026-09-10,USDHKD,2026-09-10,SPOT,7.8418,BBG_BFXFORWARD,2026-09-10T17:00:00-04:00
2026-09-10,USDIDR,2026-09-10,SPOT,17539.0,BBG_BFXFORWARD,2026-09-10T17:00:00-04:00
2026-09-10,USDJPY,2026-09-10,SPOT,154.325,BBG_BFXFORWARD,2026-09-10T15:00:00-04:00
2026-09-10,USDJPY,2026-09-16,FWD_OUTRIGHT,154.2895857142857,BBG_INTERP,2026-09-10T15:00:00-04:00
2026-09-10,USDJPY,2027-03-01,FWD_OUTRIGHT,152.2724,BBG_INTERP,2026-09-10T15:00:00-04:00
2026-09-10,USDJPY,2027-03-03,FWD_OUTRIGHT,152.24755714285715,BBG_INTERP,2026-09-10T15:00:00-04:00
2026-09-10,USDKRW,2026-09-10,SPOT,1346.7,BBG_BFXFORWARD,2026-09-10T15:00:00-04:00
2026-09-10,USDKRW,2026-09-16,FWD_OUTRIGHT,1347.4685714285715,BBG_INTERP,2026-09-10T17:00:00-04:00
2026-09-10,USDKRW,2026-09-21,FWD_OUTRIGHT,1347.39,BBG_INTERP,2026-09-10T17:00:00-04:00
2026-09-10,USDKRW,2026-09-28,FWD_OUTRIGHT,1347.3626086956522,BBG_INTERP,2026-09-10T17:00:00-04:00
2026-09-10,USDKRW,2026-10-13,FWD_OUTRIGHT,1347.3039130434781,BBG_INTERP,2026-09-10T17:00:00-04:00
2026-09-10,USDMXN,2026-09-10,SPOT,16.981650000000002,BBG_BFXFORWARD,2026-09-10T15:00:00-04:00
2026-09-10,USDMXN,2026-09-17,FWD_OUTRIGHT,16.985507142857145,BBG_INTERP,2026-09-10T15:00:00-04:00
2026-09-10,USDNOK,2026-09-10,SPOT,9.280349999999999,BBG_BFXFORWARD,2026-09-10T15:00:00-04:00
2026-09-10,USDNOK,2026-09-16,FWD_OUTRIGHT,9.28058657142857,BBG_INTERP,2026-09-10T15:00:00-04:00
2026-09-10,USDNOK,2026-09-21,FWD_OUTRIGHT,9.281177999999999,BBG_INTERP,2026-09-10T15:00:00-04:00
2026-09-10,USDSEK,2026-09-10,SPOT,9.67835,BBG_BFXFORWARD,2026-09-10T15:00:00-04:00
2026-09-10,USDSEK,2026-09-16,FWD_OUTRIGHT,9.677250285714285,BBG_INTERP,2026-09-10T15:00:00-04:00
2026-09-10,USDSGD,2026-09-10,SPOT,1.2678500000000001,BBG_BFXFORWARD,2026-09-10T15:00:00-04:00
2026-09-10,USDSGD,2026-09-16,FWD_OUTRIGHT,1.267685142857143,BBG_INTERP,2026-09-10T15:00:00-04:00
2026-09-10,USDTRY,2026-09-10,SPOT,48.494550000000004,BBG_BFXFORWARD,2026-09-10T15:00:00-04:00
2026-09-10,USDTRY,2026-09-16,FWD_OUTRIGHT,48.69658678571429,BBG_INTERP,2026-09-10T15:00:00-04:00
2026-09-10,USDTWD,2026-09-10,SPOT,31.564,BBG_BFXFORWARD,2026-09-10T17:00:00-04:00
2026-09-10,USDZAR,2026-09-10,SPOT,16.20295,BBG_BFXFORWARD,2026-09-10T15:00:00-04:00
2026-09-10,USDZAR,2026-09-11,FWD_OUTRIGHT,16.20295,BBG_INTERP,2026-09-10T15:00:00-04:00
2026-09-10,USDZAR,2026-09-14,FWD_OUTRIGHT,16.20295,BBG_INTERP,2026-09-10T15:00:00-04:00
2026-09-10,USDZAR,2026-09-16,FWD_OUTRIGHT,16.20502142857143,BBG_INTERP,2026-09-10T15:00:00-04:00
2026-09-10,USDZAR,2026-10-13,FWD_OUTRIGHT,16.2342625,BBG_INTERP,2026-09-10T15:00:00-04:00
2026-09-10,XAUUSD,2026-09-10,SPOT,4332.4400000000005,BBG_BFXFORWARD,2026-09-10T15:00:00-04:00
2026-09-11,AUDUSD,2026-09-11,FWD_OUTRIGHT,0.7173,BBG_BFXFORWARD,2026-09-11T15:00:00-04:00
2026-09-11,AUDUSD,2026-09-11,SPOT,0.7173,BBG_BFXFORWARD,2026-09-11T15:00:00-04:00
2026-09-11,AUDUSD,2026-09-14,FWD_OUTRIGHT,0.7173,BBG_INTERP,2026-09-11T15:00:00-04:00
2026-09-11,AUDUSD,2026-09-15,FWD_OUTRIGHT,0.7173,BBG_INTERP,2026-09-11T15:00:00-04:00
2026-09-11,AUDUSD,2026-09-16,FWD_OUTRIGHT,0.7172915000000001,BBG_INTERP,2026-09-11T15:00:00-04:00
2026-09-11,AUDUSD,2026-09-24,FWD_OUTRIGHT,0.7172260714285714,BBG_INTERP,2026-09-11T15:00:00-04:00
2026-09-11,AUDUSD,2026-09-28,FWD_OUTRIGHT,0.7171972142857143,BBG_INTERP,2026-09-11T15:00:00-04:00
2026-09-11,ESU6 Index,2026-09-18,FUTURE_PX,7659.5,BBG_BDH,2026-09-11T17:00:00-04:00
2026-09-11,ESZ6 Index,2026-12-18,FUTURE_PX,7727.25,BBG_BDH,2026-09-11T17:00:00-04:00
2026-09-11,EURSEK,2026-09-11,SPOT,11.252500000000001,BBG_BFXFORWARD,2026-09-11T15:00:00-04:00
2026-09-11,EURSEK,2026-09-25,FWD_OUTRIGHT,11.250197285714288,BBG_INTERP,2026-09-11T15:00:00-04:00
2026-09-11,EURSEK,2026-11-25,FWD_OUTRIGHT,11.236844379310346,BBG_INTERP,2026-09-11T15:00:00-04:00
2026-09-11,EURSEK,2026-11-27,FWD_OUTRIGHT,11.236442241379311,BBG_INTERP,2026-09-11T15:00:00-04:00
2026-09-11,EURUSD,2026-09-11,SPOT,1.1596,BBG_BFXFORWARD,2026-09-11T15:00:00-04:00
2026-09-11,EURUSD,2026-09-15,FWD_OUTRIGHT,1.1596,BBG_INTERP,2026-09-11T15:00:00-04:00
2026-09-11,EURUSD,2026-09-16,FWD_OUTRIGHT,1.1596445714285715,BBG_INTERP,2026-09-11T15:00:00-04:00
2026-09-11,EURUSD,2026-09-24,FWD_OUTRIGHT,1.1600024285714285,BBG_INTERP,2026-09-11T15:00:00-04:00
2026-09-11,GBPUSD,2026-09-11,SPOT,1.3524500000000002,BBG_BFXFORWARD,2026-09-11T15:00:00-04:00
2026-09-11,GBPUSD,2026-09-15,FWD_OUTRIGHT,1.3524500000000002,BBG_INTERP,2026-09-11T15:00:00-04:00
2026-09-11,GBPUSD,2026-09-16,FWD_OUTRIGHT,1.3524528571428573,BBG_INTERP,2026-09-11T15:00:00-04:00
2026-09-11,USDBRL,2026-09-11,SPOT,5.1307,BBG_BFXFORWARD,2026-09-11T15:00:00-04:00
2026-09-11,USDCAD,2026-09-11,SPOT,1.3865,BBG_BFXFORWARD,2026-09-11T15:00:00-04:00
2026-09-11,USDCAD,2026-09-15,FWD_OUTRIGHT,1.3864372857142857,BBG_INTERP,2026-09-11T15:00:00-04:00
2026-09-11,USDCAD,2026-09-16,FWD_OUTRIGHT,1.3863745714285716,BBG_INTERP,2026-09-11T15:00:00-04:00
2026-09-11,USDCHF,2026-09-11,SPOT,0.81665,BBG_BFXFORWARD,2026-09-11T15:00:00-04:00
2026-09-11,USDCHF,2026-09-16,FWD_OUTRIGHT,0.8165593571428571,BBG_INTERP,2026-09-11T15:00:00-04:00
2026-09-11,USDHKD,2026-09-11,SPOT,7.8423,BBG_BFXFORWARD,2026-09-11T17:00:00-04:00
2026-09-11,USDIDR,2026-09-11,SPOT,17600.0,BBG_BFXFORWARD,2026-09-11T17:00:00-04:00
2026-09-11,USDJPY,2026-09-11,SPOT,153.725,BBG_BFXFORWARD,2026-09-11T15:00:00-04:00
2026-09-11,USDJPY,2026-09-16,FWD_OUTRIGHT,153.7088,BBG_INTERP,2026-09-11T15:00:00-04:00
2026-09-11,USDJPY,2027-03-01,FWD_OUTRIGHT,151.6538222222222,BBG_INTERP,2026-09-11T15:00:00-04:00
2026-09-11,USDJPY,2027-03-03,FWD_OUTRIGHT,151.6286333333333,BBG_INTERP,2026-09-11T15:00:00-04:00
2026-09-11,USDKRW,2026-09-11,SPOT,1341.9499999999998,BBG_BFXFORWARD,2026-09-11T15:00:00-04:00
2026-09-11,USDKRW,2026-09-16,FWD_OUTRIGHT,1342.5828571428572,BBG_INTERP,2026-09-11T17:00:00-04:00
2026-09-11,USDKRW,2026-09-21,FWD_OUTRIGHT,1342.4971428571428,BBG_INTERP,2026-09-11T17:00:00-04:00
2026-09-11,USDKRW,2026-09-28,FWD_OUTRIGHT,1342.433043478261,BBG_INTERP,2026-09-11T17:00:00-04:00
2026-09-11,USDKRW,2026-10-13,FWD_OUTRIGHT,1342.315652173913,BBG_INTERP,2026-09-11T17:00:00-04:00
2026-09-11,USDMXN,2026-09-11,SPOT,16.9693,BBG_BFXFORWARD,2026-09-11T15:00:00-04:00
2026-09-11,USDMXN,2026-09-15,FWD_OUTRIGHT,16.9693,BBG_INTERP,2026-09-11T15:00:00-04:00
2026-09-11,USDMXN,2026-09-17,FWD_OUTRIGHT,16.971904000000002,BBG_INTERP,2026-09-11T15:00:00-04:00
2026-09-11,USDNOK,2026-09-11,SPOT,9.2889,BBG_BFXFORWARD,2026-09-11T15:00:00-04:00
2026-09-11,USDNOK,2026-09-16,FWD_OUTRIGHT,9.289004,BBG_INTERP,2026-09-11T15:00:00-04:00
2026-09-11,USDNOK,2026-09-21,FWD_OUTRIGHT,9.289524,BBG_INTERP,2026-09-11T15:00:00-04:00
2026-09-11,USDSEK,2026-09-11,SPOT,9.704149999999998,BBG_BFXFORWARD,2026-09-11T15:00:00-04:00
2026-09-11,USDSEK,2026-09-15,FWD_OUTRIGHT,9.704149999999998,BBG_INTERP,2026-09-11T15:00:00-04:00
2026-09-11,USDSEK,2026-09-16,FWD_OUTRIGHT,9.7035805,BBG_INTERP,2026-09-11T15:00:00-04:00
2026-09-11,USDSGD,2026-09-11,SPOT,1.2672500000000002,BBG_BFXFORWARD,2026-09-11T15:00:00-04:00
2026-09-11,USDSGD,2026-09-15,FWD_OUTRIGHT,1.267,BBG_INTERP,2026-09-11T17:00:00-04:00
2026-09-11,USDSGD,2026-09-16,FWD_OUTRIGHT,1.2669164285714285,BBG_INTERP,2026-09-11T17:00:00-04:00
2026-09-11,USDTRY,2026-09-11,SPOT,48.5975,BBG_BFXFORWARD,2026-09-11T15:00:00-04:00
2026-09-11,USDTRY,2026-09-16,FWD_OUTRIGHT,48.676781,BBG_INTERP,2026-09-11T15:00:00-04:00
2026-09-11,USDTWD,2026-09-11,SPOT,31.651,BBG_BFXFORWARD,2026-09-11T17:00:00-04:00
2026-09-11,USDZAR,2026-09-11,FWD_OUTRIGHT,16.14555,BBG_BFXFORWARD,2026-09-11T15:00:00-04:00
2026-09-11,USDZAR,2026-09-11,SPOT,16.14555,BBG_BFXFORWARD,2026-09-11T15:00:00-04:00
2026-09-11,USDZAR,2026-09-14,FWD_OUTRIGHT,16.14555,BBG_INTERP,2026-09-11T15:00:00-04:00
2026-09-11,USDZAR,2026-09-15,FWD_OUTRIGHT,16.14555,BBG_INTERP,2026-09-11T15:00:00-04:00
2026-09-11,USDZAR,2026-09-16,FWD_OUTRIGHT,16.146592857142856,BBG_INTERP,2026-09-11T15:00:00-04:00
2026-09-11,USDZAR,2026-10-13,FWD_OUTRIGHT,16.17579375,BBG_INTERP,2026-09-11T15:00:00-04:00
2026-09-11,XAUUSD,2026-09-11,SPOT,4347.35,BBG_BFXFORWARD,2026-09-11T15:00:00-04:00
2026-09-14,AUDUSD,2026-09-14,FWD_OUTRIGHT,0.7145,BBG_BFXFORWARD,2026-09-14T15:00:00-04:00
2026-09-14,AUDUSD,2026-09-14,SPOT,0.7145,BBG_BFXFORWARD,2026-09-14T15:00:00-04:00
2026-09-14,AUDUSD,2026-09-15,FWD_OUTRIGHT,0.7145,BBG_INTERP,2026-09-14T15:00:00-04:00
2026-09-14,AUDUSD,2026-09-16,FWD_OUTRIGHT,0.7145,BBG_INTERP,2026-09-14T15:00:00-04:00
2026-09-14,AUDUSD,2026-09-24,FWD_OUTRIGHT,0.7144367857142858,BBG_INTERP,2026-09-14T15:00:00-04:00
2026-09-14,AUDUSD,2026-09-28,FWD_OUTRIGHT,0.7144079285714287,BBG_INTERP,2026-09-14T15:00:00-04:00
2026-09-14,ESU6 Index,2026-09-18,FUTURE_PX,7625.0,BBG_BDH,2026-09-14T17:00:00-04:00
2026-09-14,ESZ6 Index,2026-12-18,FUTURE_PX,7692.75,BBG_BDH,2026-09-14T17:00:00-04:00
2026-09-14,EURSEK,2026-09-14,SPOT,11.258099999999999,BBG_BFXFORWARD,2026-09-14T15:00:00-04:00
2026-09-14,EURSEK,2026-09-25,FWD_OUTRIGHT,11.255964428571428,BBG_INTERP,2026-09-14T15:00:00-04:00
2026-09-14,EURSEK,2026-11-25,FWD_OUTRIGHT,11.242764099999999,BBG_INTERP,2026-09-14T15:00:00-04:00
2026-09-14,EURSEK,2026-11-27,FWD_OUTRIGHT,11.242363566666665,BBG_INTERP,2026-09-14T15:00:00-04:00
2026-09-14,EURUSD,2026-09-14,SPOT,1.1557,BBG_BFXFORWARD,2026-09-14T15:00:00-04:00
2026-09-14,EURUSD,2026-09-15,FWD_OUTRIGHT,1.1557,BBG_INTERP,2026-09-14T15:00:00-04:00
2026-09-14,EURUSD,2026-09-16,FWD_OUTRIGHT,1.1557,BBG_INTERP,2026-09-14T15:00:00-04:00
2026-09-14,EURUSD,2026-09-17,FWD_OUTRIGHT,1.1557446428571427,BBG_INTERP,2026-09-14T15:00:00-04:00
2026-09-14,EURUSD,2026-09-24,FWD_OUTRIGHT,1.1560579999999998,BBG_INTERP,2026-09-14T15:00:00-04:00
2026-09-14,GBPUSD,2026-09-14,SPOT,1.35115,BBG_BFXFORWARD,2026-09-14T15:00:00-04:00
2026-09-14,GBPUSD,2026-09-15,FWD_OUTRIGHT,1.35115,BBG_INTERP,2026-09-14T15:00:00-04:00
2026-09-14,GBPUSD,2026-09-16,FWD_OUTRIGHT,1.35115,BBG_INTERP,2026-09-14T15:00:00-04:00
2026-09-14,USDBRL,2026-09-14,NDF_FIX,5.169,BBG_BDH,2026-09-14T17:00:00-04:00
2026-09-14,USDBRL,2026-09-14,SPOT,5.149150000000001,BBG_BFXFORWARD,2026-09-14T15:00:00-04:00
2026-09-14,USDCAD,2026-09-14,SPOT,1.39025,BBG_BFXFORWARD,2026-09-14T15:00:00-04:00
2026-09-14,USDCAD,2026-09-15,FWD_OUTRIGHT,1.39025,BBG_INTERP,2026-09-14T15:00:00-04:00
2026-09-14,USDCAD,2026-09-16,FWD_OUTRIGHT,1.3901859285714286,BBG_INTERP,2026-09-14T15:00:00-04:00
2026-09-14,USDCHF,2026-09-14,SPOT,0.8163,BBG_BFXFORWARD,2026-09-14T15:00:00-04:00
2026-09-14,USDCHF,2026-09-16,FWD_OUTRIGHT,0.8163,BBG_INTERP,2026-09-14T15:00:00-04:00
2026-09-14,USDHKD,2026-09-14,SPOT,7.8436,BBG_BFXFORWARD,2026-09-14T17:00:00-04:00
2026-09-14,USDIDR,2026-09-14,NDF_FIX,17635.0,BBG_BDH,2026-09-14T17:00:00-04:00
2026-09-14,USDIDR,2026-09-14,SPOT,17648.0,BBG_BFXFORWARD,2026-09-14T17:00:00-04:00
2026-09-14,USDJPY,2026-09-14,SPOT,154.065,BBG_BFXFORWARD,2026-09-14T15:00:00-04:00
2026-09-14,USDJPY,2026-09-16,FWD_OUTRIGHT,154.065,BBG_INTERP,2026-09-14T15:00:00-04:00
2026-09-14,USDJPY,2027-03-01,FWD_OUTRIGHT,151.99735833333332,BBG_INTERP,2026-09-14T15:00:00-04:00
2026-09-14,USDJPY,2027-03-03,FWD_OUTRIGHT,151.97211055555556,BBG_INTERP,2026-09-14T15:00:00-04:00
2026-09-14,USDKRW,2026-09-14,SPOT,1346.1,BBG_BFXFORWARD,2026-09-14T15:00:00-04:00
2026-09-14,USDKRW,2026-09-16,FWD_OUTRIGHT,1347.15,BBG_INTERP,2026-09-14T17:00:00-04:00
2026-09-14,USDKRW,2026-09-21,FWD_OUTRIGHT,1347.0357142857142,BBG_INTERP,2026-09-14T17:00:00-04:00
2026-09-14,USDKRW,2026-09-28,FWD_OUTRIGHT,1346.9269565217392,BBG_INTERP,2026-09-14T17:00:00-04:00
2026-09-14,USDKRW,2026-10-13,FWD_OUTRIGHT,1346.7378260869566,BBG_INTERP,2026-09-14T17:00:00-04:00
2026-09-14,USDMXN,2026-09-14,SPOT,17.126649999999998,BBG_BFXFORWARD,2026-09-14T15:00:00-04:00
2026-09-14,USDMXN,2026-09-15,FWD_OUTRIGHT,17.126649999999998,BBG_INTERP,2026-09-14T15:00:00-04:00
2026-09-14,USDMXN,2026-09-17,FWD_OUTRIGHT,17.12797857142857,BBG_INTERP,2026-09-14T15:00:00-04:00
2026-09-14,USDNOK,2026-09-14,SPOT,9.317350000000001,BBG_BFXFORWARD,2026-09-14T15:00:00-04:00
2026-09-14,USDNOK,2026-09-16,FWD_OUTRIGHT,9.317350000000001,BBG_INTERP,2026-09-14T15:00:00-04:00
2026-09-14,USDNOK,2026-09-21,FWD_OUTRIGHT,9.317856785714286,BBG_INTERP,2026-09-14T15:00:00-04:00
2026-09-14,USDSEK,2026-09-14,SPOT,9.74135,BBG_BFXFORWARD,2026-09-14T15:00:00-04:00
2026-09-14,USDSEK,2026-09-15,FWD_OUTRIGHT,9.74135,BBG_INTERP,2026-09-14T15:00:00-04:00
2026-09-14,USDSEK,2026-09-16,FWD_OUTRIGHT,9.74135,BBG_INTERP,2026-09-14T15:00:00-04:00
2026-09-14,USDSGD,2026-09-14,SPOT,1.26965,BBG_BFXFORWARD,2026-09-14T15:00:00-04:00
2026-09-14,USDSGD,2026-09-15,FWD_OUTRIGHT,1.26965,BBG_INTERP,2026-09-14T15:00:00-04:00
2026-09-14,USDSGD,2026-09-16,FWD_OUTRIGHT,1.26965,BBG_INTERP,2026-09-14T15:00:00-04:00
2026-09-14,USDTRY,2026-09-14,SPOT,48.62045,BBG_BFXFORWARD,2026-09-14T15:00:00-04:00
2026-09-14,USDTRY,2026-09-16,FWD_OUTRIGHT,48.660437928571426,BBG_INTERP,2026-09-14T15:00:00-04:00
2026-09-14,USDTWD,2026-09-14,SPOT,31.723,BBG_BFXFORWARD,2026-09-14T17:00:00-04:00
2026-09-14,USDZAR,2026-09-14,FWD_OUTRIGHT,16.2379,BBG_BFXFORWARD,2026-09-14T15:00:00-04:00
2026-09-14,USDZAR,2026-09-14,SPOT,16.2379,BBG_BFXFORWARD,2026-09-14T15:00:00-04:00
2026-09-14,USDZAR,2026-09-15,FWD_OUTRIGHT,16.2379,BBG_INTERP,2026-09-14T15:00:00-04:00
2026-09-14,USDZAR,2026-09-16,FWD_OUTRIGHT,16.2379,BBG_INTERP,2026-09-14T15:00:00-04:00
2026-09-14,USDZAR,2026-10-13,FWD_OUTRIGHT,16.2680625,BBG_INTERP,2026-09-14T15:00:00-04:00
2026-09-14,XAUUSD,2026-09-14,SPOT,4307.425,BBG_BFXFORWARD,2026-09-14T15:00:00-04:00
2026-09-15,AUDUSD,2026-09-15,FWD_OUTRIGHT,0.71315,BBG_BFXFORWARD,2026-09-15T15:00:00-04:00
2026-09-15,AUDUSD,2026-09-15,SPOT,0.71315,BBG_BFXFORWARD,2026-09-15T15:00:00-04:00
2026-09-15,AUDUSD,2026-09-16,FWD_OUTRIGHT,0.71315,BBG_INTERP,2026-09-15T15:00:00-04:00
2026-09-15,AUDUSD,2026-09-17,FWD_OUTRIGHT,0.71315,BBG_INTERP,2026-09-15T15:00:00-04:00
2026-09-15,AUDUSD,2026-09-24,FWD_OUTRIGHT,0.713094,BBG_INTERP,2026-09-15T15:00:00-04:00
2026-09-15,AUDUSD,2026-09-28,FWD_OUTRIGHT,0.7130634285714286,BBG_INTERP,2026-09-15T15:00:00-04:00
2026-09-15,ESU6 Index,2026-09-18,FUTURE_PX,7589.25,BBG_BDH,2026-09-15T17:00:00-04:00
2026-09-15,ESZ6 Index,2026-12-18,FUTURE_PX,7656.0,BBG_BDH,2026-09-15T17:00:00-04:00
2026-09-15,EURSEK,2026-09-15,SPOT,11.2857,BBG_BFXFORWARD,2026-09-15T15:00:00-04:00
2026-09-15,EURSEK,2026-09-25,FWD_OUTRIGHT,11.283773357142858,BBG_INTERP,2026-09-15T15:00:00-04:00
2026-09-15,EURSEK,2026-11-25,FWD_OUTRIGHT,11.2705388,BBG_INTERP,2026-09-15T15:00:00-04:00
2026-09-15,EURSEK,2026-11-27,FWD_OUTRIGHT,11.270146500000001,BBG_INTERP,2026-09-15T15:00:00-04:00
2026-09-15,EURUSD,2026-09-15,FWD_OUTRIGHT,1.1543,BBG_BFXFORWARD,2026-09-15T15:00:00-04:00
2026-09-15,EURUSD,2026-09-15,SPOT,1.1543,BBG_BFXFORWARD,2026-09-15T15:00:00-04:00
2026-09-15,EURUSD,2026-09-16,FWD_OUTRIGHT,1.1543,BBG_INTERP,2026-09-15T15:00:00-04:00
2026-09-15,EURUSD,2026-09-17,FWD_OUTRIGHT,1.1543,BBG_INTERP,2026-09-15T15:00:00-04:00
2026-09-15,EURUSD,2026-09-24,FWD_OUTRIGHT,1.154617,BBG_INTERP,2026-09-15T15:00:00-04:00
2026-09-15,GBPUSD,2026-09-15,FWD_OUTRIGHT,1.3480500000000002,BBG_BFXFORWARD,2026-09-15T15:00:00-04:00
2026-09-15,GBPUSD,2026-09-15,SPOT,1.3480500000000002,BBG_BFXFORWARD,2026-09-15T15:00:00-04:00
2026-09-15,GBPUSD,2026-09-16,FWD_OUTRIGHT,1.3480500000000002,BBG_INTERP,2026-09-15T15:00:00-04:00
2026-09-15,USDBRL,2026-09-15,SPOT,5.1517,BBG_BFXFORWARD,2026-09-15T15:00:00-04:00
2026-09-15,USDCAD,2026-09-15,FWD_OUTRIGHT,1.3916499999999998,BBG_BFXFORWARD,2026-09-15T15:00:00-04:00
2026-09-15,USDCAD,2026-09-15,SPOT,1.3916499999999998,BBG_BFXFORWARD,2026-09-15T15:00:00-04:00
2026-09-15,USDCAD,2026-09-16,FWD_OUTRIGHT,1.3916499999999998,BBG_INTERP,2026-09-15T15:00:00-04:00
2026-09-15,USDCAD,2026-09-17,FWD_OUTRIGHT,1.3915849285714283,BBG_INTERP,2026-09-15T15:00:00-04:00
2026-09-15,USDCHF,2026-09-15,SPOT,0.81855,BBG_BFXFORWARD,2026-09-15T15:00:00-04:00
2026-09-15,USDCHF,2026-09-16,FWD_OUTRIGHT,0.81855,BBG_INTERP,2026-09-15T15:00:00-04:00
2026-09-15,USDCHF,2026-09-17,FWD_OUTRIGHT,0.81855,BBG_INTERP,2026-09-15T15:00:00-04:00
2026-09-15,USDHKD,2026-09-15,SPOT,7.8449,BBG_BFXFORWARD,2026-09-15T17:00:00-04:00
2026-09-15,USDIDR,2026-09-15,SPOT,17691.0,BBG_BFXFORWARD,2026-09-15T17:00:00-04:00
2026-09-15,USDJPY,2026-09-15,SPOT,155.095,BBG_BFXFORWARD,2026-09-15T15:00:00-04:00
2026-09-15,USDJPY,2026-09-16,FWD_OUTRIGHT,155.095,BBG_INTERP,2026-09-15T15:00:00-04:00
2026-09-15,USDJPY,2026-09-17,FWD_OUTRIGHT,155.095,BBG_INTERP,2026-09-15T15:00:00-04:00
2026-09-15,USDJPY,2027-03-01,FWD_OUTRIGHT,153.02114444444445,BBG_INTERP,2026-09-15T15:00:00-04:00
2026-09-15,USDJPY,2027-03-03,FWD_OUTRIGHT,152.99568888888888,BBG_INTERP,2026-09-15T15:00:00-04:00
2026-09-15,USDKRW,2026-09-15,SPOT,1361.5500000000002,BBG_BFXFORWARD,2026-09-15T15:00:00-04:00
2026-09-15,USDKRW,2026-09-16,FWD_OUTRIGHT,1364.5,BBG_INTERP,2026-09-15T17:00:00-04:00
2026-09-15,USDKRW,2026-09-21,FWD_OUTRIGHT,1364.3457142857144,BBG_INTERP,2026-09-15T17:00:00-04:00
2026-09-15,USDKRW,2026-09-28,FWD_OUTRIGHT,1364.1772,BBG_INTERP,2026-09-15T17:00:00-04:00
2026-09-15,USDKRW,2026-10-13,FWD_OUTRIGHT,1363.9792,BBG_INTERP,2026-09-15T17:00:00-04:00
2026-09-15,USDMXN,2026-09-15,FWD_OUTRIGHT,17.1546,BBG_BFXFORWARD,2026-09-15T15:00:00-04:00
2026-09-15,USDMXN,2026-09-15,SPOT,17.1546,BBG_BFXFORWARD,2026-09-15T15:00:00-04:00
2026-09-15,USDMXN,2026-09-17,FWD_OUTRIGHT,17.1546,BBG_INTERP,2026-09-15T15:00:00-04:00
2026-09-15,USDNOK,2026-09-15,SPOT,9.3401,BBG_BFXFORWARD,2026-09-15T15:00:00-04:00
2026-09-15,USDNOK,2026-09-16,FWD_OUTRIGHT,9.3401,BBG_INTERP,2026-09-15T15:00:00-04:00
2026-09-15,USDNOK,2026-09-17,FWD_OUTRIGHT,9.3401,BBG_INTERP,2026-09-15T15:00:00-04:00
2026-09-15,USDNOK,2026-09-21,FWD_OUTRIGHT,9.340495714285714,BBG_INTERP,2026-09-15T15:00:00-04:00
2026-09-15,USDSEK,2026-09-15,FWD_OUTRIGHT,9.7773,BBG_BFXFORWARD,2026-09-15T15:00:00-04:00
2026-09-15,USDSEK,2026-09-15,SPOT,9.7773,BBG_BFXFORWARD,2026-09-15T15:00:00-04:00
2026-09-15,USDSEK,2026-09-16,FWD_OUTRIGHT,9.7773,BBG_INTERP,2026-09-15T15:00:00-04:00
2026-09-15,USDSEK,2026-09-17,FWD_OUTRIGHT,9.7773,BBG_INTERP,2026-09-15T15:00:00-04:00
2026-09-15,USDSGD,2026-09-15,FWD_OUTRIGHT,1.2727,BBG_BFXFORWARD,2026-09-15T15:00:00-04:00
2026-09-15,USDSGD,2026-09-15,SPOT,1.2727,BBG_BFXFORWARD,2026-09-15T15:00:00-04:00
2026-09-15,USDSGD,2026-09-16,FWD_OUTRIGHT,1.2727,BBG_INTERP,2026-09-15T15:00:00-04:00
2026-09-15,USDTRY,2026-09-15,SPOT,48.63875,BBG_BFXFORWARD,2026-09-15T15:00:00-04:00
2026-09-15,USDTRY,2026-09-16,FWD_OUTRIGHT,48.63875,BBG_INTERP,2026-09-15T15:00:00-04:00
2026-09-15,USDTRY,2026-09-23,FWD_OUTRIGHT,48.90918,BBG_INTERP,2026-09-15T15:00:00-04:00
2026-09-15,USDTWD,2026-09-15,SPOT,31.883,BBG_BFXFORWARD,2026-09-15T17:00:00-04:00
2026-09-15,USDZAR,2026-09-15,FWD_OUTRIGHT,16.25345,BBG_BFXFORWARD,2026-09-15T15:00:00-04:00
2026-09-15,USDZAR,2026-09-15,SPOT,16.25345,BBG_BFXFORWARD,2026-09-15T15:00:00-04:00
2026-09-15,USDZAR,2026-09-16,FWD_OUTRIGHT,16.25345,BBG_INTERP,2026-09-15T15:00:00-04:00
2026-09-15,USDZAR,2026-09-17,FWD_OUTRIGHT,16.25345,BBG_INTERP,2026-09-15T15:00:00-04:00
2026-09-15,USDZAR,2026-10-13,FWD_OUTRIGHT,16.2816,BBG_INTERP,2026-09-15T15:00:00-04:00
2026-09-15,XAUUSD,2026-09-15,SPOT,4308.715,BBG_BFXFORWARD,2026-09-15T15:00:00-04:00
2026-09-16,AUDUSD,2026-09-16,FWD_OUTRIGHT,0.70895,BBG_BFXFORWARD,2026-09-16T15:00:00-04:00
2026-09-16,AUDUSD,2026-09-16,SPOT,0.70895,BBG_BFXFORWARD,2026-09-16T15:00:00-04:00
2026-09-16,AUDUSD,2026-09-17,FWD_OUTRIGHT,0.70895,BBG_INTERP,2026-09-16T15:00:00-04:00
2026-09-16,AUDUSD,2026-09-18,FWD_OUTRIGHT,0.70895,BBG_INTERP,2026-09-16T15:00:00-04:00
2026-09-16,AUDUSD,2026-09-21,FWD_OUTRIGHT,0.7132,BBG_BFXFORWARD,2026-09-16T19:57:21+08:00
2026-09-16,AUDUSD,2026-09-24,FWD_OUTRIGHT,0.708902,BBG_INTERP,2026-09-16T15:00:00-04:00
2026-09-16,AUDUSD,2026-09-28,FWD_OUTRIGHT,0.7088689285714286,BBG_INTERP,2026-09-16T15:00:00-04:00
2026-09-16,ESU6 Index,2026-09-18,FUTURE_PX,7556.5,BBG_BDH,2026-09-16T17:00:00-04:00
2026-09-16,ESZ6 Index,2026-12-18,FUTURE_PX,7623.0,BBG_BDH,2026-09-16T17:00:00-04:00
2026-09-16,EURSEK,2026-09-16,SPOT,11.309750000000001,BBG_BFXFORWARD,2026-09-16T15:00:00-04:00
2026-09-16,EURSEK,2026-09-21,FWD_OUTRIGHT,11.2852,BBG_BFXFORWARD,2026-09-16T19:57:21+08:00
2026-09-16,EURSEK,2026-09-25,FWD_OUTRIGHT,11.3080095,BBG_INTERP,2026-09-16T15:00:00-04:00
2026-09-16,EURSEK,2026-11-25,FWD_OUTRIGHT,11.294458850000002,BBG_INTERP,2026-09-16T15:00:00-04:00
2026-09-16,EURSEK,2026-11-27,FWD_OUTRIGHT,11.294056950000002,BBG_INTERP,2026-09-16T15:00:00-04:00
2026-09-16,EURUSD,2026-09-16,FWD_OUTRIGHT,1.1470500000000001,BBG_BFXFORWARD,2026-09-16T15:00:00-04:00
2026-09-16,EURUSD,2026-09-16,SPOT,1.1470500000000001,BBG_BFXFORWARD,2026-09-16T15:00:00-04:00
2026-09-16,EURUSD,2026-09-17,FWD_OUTRIGHT,1.1470500000000001,BBG_INTERP,2026-09-16T15:00:00-04:00
2026-09-16,EURUSD,2026-09-18,FWD_OUTRIGHT,1.1470500000000001,BBG_INTERP,2026-09-16T15:00:00-04:00
2026-09-16,EURUSD,2026-09-21,FWD_OUTRIGHT,1.1537,BBG_BFXFORWARD,2026-09-16T19:57:21+08:00
2026-09-16,EURUSD,2026-09-24,FWD_OUTRIGHT,1.1473212857142858,BBG_INTERP,2026-09-16T15:00:00-04:00
2026-09-16,GBPUSD,2026-09-16,FWD_OUTRIGHT,1.3381500000000002,BBG_BFXFORWARD,2026-09-16T15:00:00-04:00
2026-09-16,GBPUSD,2026-09-16,SPOT,1.3381500000000002,BBG_BFXFORWARD,2026-09-16T15:00:00-04:00
2026-09-16,GBPUSD,2026-09-21,FWD_OUTRIGHT,1.3456,BBG_BFXFORWARD,2026-09-16T19:57:21+08:00
2026-09-16,USDBRL,2026-09-16,FWD_OUTRIGHT,5.1624,BBG_BFXFORWARD,2026-09-16T15:00:00-04:00
2026-09-16,USDBRL,2026-09-16,SPOT,5.1624,BBG_BFXFORWARD,2026-09-16T15:00:00-04:00
2026-09-16,USDCAD,2026-09-16,FWD_OUTRIGHT,1.39935,BBG_BFXFORWARD,2026-09-16T15:00:00-04:00
2026-09-16,USDCAD,2026-09-16,SPOT,1.39935,BBG_BFXFORWARD,2026-09-16T15:00:00-04:00
2026-09-16,USDCAD,2026-09-17,FWD_OUTRIGHT,1.39935,BBG_INTERP,2026-09-16T15:00:00-04:00
2026-09-16,USDCAD,2026-09-18,FWD_OUTRIGHT,1.3992837142857144,BBG_INTERP,2026-09-16T15:00:00-04:00
2026-09-16,USDCHF,2026-09-16,FWD_OUTRIGHT,0.82495,BBG_BFXFORWARD,2026-09-16T15:00:00-04:00
2026-09-16,USDCHF,2026-09-16,SPOT,0.82495,BBG_BFXFORWARD,2026-09-16T15:00:00-04:00
2026-09-16,USDCHF,2026-09-17,FWD_OUTRIGHT,0.82495,BBG_INTERP,2026-09-16T15:00:00-04:00
2026-09-16,USDCHF,2026-09-18,FWD_OUTRIGHT,0.82495,BBG_INTERP,2026-09-16T15:00:00-04:00
2026-09-16,USDCHF,2026-09-21,FWD_OUTRIGHT,0.8186,BBG_BFXFORWARD,2026-09-16T19:57:21+08:00
2026-09-16,USDHKD,2026-09-16,SPOT,7.8449,BBG_BFXFORWARD,2026-09-16T17:00:00-04:00
2026-09-16,USDIDR,2026-09-16,FWD_OUTRIGHT,17693.0,BBG_BFXFORWARD,2026-09-16T17:00:00-04:00
2026-09-16,USDIDR,2026-09-16,SPOT,17693.0,BBG_BFXFORWARD,2026-09-16T19:57:21+08:00
2026-09-16,USDIDR,2026-09-21,FWD_OUTRIGHT,17696.304,BBG_BFXFORWARD,2026-09-16T19:57:21+08:00
2026-09-16,USDJPY,2026-09-16,FWD_OUTRIGHT,155.925,BBG_BFXFORWARD,2026-09-16T15:00:00-04:00
2026-09-16,USDJPY,2026-09-16,SPOT,155.925,BBG_BFXFORWARD,2026-09-16T15:00:00-04:00
2026-09-16,USDJPY,2026-09-17,FWD_OUTRIGHT,155.925,BBG_INTERP,2026-09-16T15:00:00-04:00
2026-09-16,USDJPY,2026-09-18,FWD_OUTRIGHT,155.925,BBG_INTERP,2026-09-16T15:00:00-04:00
2026-09-16,USDJPY,2027-03-01,FWD_OUTRIGHT,153.83902722222223,BBG_INTERP,2026-09-16T15:00:00-04:00
2026-09-16,USDJPY,2027-03-03,FWD_OUTRIGHT,153.81314166666667,BBG_INTERP,2026-09-16T15:00:00-04:00
2026-09-16,USDKRW,2026-09-16,FWD_OUTRIGHT,1370.4499999999998,BBG_BFXFORWARD,2026-09-16T15:00:00-04:00
2026-09-16,USDKRW,2026-09-16,SPOT,1370.4499999999998,BBG_BFXFORWARD,2026-09-16T15:00:00-04:00
2026-09-16,USDKRW,2026-09-21,FWD_OUTRIGHT,1370.33,BBG_INTERP,2026-09-16T15:00:00-04:00
2026-09-16,USDKRW,2026-09-28,FWD_OUTRIGHT,1367.56,BBG_BFXFORWARD,2026-09-16T19:57:21+08:00
2026-09-16,USDKRW,2026-10-13,FWD_OUTRIGHT,1375.5575,BBG_INTERP,2026-09-16T17:00:00-04:00
2026-09-16,USDMXN,2026-09-16,SPOT,17.2449,BBG_BFXFORWARD,2026-09-16T15:00:00-04:00
2026-09-16,USDMXN,2026-09-17,FWD_OUTRIGHT,17.2449,BBG_INTERP,2026-09-16T15:00:00-04:00
2026-09-16,USDMXN,2026-09-18,FWD_OUTRIGHT,17.2449,BBG_INTERP,2026-09-16T15:00:00-04:00
2026-09-16,USDNOK,2026-09-16,FWD_OUTRIGHT,9.4221,BBG_BFXFORWARD,2026-09-16T15:00:00-04:00
2026-09-16,USDNOK,2026-09-16,SPOT,9.4221,BBG_BFXFORWARD,2026-09-16T15:00:00-04:00
2026-09-16,USDNOK,2026-09-17,FWD_OUTRIGHT,9.4221,BBG_INTERP,2026-09-16T15:00:00-04:00
2026-09-16,USDNOK,2026-09-18,FWD_OUTRIGHT,9.4221,BBG_INTERP,2026-09-16T15:00:00-04:00
2026-09-16,USDNOK,2026-09-21,FWD_OUTRIGHT,9.422384357142857,BBG_INTERP,2026-09-16T15:00:00-04:00
2026-09-16,USDSEK,2026-09-16,FWD_OUTRIGHT,9.859950000000001,BBG_BFXFORWARD,2026-09-16T15:00:00-04:00
2026-09-16,USDSEK,2026-09-16,SPOT,9.859950000000001,BBG_BFXFORWARD,2026-09-16T15:00:00-04:00
2026-09-16,USDSEK,2026-09-17,FWD_OUTRIGHT,9.859950000000001,BBG_INTERP,2026-09-16T15:00:00-04:00
2026-09-16,USDSEK,2026-09-18,FWD_OUTRIGHT,9.859950000000001,BBG_INTERP,2026-09-16T15:00:00-04:00
2026-09-16,USDSEK,2026-09-21,FWD_OUTRIGHT,9.7819,BBG_BFXFORWARD,2026-09-16T19:57:21+08:00
2026-09-16,USDSGD,2026-09-16,FWD_OUTRIGHT,1.2776,BBG_BFXFORWARD,2026-09-16T15:00:00-04:00
2026-09-16,USDSGD,2026-09-16,SPOT,1.2776,BBG_BFXFORWARD,2026-09-16T15:00:00-04:00
2026-09-16,USDSGD,2026-09-21,FWD_OUTRIGHT,1.2731,BBG_BFXFORWARD,2026-09-16T19:57:21+08:00
2026-09-16,USDTRY,2026-09-16,FWD_OUTRIGHT,48.6574,BBG_BFXFORWARD,2026-09-16T15:00:00-04:00
2026-09-16,USDTRY,2026-09-16,SPOT,48.6574,BBG_BFXFORWARD,2026-09-16T15:00:00-04:00
2026-09-16,USDTRY,2026-09-23,FWD_OUTRIGHT,48.896482857142864,BBG_INTERP,2026-09-16T15:00:00-04:00
2026-09-16,USDTWD,2026-09-16,FWD_OUTRIGHT,31.903,BBG_BFXFORWARD,2026-09-16T17:00:00-04:00
2026-09-16,USDTWD,2026-09-16,SPOT,31.903,BBG_BFXFORWARD,2026-09-16T19:57:21+08:00
2026-09-16,USDZAR,2026-09-16,FWD_OUTRIGHT,16.3911,BBG_BFXFORWARD,2026-09-16T15:00:00-04:00
2026-09-16,USDZAR,2026-09-16,SPOT,16.3911,BBG_BFXFORWARD,2026-09-16T15:00:00-04:00
2026-09-16,USDZAR,2026-09-17,FWD_OUTRIGHT,16.3911,BBG_INTERP,2026-09-16T15:00:00-04:00
2026-09-16,USDZAR,2026-09-18,FWD_OUTRIGHT,16.3911,BBG_INTERP,2026-09-16T15:00:00-04:00
2026-09-16,USDZAR,2026-09-21,FWD_OUTRIGHT,16.2728,BBG_BFXFORWARD,2026-09-16T19:57:21+08:00
2026-09-16,USDZAR,2026-10-13,FWD_OUTRIGHT,16.416164705882355,BBG_INTERP,2026-09-16T15:00:00-04:00
2026-09-16,XAUUSD,2026-09-16,FWD_OUTRIGHT,4260.88,BBG_BFXFORWARD,2026-09-16T15:00:00-04:00
2026-09-16,XAUUSD,2026-09-16,SPOT,4260.88,BBG_BFXFORWARD,2026-09-16T15:00:00-04:00
2026-09-17,AUDUSD,2026-09-17,FWD_OUTRIGHT,0.71095,BBG_BFXFORWARD,2026-09-17T15:00:00-04:00
2026-09-17,AUDUSD,2026-09-17,SPOT,0.71095,BBG_BFXFORWARD,2026-09-17T15:00:00-04:00
2026-09-17,AUDUSD,2026-09-18,FWD_OUTRIGHT,0.71095,BBG_INTERP,2026-09-17T15:00:00-04:00
2026-09-17,AUDUSD,2026-09-21,FWD_OUTRIGHT,0.71095,BBG_INTERP,2026-09-17T15:00:00-04:00
2026-09-17,AUDUSD,2026-09-24,FWD_OUTRIGHT,0.7109264285714285,BBG_INTERP,2026-09-17T15:00:00-04:00
2026-09-17,AUDUSD,2026-09-28,FWD_OUTRIGHT,0.7108949999999999,BBG_INTERP,2026-09-17T15:00:00-04:00
2026-09-17,ESU6 Index,2026-09-18,FUTURE_PX,7633.0,BBG_BDH,2026-09-17T17:00:00-04:00
2026-09-17,ESZ6 Index,2026-12-18,FUTURE_PX,7700.75,BBG_BDH,2026-09-17T17:00:00-04:00
2026-09-17,EURSEK,2026-09-17,SPOT,11.27515,BBG_BFXFORWARD,2026-09-17T15:00:00-04:00
2026-09-17,EURSEK,2026-09-21,FWD_OUTRIGHT,11.2823,BBG_BFXFORWARD,2026-09-17T16:06:22+08:00
2026-09-17,EURSEK,2026-09-25,FWD_OUTRIGHT,11.274154285714285,BBG_INTERP,2026-09-17T15:00:00-04:00
2026-09-17,EURSEK,2026-11-25,FWD_OUTRIGHT,11.260486464285714,BBG_INTERP,2026-09-17T15:00:00-04:00
2026-09-17,EURSEK,2026-11-27,FWD_OUTRIGHT,11.26007892857143,BBG_INTERP,2026-09-17T15:00:00-04:00
2026-09-17,EURSEK092326C-197727826,2026-09-23,DELTA,0.9968560501404793,QL_OPTIONS_PRICER,2026-09-17T15:00:00-04:00
2026-09-17,EURSEK092326C-197727826,2026-09-23,DELTA_PA,0.9773668722488391,QL_OPTIONS_PRICER,2026-09-17T15:00:00-04:00
2026-09-17,EURSEK092326C-197727826,2026-09-23,GAMMA,0.10526491211585819,QL_OPTIONS_PRICER,2026-09-17T15:00:00-04:00
2026-09-17,EURSEK092326C-197727826,2026-09-23,PREMIUM,0.01948917789164021,QL_OPTIONS_PRICER,2026-09-17T15:00:00-04:00
2026-09-17,EURSEK092326C-197727826,2026-09-23,RHO,0.0018114999599402463,QL_OPTIONS_PRICER,2026-09-17T15:00:00-04:00
2026-09-17,EURSEK092326C-197727826,2026-09-23,THETA,-0.0005424114752392901,QL_OPTIONS_PRICER,2026-09-17T15:00:00-04:00
2026-09-17,EURSEK092326C-197727826,2026-09-23,VEGA,0.00011961132715806257,QL_OPTIONS_PRICER,2026-09-17T15:00:00-04:00
2026-09-17,EURSEK092326P-197728105,2026-09-23,DELTA,-0.002736745759387701,QL_OPTIONS_PRICER,2026-09-17T15:00:00-04:00
2026-09-17,EURSEK092326P-197728105,2026-09-23,DELTA_PA,-0.0027425752878576645,QL_OPTIONS_PRICER,2026-09-17T15:00:00-04:00
2026-09-17,EURSEK092326P-197728105,2026-09-23,GAMMA,0.10526491211585819,QL_OPTIONS_PRICER,2026-09-17T15:00:00-04:00
2026-09-17,EURSEK092326P-197728105,2026-09-23,PREMIUM,5.82952846996384e-06,QL_OPTIONS_PRICER,2026-09-17T15:00:00-04:00
2026-09-17,EURSEK092326P-197728105,2026-09-23,RHO,-5.083224288803688e-06,QL_OPTIONS_PRICER,2026-09-17T15:00:00-04:00
2026-09-17,EURSEK092326P-197728105,2026-09-23,THETA,-5.473590067956855e-05,QL_OPTIONS_PRICER,2026-09-17T15:00:00-04:00
2026-09-17,EURSEK092326P-197728105,2026-09-23,VEGA,0.00011961132715806257,QL_OPTIONS_PRICER,2026-09-17T15:00:00-04:00
2026-09-17,EURSEK092326P-197838147,2026-09-23,DELTA,-0.002736745759387701,QL_OPTIONS_PRICER,2026-09-17T15:00:00-04:00
2026-09-17,EURSEK092326P-197838147,2026-09-23,DELTA_PA,-0.0027425752878576645,QL_OPTIONS_PRICER,2026-09-17T15:00:00-04:00
2026-09-17,EURSEK092326P-197838147,2026-09-23,GAMMA,0.10526491211585819,QL_OPTIONS_PRICER,2026-09-17T15:00:00-04:00
2026-09-17,EURSEK092326P-197838147,2026-09-23,PREMIUM,5.82952846996384e-06,QL_OPTIONS_PRICER,2026-09-17T15:00:00-04:00
2026-09-17,EURSEK092326P-197838147,2026-09-23,RHO,-5.083224288803688e-06,QL_OPTIONS_PRICER,2026-09-17T15:00:00-04:00
2026-09-17,EURSEK092326P-197838147,2026-09-23,THETA,-5.473590067956855e-05,QL_OPTIONS_PRICER,2026-09-17T15:00:00-04:00
2026-09-17,EURSEK092326P-197838147,2026-09-23,VEGA,0.00011961132715806257,QL_OPTIONS_PRICER,2026-09-17T15:00:00-04:00
2026-09-17,EURSEK092526C-198565102,2026-09-23,DELTA,0.9968560501404793,QL_OPTIONS_PRICER,2026-09-17T15:00:00-04:00
2026-09-17,EURSEK092526C-198565102,2026-09-23,DELTA_PA,0.9773668722488391,QL_OPTIONS_PRICER,2026-09-17T15:00:00-04:00
2026-09-17,EURSEK092526C-198565102,2026-09-23,GAMMA,0.10526491211585819,QL_OPTIONS_PRICER,2026-09-17T15:00:00-04:00
2026-09-17,EURSEK092526C-198565102,2026-09-23,PREMIUM,0.01948917789164021,QL_OPTIONS_PRICER,2026-09-17T15:00:00-04:00
2026-09-17,EURSEK092526C-198565102,2026-09-23,RHO,0.0018114999599402463,QL_OPTIONS_PRICER,2026-09-17T15:00:00-04:00
2026-09-17,EURSEK092526C-198565102,2026-09-23,THETA,-0.0005424114752392901,QL_OPTIONS_PRICER,2026-09-17T15:00:00-04:00
2026-09-17,EURSEK092526C-198565102,2026-09-23,VEGA,0.00011961132715806257,QL_OPTIONS_PRICER,2026-09-17T15:00:00-04:00
2026-09-17,EURSEK112526C-197906813,2026-11-25,DELTA,14.181956488408172,QL_OPTIONS_PRICER,2026-09-17T15:00:00-04:00
2026-09-17,EURSEK112526C-197906813,2026-11-25,DELTA_PA,13.904798284703348,QL_OPTIONS_PRICER,2026-09-17T15:00:00-04:00
2026-09-17,EURSEK112526C-197906813,2026-11-25,GAMMA,31.351640892707664,QL_OPTIONS_PRICER,2026-09-17T15:00:00-04:00
2026-09-17,EURSEK112526C-197906813,2026-11-25,PREMIUM,0.2771582037048233,QL_OPTIONS_PRICER,2026-09-17T15:00:00-04:00
2026-09-17,EURSEK112526C-197906813,2026-11-25,RHO,0.2963761468547873,QL_OPTIONS_PRICER,2026-09-17T15:00:00-04:00
2026-09-17,EURSEK112526C-197906813,2026-11-25,THETA,-0.008654322416633727,QL_OPTIONS_PRICER,2026-09-17T15:00:00-04:00
2026-09-17,EURSEK112526C-197906813,2026-11-25,VEGA,0.35556321521903805,QL_OPTIONS_PRICER,2026-09-17T15:00:00-04:00
2026-09-17,EURUSD,2026-09-17,FWD_OUTRIGHT,1.1475,BBG_BFXFORWARD,2026-09-17T15:00:00-04:00
2026-09-17,EURUSD,2026-09-17,SPOT,1.1475,BBG_BFXFORWARD,2026-09-17T15:00:00-04:00
2026-09-17,EURUSD,2026-09-18,FWD_OUTRIGHT,1.1475,BBG_INTERP,2026-09-17T15:00:00-04:00
2026-09-17,EURUSD,2026-09-21,FWD_OUTRIGHT,1.1475,BBG_INTERP,2026-09-17T15:00:00-04:00
2026-09-17,EURUSD,2026-09-24,FWD_OUTRIGHT,1.1476367142857142,BBG_INTERP,2026-09-17T15:00:00-04:00
2026-09-17,EURUSD092226C-197728066,2026-09-22,DELTA,8.250567289441003e-05,QL_OPTIONS_PRICER,2026-09-17T15:00:00-04:00
2026-09-17,EURUSD092226C-197728066,2026-09-22,DELTA_PA,8.240698417803975e-05,QL_OPTIONS_PRICER,2026-09-17T15:00:00-04:00
2026-09-17,EURUSD092226C-197728066,2026-09-22,GAMMA,0.056973283489465454,QL_OPTIONS_PRICER,2026-09-17T15:00:00-04:00
2026-09-17,EURUSD092226C-197728066,2026-09-22,PREMIUM,9.868871637028288e-08,QL_OPTIONS_PRICER,2026-09-17T15:00:00-04:00
2026-09-17,EURUSD092226C-197728066,2026-09-22,RHO,1.2953700595110072e-08,QL_OPTIONS_PRICER,2026-09-17T15:00:00-04:00
2026-09-17,EURUSD092226C-197728066,2026-09-22,THETA,-1.952955367316199e-07,QL_OPTIONS_PRICER,2026-09-17T15:00:00-04:00
2026-09-17,EURUSD092226C-197728066,2026-09-22,VEGA,4.3436016829473867e-07,QL_OPTIONS_PRICER,2026-09-17T15:00:00-04:00
2026-09-17,EURUSD092226C-198418644,2026-09-22,DELTA,8.250567289441003e-05,QL_OPTIONS_PRICER,2026-09-17T15:00:00-04:00
2026-09-17,EURUSD092226C-198418644,2026-09-22,DELTA_PA,8.240698417803975e-05,QL_OPTIONS_PRICER,2026-09-17T15:00:00-04:00
2026-09-17,EURUSD092226C-198418644,2026-09-22,GAMMA,0.056973283489465454,QL_OPTIONS_PRICER,2026-09-17T15:00:00-04:00
2026-09-17,EURUSD092226C-198418644,2026-09-22,PREMIUM,9.868871637028288e-08,QL_OPTIONS_PRICER,2026-09-17T15:00:00-04:00
2026-09-17,EURUSD092226C-198418644,2026-09-22,RHO,1.2953700595110072e-08,QL_OPTIONS_PRICER,2026-09-17T15:00:00-04:00
2026-09-17,EURUSD092226C-198418644,2026-09-22,THETA,-1.952955367316199e-07,QL_OPTIONS_PRICER,2026-09-17T15:00:00-04:00
2026-09-17,EURUSD092226C-198418644,2026-09-22,VEGA,4.3436016829473867e-07,QL_OPTIONS_PRICER,2026-09-17T15:00:00-04:00
2026-09-17,EURUSD092226P-197728065,2026-09-22,DELTA,-0.9995781323439223,QL_OPTIONS_PRICER,2026-09-17T15:00:00-04:00
2026-09-17,EURUSD092226P-197728065,2026-09-22,DELTA_PA,-1.018804093954575,QL_OPTIONS_PRICER,2026-09-17T15:00:00-04:00
2026-09-17,EURUSD092226P-197728065,2026-09-22,GAMMA,0.056973283489465454,QL_OPTIONS_PRICER,2026-09-17T15:00:00-04:00
2026-09-17,EURUSD092226P-197728065,2026-09-22,PREMIUM,0.019225961610652695,QL_OPTIONS_PRICER,2026-09-17T15:00:00-04:00
2026-09-17,EURUSD092226P-197728065,2026-09-22,RHO,-0.00016014762983738008,QL_OPTIONS_PRICER,2026-09-17T15:00:00-04:00
2026-09-17,EURUSD092226P-197728065,2026-09-22,THETA,4.7448688803483506e-05,QL_OPTIONS_PRICER,2026-09-17T15:00:00-04:00
2026-09-17,EURUSD092226P-197728065,2026-09-22,VEGA,4.3436016829473867e-07,QL_OPTIONS_PRICER,2026-09-17T15:00:00-04:00
2026-09-17,EURUSD092226P-198418474,2026-09-22,DELTA,-0.9995781323439223,QL_OPTIONS_PRICER,2026-09-17T15:00:00-04:00
2026-09-17,EURUSD092226P-198418474,2026-09-22,DELTA_PA,-1.018804093954575,QL_OPTIONS_PRICER,2026-09-17T15:00:00-04:00
2026-09-17,EURUSD092226P-198418474,2026-09-22,GAMMA,0.056973283489465454,QL_OPTIONS_PRICER,2026-09-17T15:00:00-04:00
2026-09-17,EURUSD092226P-198418474,2026-09-22,PREMIUM,0.019225961610652695,QL_OPTIONS_PRICER,2026-09-17T15:00:00-04:00
2026-09-17,EURUSD092226P-198418474,2026-09-22,RHO,-0.00016014762983738008,QL_OPTIONS_PRICER,2026-09-17T15:00:00-04:00
2026-09-17,EURUSD092226P-198418474,2026-09-22,THETA,4.7448688803483506e-05,QL_OPTIONS_PRICER,2026-09-17T15:00:00-04:00
2026-09-17,EURUSD092226P-198418474,2026-09-22,VEGA,4.3436016829473867e-07,QL_OPTIONS_PRICER,2026-09-17T15:00:00-04:00
2026-09-17,GBPUSD,2026-09-17,SPOT,1.3386,BBG_BFXFORWARD,2026-09-17T16:06:22+08:00
2026-09-17,GBPUSD,2026-09-21,FWD_OUTRIGHT,1.3386,BBG_BFXFORWARD,2026-09-17T16:06:22+08:00
2026-09-17,IRSOIS-USD-22860996,2027-02-11,CASHFLOW_USD,0.0,QL_PRICER,2026-09-17T17:00:00-04:00
2026-09-17,IRSOIS-USD-22860996,2027-02-11,DV01_USD,-15329.580275179818,QL_PRICER,2026-09-17T17:00:00-04:00
2026-09-17,IRSOIS-USD-22860996,2027-02-11,PAR_RATE,0.042019222090578956,QL_PRICER,2026-09-17T17:00:00-04:00
2026-09-17,IRSOIS-USD-22860996,2027-02-11,PV_USD,-344603.5723149292,QL_PRICER,2026-09-17T17:00:00-04:00
2026-09-17,IRSOIS-USD-22870318,2027-02-11,CASHFLOW_USD,0.0,QL_PRICER,2026-09-17T17:00:00-04:00
2026-09-17,IRSOIS-USD-22870318,2027-02-11,DV01_USD,-24400.79100504145,QL_PRICER,2026-09-17T17:00:00-04:00
2026-09-17,IRSOIS-USD-22870318,2027-02-11,PAR_RATE,0.04201922208829079,QL_PRICER,2026-09-17T17:00:00-04:00
2026-09-17,IRSOIS-USD-22870318,2027-02-11,PV_USD,-642547.8293953408,QL_PRICER,2026-09-17T17:00:00-04:00
2026-09-17,IRSOIS-USD-22907452,2027-02-11,CASHFLOW_USD,0.0,QL_PRICER,2026-09-17T17:00:00-04:00
2026-09-17,IRSOIS-USD-22907452,2027-02-11,DV01_USD,9882.694704580586,QL_PRICER,2026-09-17T17:00:00-04:00
2026-09-17,IRSOIS-USD-22907452,2027-02-11,PAR_RATE,0.04201922208829037,QL_PRICER,2026-09-17T17:00:00-04:00
2026-09-17,IRSOIS-USD-22907452,2027-02-11,PV_USD,325109.7676665643,QL_PRICER,2026-09-17T17:00:00-04:00
2026-09-17,IRSOIS-USD-22919058,2028-11-11,CASHFLOW_USD,0.0,QL_PRICER,2026-09-17T17:00:00-04:00
2026-09-17,IRSOIS-USD-22919058,2028-11-11,DV01_USD,-29547.445242796093,QL_PRICER,2026-09-17T17:00:00-04:00
2026-09-17,IRSOIS-USD-22919058,2028-11-11,PAR_RATE,0.04605929683933369,QL_PRICER,2026-09-17T17:00:00-04:00
2026-09-17,IRSOIS-USD-22919058,2028-11-11,PV_USD,-1576236.205641117,QL_PRICER,2026-09-17T17:00:00-04:00
2026-09-17,IRSOIS-USD-22919059,2027-02-11,CASHFLOW_USD,0.0,QL_PRICER,2026-09-17T17:00:00-04:00
2026-09-17,IRSOIS-USD-22919059,2027-02-11,DV01_USD,29836.508191728964,QL_PRICER,2026-09-17T17:00:00-04:00
2026-09-17,IRSOIS-USD-22919059,2027-02-11,PAR_RATE,0.042019222088290245,QL_PRICER,2026-09-17T17:00:00-04:00
2026-09-17,IRSOIS-USD-22919059,2027-02-11,PV_USD,930968.3050580788,QL_PRICER,2026-09-17T17:00:00-04:00
2026-09-17,IRSOIS-USD-22927109,2028-11-11,CASHFLOW_USD,0.0,QL_PRICER,2026-09-17T17:00:00-04:00
2026-09-17,IRSOIS-USD-22927109,2028-11-11,DV01_USD,16657.97802778147,QL_PRICER,2026-09-17T17:00:00-04:00
2026-09-17,IRSOIS-USD-22927109,2028-11-11,PAR_RATE,0.04605929683933372,QL_PRICER,2026-09-17T17:00:00-04:00
2026-09-17,IRSOIS-USD-22927109,2028-11-11,PV_USD,912407.8135295156,QL_PRICER,2026-09-17T17:00:00-04:00
2026-09-17,IRSOIS-USD-22927110,2028-11-11,CASHFLOW_USD,0.0,QL_PRICER,2026-09-17T17:00:00-04:00
2026-09-17,IRSOIS-USD-22927110,2028-11-11,DV01_USD,12881.097470670007,QL_PRICER,2026-09-17T17:00:00-04:00
2026-09-17,IRSOIS-USD-22927110,2028-11-11,PAR_RATE,0.046059296839333644,QL_PRICER,2026-09-17T17:00:00-04:00
2026-09-17,IRSOIS-USD-22927110,2028-11-11,PV_USD,716044.6268761093,QL_PRICER,2026-09-17T17:00:00-04:00
2026-09-17,IRSOIS-USD-22931939,2027-11-24,CASHFLOW_USD,0.0,QL_PRICER,2026-09-17T17:00:00-04:00
2026-09-17,IRSOIS-USD-22931939,2027-11-24,DV01_USD,14729.814704703167,QL_PRICER,2026-09-17T17:00:00-04:00
2026-09-17,IRSOIS-USD-22931939,2027-11-24,PAR_RATE,0.04580383141653934,QL_PRICER,2026-09-17T17:00:00-04:00
2026-09-17,IRSOIS-USD-22931939,2027-11-24,PV_USD,750271.987499971,QL_PRICER,2026-09-17T17:00:00-04:00
2026-09-17,IRSOIS-USD-22931948,2027-11-24,CASHFLOW_USD,0.0,QL_PRICER,2026-09-17T17:00:00-04:00
2026-09-17,IRSOIS-USD-22931948,2027-11-24,DV01_USD,9932.874245874118,QL_PRICER,2026-09-17T17:00:00-04:00
2026-09-17,IRSOIS-USD-22931948,2027-11-24,PAR_RATE,0.04580383141653939,QL_PRICER,2026-09-17T17:00:00-04:00
2026-09-17,IRSOIS-USD-22931948,2027-11-24,PV_USD,510504.87997406395,QL_PRICER,2026-09-17T17:00:00-04:00
2026-09-17,IRSOIS-USD-22950573,2027-11-26,CASHFLOW_USD,0.0,QL_PRICER,2026-09-17T17:00:00-04:00
2026-09-17,IRSOIS-USD-22950573,2027-11-26,DV01_USD,14675.103717725724,QL_PRICER,2026-09-17T17:00:00-04:00
2026-09-17,IRSOIS-USD-22950573,2027-11-26,PAR_RATE,0.045842177458297516,QL_PRICER,2026-09-17T17:00:00-04:00
2026-09-17,IRSOIS-USD-22950573,2027-11-26,PV_USD,714588.2411776958,QL_PRICER,2026-09-17T17:00:00-04:00
2026-09-17,IRSOIS-USD-23001697,2027-11-24,CASHFLOW_USD,0.0,QL_PRICER,2026-09-17T17:00:00-04:00
2026-09-17,IRSOIS-USD-23001697,2027-11-24,DV01_USD,-24603.187545495108,QL_PRICER,2026-09-17T17:00:00-04:00
2026-09-17,IRSOIS-USD-23001697,2027-11-24,PAR_RATE,0.0458038314165395,QL_PRICER,2026-09-17T17:00:00-04:00
2026-09-17,IRSOIS-USD-23001697,2027-11-24,PV_USD,-789311.326914791,QL_PRICER,2026-09-17T17:00:00-04:00
2026-09-17,IRSOIS-USD-23001698,2036-11-24,CASHFLOW_USD,0.0,QL_PRICER,2026-09-17T17:00:00-04:00
2026-09-17,IRSOIS-USD-23001698,2036-11-24,DV01_USD,24595.270546518266,QL_PRICER,2026-09-17T17:00:00-04:00
2026-09-17,IRSOIS-USD-23001698,2036-11-24,PAR_RATE,0.04562429548165415,QL_PRICER,2026-09-17T17:00:00-04:00
2026-09-17,IRSOIS-USD-23001698,2036-11-24,PV_USD,345686.77702983655,QL_PRICER,2026-09-17T17:00:00-04:00
2026-09-17,IRSOIS-USD-23025998,2036-12-10,CASHFLOW_USD,0.0,QL_PRICER,2026-09-17T17:00:00-04:00
2026-09-17,IRSOIS-USD-23025998,2036-12-10,DV01_USD,14777.432707763277,QL_PRICER,2026-09-17T17:00:00-04:00
2026-09-17,IRSOIS-USD-23025998,2036-12-10,PAR_RATE,0.04565130666712549,QL_PRICER,2026-09-17T17:00:00-04:00
2026-09-17,IRSOIS-USD-23025998,2036-12-10,PV_USD,172050.74805172067,QL_PRICER,2026-09-17T17:00:00-04:00
2026-09-17,IRSOIS-USD-23049992,2027-11-24,CASHFLOW_USD,0.0,QL_PRICER,2026-09-17T17:00:00-04:00
2026-09-17,IRSOIS-USD-23049992,2027-11-24,DV01_USD,-14895.416253419593,QL_PRICER,2026-09-17T17:00:00-04:00
2026-09-17,IRSOIS-USD-23049992,2027-11-24,PAR_RATE,0.04580383141653951,QL_PRICER,2026-09-17T17:00:00-04:00
2026-09-17,IRSOIS-USD-23049992,2027-11-24,PV_USD,-225116.86857686844,QL_PRICER,2026-09-17T17:00:00-04:00
2026-09-17,IRSOIS-USD-23049993,2036-12-10,CASHFLOW_USD,0.0,QL_PRICER,2026-09-17T17:00:00-04:00
2026-09-17,IRSOIS-USD-23049993,2036-12-10,DV01_USD,-9957.018742703833,QL_PRICER,2026-09-17T17:00:00-04:00
2026-09-17,IRSOIS-USD-23049993,2036-12-10,PAR_RATE,0.045651306667125496,QL_PRICER,2026-09-17T17:00:00-04:00
2026-09-17,IRSOIS-USD-23049993,2036-12-10,PV_USD,6843.039542217739,QL_PRICER,2026-09-17T17:00:00-04:00
2026-09-17,IRSOIS-USD-23070541,2036-12-17,CASHFLOW_USD,0.0,QL_PRICER,2026-09-17T17:00:00-04:00
2026-09-17,IRSOIS-USD-23070541,2036-12-17,DV01_USD,-15832.683007262647,QL_PRICER,2026-09-17T17:00:00-04:00
2026-09-17,IRSOIS-USD-23070541,2036-12-17,PAR_RATE,0.0456622321824558,QL_PRICER,2026-09-17T17:00:00-04:00
2026-09-17,IRSOIS-USD-23070541,2036-12-17,PV_USD,91231.27046748623,QL_PRICER,2026-09-17T17:00:00-04:00
2026-09-17,IRSOIS-USD-23076944,2036-12-21,CASHFLOW_USD,0.0,QL_PRICER,2026-09-17T17:00:00-04:00
2026-09-17,IRSOIS-USD-23076944,2036-12-21,DV01_USD,15820.79515718203,QL_PRICER,2026-09-17T17:00:00-04:00
2026-09-17,IRSOIS-USD-23076944,2036-12-21,PAR_RATE,0.045668906215207264,QL_PRICER,2026-09-17T17:00:00-04:00
2026-09-17,IRSOIS-USD-23076944,2036-12-21,PV_USD,-80318.5907341307,QL_PRICER,2026-09-17T17:00:00-04:00
2026-09-17,NQU6 Index,2026-09-18,FUTURE_PX,29383.75,BBG_BDH,2026-09-17T17:00:00-04:00
2026-09-17,USDBRL,2026-09-17,SPOT,5.1453,BBG_BFXFORWARD,2026-09-17T15:00:00-04:00
2026-09-17,USDBRL,2026-09-21,FWD_OUTRIGHT,5.1529,BBG_BFXFORWARD,2026-09-17T16:06:22+08:00
2026-09-17,USDCAD,2026-09-17,FWD_OUTRIGHT,1.3992499999999999,BBG_BFXFORWARD,2026-09-17T15:00:00-04:00
2026-09-17,USDCAD,2026-09-17,SPOT,1.3992499999999999,BBG_BFXFORWARD,2026-09-17T15:00:00-04:00
2026-09-17,USDCAD,2026-09-18,FWD_OUTRIGHT,1.3992499999999999,BBG_INTERP,2026-09-17T15:00:00-04:00
2026-09-17,USDCAD,2026-09-21,FWD_OUTRIGHT,1.3990498571428571,BBG_INTERP,2026-09-17T15:00:00-04:00
2026-09-17,USDCHF,2026-09-17,FWD_OUTRIGHT,0.82485,BBG_BFXFORWARD,2026-09-17T15:00:00-04:00
2026-09-17,USDCHF,2026-09-17,SPOT,0.82485,BBG_BFXFORWARD,2026-09-17T15:00:00-04:00
2026-09-17,USDCHF,2026-09-18,FWD_OUTRIGHT,0.82485,BBG_INTERP,2026-09-17T15:00:00-04:00
2026-09-17,USDCHF,2026-09-21,FWD_OUTRIGHT,0.82485,BBG_INTERP,2026-09-17T15:00:00-04:00
2026-09-17,USDCHF101926C-199095096,2026-10-15,DELTA,0.6833769170363089,QL_OPTIONS_PRICER,2026-09-17T15:00:00-04:00
2026-09-17,USDCHF101926C-199095096,2026-10-15,GAMMA,24.37314400657245,QL_OPTIONS_PRICER,2026-09-17T15:00:00-04:00
2026-09-17,USDCHF101926C-199095096,2026-10-15,PREMIUM,0.011887123219488139,QL_OPTIONS_PRICER,2026-09-17T15:00:00-04:00
2026-09-17,USDCHF101926C-199095096,2026-10-15,RHO,0.00042489298575436817,QL_OPTIONS_PRICER,2026-09-17T15:00:00-04:00
2026-09-17,USDCHF101926C-199095096,2026-10-15,THETA,-3.0360678881803855e-05,QL_OPTIONS_PRICER,2026-09-17T15:00:00-04:00
2026-09-17,USDCHF101926C-199095096,2026-10-15,VEGA,0.0008056180995747542,QL_OPTIONS_PRICER,2026-09-17T15:00:00-04:00
2026-09-17,USDCHF101926P-199095154,2026-10-15,DELTA,-0.313605305743136,QL_OPTIONS_PRICER,2026-09-17T15:00:00-04:00
2026-09-17,USDCHF101926P-199095154,2026-10-15,GAMMA,24.37314400657245,QL_OPTIONS_PRICER,2026-09-17T15:00:00-04:00
2026-09-17,USDCHF101926P-199095154,2026-10-15,PREMIUM,0.00359865437372867,QL_OPTIONS_PRICER,2026-09-17T15:00:00-04:00
2026-09-17,USDCHF101926P-199095154,2026-10-15,RHO,-0.00020071449923471775,QL_OPTIONS_PRICER,2026-09-17T15:00:00-04:00
2026-09-17,USDCHF101926P-199095154,2026-10-15,THETA,-0.00011998557520753587,QL_OPTIONS_PRICER,2026-09-17T15:00:00-04:00
2026-09-17,USDCHF101926P-199095154,2026-10-15,VEGA,0.0008056180995747542,QL_OPTIONS_PRICER,2026-09-17T15:00:00-04:00
2026-09-17,USDHKD,2026-09-17,SPOT,7.8448,BBG_BFXFORWARD,2026-09-18T10:15:41+08:00
2026-09-17,USDHKD,2026-10-14,FWD_OUTRIGHT,7.8382565217391305,BBG_INTERP,2026-09-18T10:15:41+08:00
2026-09-17,USDHKD,2026-10-20,FWD_OUTRIGHT,7.836639130434783,BBG_INTERP,2026-09-18T10:15:41+08:00
2026-09-17,USDIDR,2026-09-17,NDF_FIX,17753.0,BBG_BDH,2026-09-17T17:00:00-04:00
2026-09-17,USDIDR,2026-09-17,SPOT,17729.0,BBG_BFXFORWARD,2026-09-18T10:27:44+08:00
2026-09-17,USDIDR,2026-09-21,FWD_OUTRIGHT,17728.5,BBG_BFXFORWARD,2026-09-18T10:27:44+08:00
2026-09-17,USDIDR,2026-09-24,FWD_OUTRIGHT,17731.0375,BBG_INTERP,2026-09-18T10:27:44+08:00
2026-09-17,USDJPY,2026-09-17,FWD_OUTRIGHT,156.035,BBG_BFXFORWARD,2026-09-17T15:00:00-04:00
2026-09-17,USDJPY,2026-09-17,SPOT,156.035,BBG_BFXFORWARD,2026-09-17T15:00:00-04:00
2026-09-17,USDJPY,2026-09-18,FWD_OUTRIGHT,156.035,BBG_INTERP,2026-09-17T15:00:00-04:00
2026-09-17,USDJPY,2026-09-24,FWD_OUTRIGHT,155.99610714285714,BBG_INTERP,2026-09-17T15:00:00-04:00
2026-09-17,USDJPY,2027-01-14,FWD_OUTRIGHT,154.86658214285714,BBG_INTERP,2026-09-18T10:15:41+08:00
2026-09-17,USDJPY,2027-03-01,FWD_OUTRIGHT,153.9938653846154,BBG_INTERP,2026-09-17T15:00:00-04:00
2026-09-17,USDJPY,2027-03-03,FWD_OUTRIGHT,153.96826868131868,BBG_INTERP,2026-09-17T15:00:00-04:00
2026-09-17,USDJPY030127P-198153212,2027-03-01,DELTA,-3.704505362609572,QL_OPTIONS_PRICER,2026-09-17T15:00:00-04:00
2026-09-17,USDJPY030127P-198153212,2027-03-01,GAMMA,0.3180108277817838,QL_OPTIONS_PRICER,2026-09-17T15:00:00-04:00
2026-09-17,USDJPY030127P-198153212,2027-03-01,PREMIUM,0.17602132712741805,QL_OPTIONS_PRICER,2026-09-17T15:00:00-04:00
2026-09-17,USDJPY030127P-198153212,2027-03-01,RHO,-2.7371826585027628,QL_OPTIONS_PRICER,2026-09-17T15:00:00-04:00
2026-09-17,USDJPY030127P-198153212,2027-03-01,THETA,-0.1006358516372104,QL_OPTIONS_PRICER,2026-09-17T15:00:00-04:00
2026-09-17,USDJPY030127P-198153212,2027-03-01,VEGA,2.6916540136998335,QL_OPTIONS_PRICER,2026-09-17T15:00:00-04:00
2026-09-17,USDJPY030127P-198891128,2027-03-01,DELTA,-3.704505362609572,QL_OPTIONS_PRICER,2026-09-17T15:00:00-04:00
2026-09-17,USDJPY030127P-198891128,2027-03-01,GAMMA,0.3180108277817838,QL_OPTIONS_PRICER,2026-09-17T15:00:00-04:00
2026-09-17,USDJPY030127P-198891128,2027-03-01,PREMIUM,0.17602132712741805,QL_OPTIONS_PRICER,2026-09-17T15:00:00-04:00
2026-09-17,USDJPY030127P-198891128,2027-03-01,RHO,-2.7371826585027628,QL_OPTIONS_PRICER,2026-09-17T15:00:00-04:00
2026-09-17,USDJPY030127P-198891128,2027-03-01,THETA,-0.1006358516372104,QL_OPTIONS_PRICER,2026-09-17T15:00:00-04:00
2026-09-17,USDJPY030127P-198891128,2027-03-01,VEGA,2.6916540136998335,QL_OPTIONS_PRICER,2026-09-17T15:00:00-04:00
2026-09-17,USDJPY030127P-199202828,2027-03-01,DELTA,-3.704505362609572,QL_OPTIONS_PRICER,2026-09-17T15:00:00-04:00
2026-09-17,USDJPY030127P-199202828,2027-03-01,GAMMA,0.3180108277817838,QL_OPTIONS_PRICER,2026-09-17T15:00:00-04:00
2026-09-17,USDJPY030127P-199202828,2027-03-01,PREMIUM,0.17602132712741805,QL_OPTIONS_PRICER,2026-09-17T15:00:00-04:00
2026-09-17,USDJPY030127P-199202828,2027-03-01,RHO,-2.7371826585027628,QL_OPTIONS_PRICER,2026-09-17T15:00:00-04:00
2026-09-17,USDJPY030127P-199202828,2027-03-01,THETA,-0.1006358516372104,QL_OPTIONS_PRICER,2026-09-17T15:00:00-04:00
2026-09-17,USDJPY030127P-199202828,2027-03-01,VEGA,2.6916540136998335,QL_OPTIONS_PRICER,2026-09-17T15:00:00-04:00
2026-09-17,USDJPY111926P-197571137,2026-11-19,DELTA,-7.251564546367441,QL_OPTIONS_PRICER,2026-09-17T15:00:00-04:00
2026-09-17,USDJPY111926P-197571137,2026-11-19,GAMMA,0.7894813958106196,QL_OPTIONS_PRICER,2026-09-17T15:00:00-04:00
2026-09-17,USDJPY111926P-197571137,2026-11-19,PREMIUM,0.23472431801683832,QL_OPTIONS_PRICER,2026-09-17T15:00:00-04:00
2026-09-17,USDJPY111926P-197571137,2026-11-19,RHO,-2.016212444552576,QL_OPTIONS_PRICER,2026-09-17T15:00:00-04:00
2026-09-17,USDJPY111926P-197571137,2026-11-19,THETA,-0.20172382320735432,QL_OPTIONS_PRICER,2026-09-17T15:00:00-04:00
2026-09-17,USDJPY111926P-197571137,2026-11-19,VEGA,2.39593376747396,QL_OPTIONS_PRICER,2026-09-17T15:00:00-04:00
2026-09-17,USDJPY111926P-197957397,2026-11-19,DELTA,-7.251564546367441,QL_OPTIONS_PRICER,2026-09-17T15:00:00-04:00
2026-09-17,USDJPY111926P-197957397,2026-11-19,GAMMA,0.7894813958106196,QL_OPTIONS_PRICER,2026-09-17T15:00:00-04:00
2026-09-17,USDJPY111926P-197957397,2026-11-19,PREMIUM,0.23472431801683832,QL_OPTIONS_PRICER,2026-09-17T15:00:00-04:00
2026-09-17,USDJPY111926P-197957397,2026-11-19,RHO,-2.016212444552576,QL_OPTIONS_PRICER,2026-09-17T15:00:00-04:00
2026-09-17,USDJPY111926P-197957397,2026-11-19,THETA,-0.20172382320735432,QL_OPTIONS_PRICER,2026-09-17T15:00:00-04:00
2026-09-17,USDJPY111926P-197957397,2026-11-19,VEGA,2.39593376747396,QL_OPTIONS_PRICER,2026-09-17T15:00:00-04:00
2026-09-17,USDJPY111926P-198890493,2026-11-19,DELTA,-7.251564546367441,QL_OPTIONS_PRICER,2026-09-17T15:00:00-04:00
2026-09-17,USDJPY111926P-198890493,2026-11-19,GAMMA,0.7894813958106196,QL_OPTIONS_PRICER,2026-09-17T15:00:00-04:00
2026-09-17,USDJPY111926P-198890493,2026-11-19,PREMIUM,0.23472431801683832,QL_OPTIONS_PRICER,2026-09-17T15:00:00-04:00
2026-09-17,USDJPY111926P-198890493,2026-11-19,RHO,-2.016212444552576,QL_OPTIONS_PRICER,2026-09-17T15:00:00-04:00
2026-09-17,USDJPY111926P-198890493,2026-11-19,THETA,-0.20172382320735432,QL_OPTIONS_PRICER,2026-09-17T15:00:00-04:00
2026-09-17,USDJPY111926P-198890493,2026-11-19,VEGA,2.39593376747396,QL_OPTIONS_PRICER,2026-09-17T15:00:00-04:00
2026-09-17,USDKRW,2026-09-17,SPOT,1381.4,BBG_BFXFORWARD,2026-09-17T15:00:00-04:00
2026-09-17,USDKRW,2026-09-21,FWD_OUTRIGHT,1384.2,BBG_BFXFORWARD,2026-09-18T10:27:44+08:00
2026-09-17,USDKRW,2026-09-28,FWD_OUTRIGHT,1385.698,BBG_BFXFORWARD,2026-09-17T17:54:58+08:00
2026-09-17,USDKRW,2026-09-28,FWD_OUTRIGHT,1384.0903333333333,BBG_INTERP,2026-09-18T10:27:44+08:00
2026-09-17,USDKRW,2026-10-13,FWD_OUTRIGHT,1383.8151304347825,BBG_INTERP,2026-09-18T10:27:44+08:00
2026-09-17,USDMXN,2026-09-17,FWD_OUTRIGHT,17.176000000000002,BBG_BFXFORWARD,2026-09-17T15:00:00-04:00
2026-09-17,USDMXN,2026-09-17,SPOT,17.176000000000002,BBG_BFXFORWARD,2026-09-17T15:00:00-04:00
2026-09-17,USDMXN,2026-09-18,FWD_OUTRIGHT,17.176000000000002,BBG_INTERP,2026-09-17T15:00:00-04:00
2026-09-17,USDMXN,2026-09-21,FWD_OUTRIGHT,17.176000000000002,BBG_INTERP,2026-09-17T15:00:00-04:00
2026-09-17,USDNOK,2026-09-17,FWD_OUTRIGHT,9.426749999999998,BBG_BFXFORWARD,2026-09-17T15:00:00-04:00
2026-09-17,USDNOK,2026-09-17,SPOT,9.426749999999998,BBG_BFXFORWARD,2026-09-17T15:00:00-04:00
2026-09-17,USDNOK,2026-09-18,FWD_OUTRIGHT,9.426749999999998,BBG_INTERP,2026-09-17T15:00:00-04:00
2026-09-17,USDNOK,2026-09-21,FWD_OUTRIGHT,9.426749999999998,BBG_INTERP,2026-09-17T15:00:00-04:00
2026-09-17,USDSEK,2026-09-17,FWD_OUTRIGHT,9.825700000000001,BBG_BFXFORWARD,2026-09-17T15:00:00-04:00
2026-09-17,USDSEK,2026-09-17,SPOT,9.825700000000001,BBG_BFXFORWARD,2026-09-17T15:00:00-04:00
2026-09-17,USDSEK,2026-09-18,FWD_OUTRIGHT,9.825700000000001,BBG_INTERP,2026-09-17T15:00:00-04:00
2026-09-17,USDSEK,2026-09-21,FWD_OUTRIGHT,9.825700000000001,BBG_INTERP,2026-09-17T15:00:00-04:00
2026-09-17,USDSGD,2026-09-17,SPOT,1.2758,BBG_BFXFORWARD,2026-09-17T16:06:22+08:00
2026-09-17,USDSGD,2026-09-21,FWD_OUTRIGHT,1.2761,BBG_BFXFORWARD,2026-09-17T16:06:22+08:00
2026-09-17,USDTRY,2026-09-17,SPOT,48.674099999999996,BBG_BFXFORWARD,2026-09-17T15:00:00-04:00
2026-09-17,USDTRY,2026-09-21,FWD_OUTRIGHT,48.7902,BBG_BFXFORWARD,2026-09-17T16:06:22+08:00
2026-09-17,USDTRY,2026-09-23,FWD_OUTRIGHT,48.86695714285714,BBG_INTERP,2026-09-17T15:00:00-04:00
2026-09-17,USDTWD,2026-09-17,SPOT,31.778,BBG_BFXFORWARD,2026-09-18T10:27:44+08:00
2026-09-17,USDTWD,2026-09-21,FWD_OUTRIGHT,31.778,BBG_BFXFORWARD,2026-09-18T10:27:44+08:00
2026-09-17,USDZAR,2026-09-17,FWD_OUTRIGHT,16.2724,BBG_BFXFORWARD,2026-09-17T15:00:00-04:00
2026-09-17,USDZAR,2026-09-17,SPOT,16.2724,BBG_BFXFORWARD,2026-09-17T15:00:00-04:00
2026-09-17,USDZAR,2026-09-18,FWD_OUTRIGHT,16.2724,BBG_INTERP,2026-09-17T15:00:00-04:00
2026-09-17,USDZAR,2026-09-21,FWD_OUTRIGHT,16.2724,BBG_INTERP,2026-09-17T15:00:00-04:00
2026-09-17,USDZAR,2026-10-13,FWD_OUTRIGHT,16.294125,BBG_INTERP,2026-09-17T15:00:00-04:00
2026-09-17,USDZAR101326C-198564638,2026-10-09,DELTA,0.4487011346618032,QL_OPTIONS_PRICER,2026-09-17T15:00:00-04:00
2026-09-17,USDZAR101326C-198564638,2026-10-09,GAMMA,0.9226876136097291,QL_OPTIONS_PRICER,2026-09-17T15:00:00-04:00
2026-09-17,USDZAR101326C-198564638,2026-10-09,PREMIUM,0.008754959208398552,QL_OPTIONS_PRICER,2026-09-17T15:00:00-04:00
2026-09-17,USDZAR101326C-198564638,2026-10-09,RHO,0.0043150017315028814,QL_OPTIONS_PRICER,2026-09-17T15:00:00-04:00
2026-09-17,USDZAR101326C-198564638,2026-10-09,THETA,-0.004179850410894145,QL_OPTIONS_PRICER,2026-09-17T15:00:00-04:00
2026-09-17,USDZAR101326C-198564638,2026-10-09,VEGA,0.01569885404074569,QL_OPTIONS_PRICER,2026-09-17T15:00:00-04:00
2026-09-17,XAUUSD,2026-09-17,FWD_OUTRIGHT,4351.865,BBG_BFXFORWARD,2026-09-17T15:00:00-04:00
2026-09-17,XAUUSD,2026-09-17,SPOT,4351.865,BBG_BFXFORWARD,2026-09-17T15:00:00-04:00
2026-09-18,AUDUSD,2026-09-18,FWD_OUTRIGHT,0.7126,BBG_BFXFORWARD,2026-09-18T15:00:00-04:00
2026-09-18,AUDUSD,2026-09-18,SPOT,0.7126,BBG_BFXFORWARD,2026-09-18T15:00:00-04:00
2026-09-18,AUDUSD,2026-09-21,FWD_OUTRIGHT,0.7126,BBG_INTERP,2026-09-18T15:00:00-04:00
2026-09-18,AUDUSD,2026-09-22,FWD_OUTRIGHT,0.7126,BBG_INTERP,2026-09-18T15:00:00-04:00
2026-09-18,AUDUSD,2026-09-23,FWD_OUTRIGHT,0.7122,BBG_BFXFORWARD,2026-09-19T10:31:12+08:00
2026-09-18,AUDUSD,2026-09-24,FWD_OUTRIGHT,0.7125854285714286,BBG_INTERP,2026-09-18T15:00:00-04:00
2026-09-18,AUDUSD,2026-09-28,FWD_OUTRIGHT,0.7125562857142858,BBG_INTERP,2026-09-18T15:00:00-04:00
2026-09-18,AUDUSD,2026-09-29,FWD_OUTRIGHT,0.7127,BBG_BFXFORWARD,2026-09-18T16:24:23+08:00
2026-09-18,AUDUSD,2026-09-30,FWD_OUTRIGHT,0.7121,BBG_BFXFORWARD,2026-09-19T10:31:12+08:00
2026-09-18,AUDUSD,2026-10-22,FWD_OUTRIGHT,0.7125,BBG_BFXFORWARD,2026-09-18T16:24:23+08:00
2026-09-18,AUDUSD,2026-10-23,FWD_OUTRIGHT,0.7118,BBG_BFXFORWARD,2026-09-19T10:31:12+08:00
2026-09-18,AUDUSD,2026-11-23,FWD_OUTRIGHT,0.7115,BBG_BFXFORWARD,2026-09-19T10:31:12+08:00
2026-09-18,AUDUSD,2026-12-22,FWD_OUTRIGHT,0.7118,BBG_BFXFORWARD,2026-09-18T16:24:23+08:00
2026-09-18,AUDUSD,2026-12-23,FWD_OUTRIGHT,0.7112,BBG_BFXFORWARD,2026-09-19T10:31:12+08:00
2026-09-18,AUDUSD,2027-01-22,FWD_OUTRIGHT,0.7116,BBG_BFXFORWARD,2026-09-18T16:24:23+08:00
2026-09-18,AUDUSD,2027-01-25,FWD_OUTRIGHT,0.7109,BBG_BFXFORWARD,2026-09-19T10:31:12+08:00
2026-09-18,AUDUSD,2027-02-22,FWD_OUTRIGHT,0.7113,BBG_BFXFORWARD,2026-09-18T16:24:23+08:00
2026-09-18,AUDUSD,2027-02-23,FWD_OUTRIGHT,0.7106,BBG_BFXFORWARD,2026-09-19T10:31:12+08:00
2026-09-18,AUDUSD,2027-03-22,FWD_OUTRIGHT,0.711,BBG_BFXFORWARD,2026-09-18T16:24:23+08:00
2026-09-18,AUDUSD,2027-03-23,FWD_OUTRIGHT,0.7104,BBG_BFXFORWARD,2026-09-19T10:31:12+08:00
2026-09-18,AUDUSD,2027-06-22,FWD_OUTRIGHT,0.7104,BBG_BFXFORWARD,2026-09-18T16:24:23+08:00
2026-09-18,AUDUSD,2027-06-23,FWD_OUTRIGHT,0.7097,BBG_BFXFORWARD,2026-09-19T10:31:12+08:00
2026-09-18,AUDUSD,2027-09-22,FWD_OUTRIGHT,0.7098,BBG_BFXFORWARD,2026-09-18T16:24:23+08:00
2026-09-18,AUDUSD,2027-09-23,FWD_OUTRIGHT,0.7092,BBG_BFXFORWARD,2026-09-19T10:31:12+08:00
2026-09-18,AUDUSD,2027-12-22,FWD_OUTRIGHT,0.7093,BBG_BFXFORWARD,2026-09-18T16:24:23+08:00
2026-09-18,AUDUSD,2027-12-23,FWD_OUTRIGHT,0.7086,BBG_BFXFORWARD,2026-09-19T10:31:12+08:00
2026-09-18,AUDUSD,2028-03-22,FWD_OUTRIGHT,0.7088,BBG_BFXFORWARD,2026-09-18T16:24:23+08:00
2026-09-18,AUDUSD,2028-03-23,FWD_OUTRIGHT,0.7082,BBG_BFXFORWARD,2026-09-19T10:31:12+08:00
2026-09-18,AUDUSD,2028-09-22,FWD_OUTRIGHT,0.7078,BBG_BFXFORWARD,2026-09-18T16:24:23+08:00
2026-09-18,AUDUSD,2028-09-25,FWD_OUTRIGHT,0.7074,BBG_BFXFORWARD,2026-09-19T10:31:12+08:00
2026-09-18,AUDUSD,2029-09-24,FWD_OUTRIGHT,0.7051,BBG_BFXFORWARD,2026-09-19T10:31:12+08:00
2026-09-18,AUDUSD,2030-09-23,FWD_OUTRIGHT,0.7016,BBG_BFXFORWARD,2026-09-19T10:31:12+08:00
2026-09-18,AUDUSD,2031-09-22,FWD_OUTRIGHT,0.6979,BBG_BFXFORWARD,2026-09-18T16:24:23+08:00
2026-09-18,AUDUSD,2031-09-23,FWD_OUTRIGHT,0.6975,BBG_BFXFORWARD,2026-09-19T10:31:12+08:00
2026-09-18,ESU6 Index,2026-09-18,FUTURE_PX,7657.35,BBG_BDH,2026-09-18T17:00:00-04:00
2026-09-18,ESZ6 Index,2026-12-18,FUTURE_PX,7712.5,BBG_BDH,2026-09-18T17:00:00-04:00
2026-09-18,EURSEK,2026-09-18,SPOT,11.2912,BBG_BFXFORWARD,2026-09-18T15:00:00-04:00
2026-09-18,EURSEK,2026-09-21,FWD_OUTRIGHT,11.2713,BBG_BFXFORWARD,2026-09-18T16:24:23+08:00
2026-09-18,EURSEK,2026-09-22,FWD_OUTRIGHT,11.2914,BBG_BFXFORWARD,2026-09-19T10:31:12+08:00
2026-09-18,EURSEK,2026-09-23,FWD_OUTRIGHT,11.2908,BBG_BFXFORWARD,2026-09-19T10:31:12+08:00
2026-09-18,EURSEK,2026-09-24,FWD_OUTRIGHT,11.2904,BBG_BFXFORWARD,2026-09-19T10:31:12+08:00
2026-09-18,EURSEK,2026-09-25,FWD_OUTRIGHT,11.290455571428572,BBG_INTERP,2026-09-18T15:00:00-04:00
2026-09-18,EURSEK,2026-09-29,FWD_OUTRIGHT,11.2685,BBG_BFXFORWARD,2026-09-18T16:24:23+08:00
2026-09-18,EURSEK,2026-09-30,FWD_OUTRIGHT,11.2889,BBG_BFXFORWARD,2026-09-19T10:31:12+08:00
2026-09-18,EURSEK,2026-10-22,FWD_OUTRIGHT,11.2633,BBG_BFXFORWARD,2026-09-18T16:24:23+08:00
2026-09-18,EURSEK,2026-10-23,FWD_OUTRIGHT,11.2838,BBG_BFXFORWARD,2026-09-19T10:31:12+08:00
2026-09-18,EURSEK,2026-11-23,FWD_OUTRIGHT,11.2766,BBG_BFXFORWARD,2026-09-19T10:31:12+08:00
2026-09-18,EURSEK,2026-11-25,FWD_OUTRIGHT,11.276757034482758,BBG_INTERP,2026-09-18T15:00:00-04:00
2026-09-18,EURSEK,2026-11-27,FWD_OUTRIGHT,11.276349068965517,BBG_INTERP,2026-09-18T15:00:00-04:00
2026-09-18,EURSEK,2026-12-22,FWD_OUTRIGHT,11.2504,BBG_BFXFORWARD,2026-09-18T16:24:23+08:00
2026-09-18,EURSEK,2026-12-23,FWD_OUTRIGHT,11.2707,BBG_BFXFORWARD,2026-09-19T10:31:12+08:00
2026-09-18,EURSEK,2027-01-22,FWD_OUTRIGHT,11.2425,BBG_BFXFORWARD,2026-09-18T16:24:23+08:00
2026-09-18,EURSEK,2027-01-25,FWD_OUTRIGHT,11.2627,BBG_BFXFORWARD,2026-09-19T10:31:12+08:00
2026-09-18,EURSEK,2027-02-22,FWD_OUTRIGHT,11.2364,BBG_BFXFORWARD,2026-09-18T16:24:23+08:00
2026-09-18,EURSEK,2027-02-23,FWD_OUTRIGHT,11.2565,BBG_BFXFORWARD,2026-09-19T10:31:12+08:00
2026-09-18,EURSEK,2027-03-22,FWD_OUTRIGHT,11.2313,BBG_BFXFORWARD,2026-09-18T16:24:23+08:00
2026-09-18,EURSEK,2027-03-23,FWD_OUTRIGHT,11.2515,BBG_BFXFORWARD,2026-09-19T10:31:12+08:00
2026-09-18,EURSEK,2027-06-22,FWD_OUTRIGHT,11.2173,BBG_BFXFORWARD,2026-09-18T16:24:23+08:00
2026-09-18,EURSEK,2027-06-23,FWD_OUTRIGHT,11.2369,BBG_BFXFORWARD,2026-09-19T10:31:12+08:00
2026-09-18,EURSEK,2027-09-22,FWD_OUTRIGHT,11.2063,BBG_BFXFORWARD,2026-09-18T16:24:23+08:00
2026-09-18,EURSEK,2027-09-23,FWD_OUTRIGHT,11.2262,BBG_BFXFORWARD,2026-09-19T10:31:12+08:00
2026-09-18,EURSEK,2027-12-22,FWD_OUTRIGHT,11.1984,BBG_BFXFORWARD,2026-09-18T16:24:23+08:00
2026-09-18,EURSEK,2027-12-23,FWD_OUTRIGHT,11.2171,BBG_BFXFORWARD,2026-09-19T10:31:12+08:00
2026-09-18,EURSEK,2028-03-22,FWD_OUTRIGHT,11.1904,BBG_BFXFORWARD,2026-09-18T16:24:23+08:00
2026-09-18,EURSEK,2028-03-23,FWD_OUTRIGHT,11.2083,BBG_BFXFORWARD,2026-09-19T10:31:12+08:00
2026-09-18,EURSEK,2028-09-22,FWD_OUTRIGHT,11.1804,BBG_BFXFORWARD,2026-09-18T16:24:23+08:00
2026-09-18,EURSEK,2028-09-25,FWD_OUTRIGHT,11.1977,BBG_BFXFORWARD,2026-09-19T10:31:12+08:00
2026-09-18,EURSEK,2029-09-24,FWD_OUTRIGHT,11.1795,BBG_BFXFORWARD,2026-09-19T10:31:12+08:00
2026-09-18,EURSEK,2030-09-23,FWD_OUTRIGHT,11.173,BBG_BFXFORWARD,2026-09-19T10:31:12+08:00
2026-09-18,EURSEK,2031-09-22,FWD_OUTRIGHT,11.1659,BBG_BFXFORWARD,2026-09-18T16:24:23+08:00
2026-09-18,EURSEK,2031-09-23,FWD_OUTRIGHT,11.1753,BBG_BFXFORWARD,2026-09-19T10:31:12+08:00
2026-09-18,EURSEK092326C-197727826,2026-09-23,DELTA,0.9995200299010942,QL_OPTIONS_PRICER,2026-09-18T15:00:00-04:00
2026-09-18,EURSEK092326C-197727826,2026-09-23,DELTA_PA,0.9789436898447089,QL_OPTIONS_PRICER,2026-09-18T15:00:00-04:00
2026-09-18,EURSEK092326C-197727826,2026-09-23,GAMMA,0.008419035860386679,QL_OPTIONS_PRICER,2026-09-18T15:00:00-04:00
2026-09-18,EURSEK092326C-197727826,2026-09-23,PREMIUM,0.02057634005638535,QL_OPTIONS_PRICER,2026-09-18T15:00:00-04:00
2026-09-18,EURSEK092326C-197727826,2026-09-23,RHO,0.001514171094626654,QL_OPTIONS_PRICER,2026-09-18T15:00:00-04:00
2026-09-18,EURSEK092326C-197727826,2026-09-23,THETA,9.056631053883617e-05,QL_OPTIONS_PRICER,2026-09-18T15:00:00-04:00
2026-09-18,EURSEK092326C-197727826,2026-09-23,VEGA,7.047758901653363e-06,QL_OPTIONS_PRICER,2026-09-18T15:00:00-04:00
2026-09-18,EURSEK092326P-197728105,2026-09-23,DELTA,-0.00014054561025839907,QL_OPTIONS_PRICER,2026-09-18T15:00:00-04:00
2026-09-18,EURSEK092326P-197728105,2026-09-23,DELTA_PA,-0.00014074245723111163,QL_OPTIONS_PRICER,2026-09-18T15:00:00-04:00
2026-09-18,EURSEK092326P-197728105,2026-09-23,GAMMA,0.008419035860386679,QL_OPTIONS_PRICER,2026-09-18T15:00:00-04:00
2026-09-18,EURSEK092326P-197728105,2026-09-23,PREMIUM,1.968469727125568e-07,QL_OPTIONS_PRICER,2026-09-18T15:00:00-04:00
2026-09-18,EURSEK092326P-197728105,2026-09-23,RHO,-2.1769194973807686e-07,QL_OPTIONS_PRICER,2026-09-18T15:00:00-04:00
2026-09-18,EURSEK092326P-197728105,2026-09-23,THETA,-3.536162764128244e-06,QL_OPTIONS_PRICER,2026-09-18T15:00:00-04:00
2026-09-18,EURSEK092326P-197728105,2026-09-23,VEGA,7.047758901653363e-06,QL_OPTIONS_PRICER,2026-09-18T15:00:00-04:00
2026-09-18,EURSEK092326P-197838147,2026-09-23,DELTA,-0.00014054561025839907,QL_OPTIONS_PRICER,2026-09-18T15:00:00-04:00
2026-09-18,EURSEK092326P-197838147,2026-09-23,DELTA_PA,-0.00014074245723111163,QL_OPTIONS_PRICER,2026-09-18T15:00:00-04:00
2026-09-18,EURSEK092326P-197838147,2026-09-23,GAMMA,0.008419035860386679,QL_OPTIONS_PRICER,2026-09-18T15:00:00-04:00
2026-09-18,EURSEK092326P-197838147,2026-09-23,PREMIUM,1.968469727125568e-07,QL_OPTIONS_PRICER,2026-09-18T15:00:00-04:00
2026-09-18,EURSEK092326P-197838147,2026-09-23,RHO,-2.1769194973807686e-07,QL_OPTIONS_PRICER,2026-09-18T15:00:00-04:00
2026-09-18,EURSEK092326P-197838147,2026-09-23,THETA,-3.536162764128244e-06,QL_OPTIONS_PRICER,2026-09-18T15:00:00-04:00
2026-09-18,EURSEK092326P-197838147,2026-09-23,VEGA,7.047758901653363e-06,QL_OPTIONS_PRICER,2026-09-18T15:00:00-04:00
2026-09-18,EURSEK092526C-198565102,2026-09-23,DELTA,0.9995200299010942,QL_OPTIONS_PRICER,2026-09-18T15:00:00-04:00
2026-09-18,EURSEK092526C-198565102,2026-09-23,DELTA_PA,0.9789436898447089,QL_OPTIONS_PRICER,2026-09-18T15:00:00-04:00
2026-09-18,EURSEK092526C-198565102,2026-09-23,GAMMA,0.008419035860386679,QL_OPTIONS_PRICER,2026-09-18T15:00:00-04:00
2026-09-18,EURSEK092526C-198565102,2026-09-23,PREMIUM,0.02057634005638535,QL_OPTIONS_PRICER,2026-09-18T15:00:00-04:00
2026-09-18,EURSEK092526C-198565102,2026-09-23,RHO,0.001514171094626654,QL_OPTIONS_PRICER,2026-09-18T15:00:00-04:00
2026-09-18,EURSEK092526C-198565102,2026-09-23,THETA,9.056631053883617e-05,QL_OPTIONS_PRICER,2026-09-18T15:00:00-04:00
2026-09-18,EURSEK092526C-198565102,2026-09-23,VEGA,7.047758901653363e-06,QL_OPTIONS_PRICER,2026-09-18T15:00:00-04:00
2026-09-18,EURSEK112526C-197906813,2026-11-25,DELTA,14.603696409876386,QL_OPTIONS_PRICER,2026-09-18T15:00:00-04:00
2026-09-18,EURSEK112526C-197906813,2026-11-25,DELTA_PA,14.305615098137638,QL_OPTIONS_PRICER,2026-09-18T15:00:00-04:00
2026-09-18,EURSEK112526C-197906813,2026-11-25,GAMMA,28.80529030681004,QL_OPTIONS_PRICER,2026-09-18T15:00:00-04:00
2026-09-18,EURSEK112526C-197906813,2026-11-25,PREMIUM,0.2980813117387492,QL_OPTIONS_PRICER,2026-09-18T15:00:00-04:00
2026-09-18,EURSEK112526C-197906813,2026-11-25,RHO,0.300928059214146,QL_OPTIONS_PRICER,2026-09-18T15:00:00-04:00
2026-09-18,EURSEK112526C-197906813,2026-11-25,THETA,-0.007339056273498056,QL_OPTIONS_PRICER,2026-09-18T15:00:00-04:00
2026-09-18,EURSEK112526C-197906813,2026-11-25,VEGA,0.3201902448763557,QL_OPTIONS_PRICER,2026-09-18T15:00:00-04:00
2026-09-18,EURUSD,2026-09-18,FWD_OUTRIGHT,1.1483500000000002,BBG_BFXFORWARD,2026-09-18T15:00:00-04:00
2026-09-18,EURUSD,2026-09-18,SPOT,1.1483500000000002,BBG_BFXFORWARD,2026-09-18T15:00:00-04:00
2026-09-18,EURUSD,2026-09-21,FWD_OUTRIGHT,1.1483500000000002,BBG_INTERP,2026-09-18T15:00:00-04:00
2026-09-18,EURUSD,2026-09-22,FWD_OUTRIGHT,1.1483500000000002,BBG_INTERP,2026-09-18T15:00:00-04:00
2026-09-18,EURUSD,2026-09-23,FWD_OUTRIGHT,1.1485,BBG_BFXFORWARD,2026-09-19T10:31:12+08:00
2026-09-18,EURUSD,2026-09-24,FWD_OUTRIGHT,1.1484415714285716,BBG_INTERP,2026-09-18T15:00:00-04:00
2026-09-18,EURUSD,2026-09-29,FWD_OUTRIGHT,1.1488,BBG_BFXFORWARD,2026-09-18T16:24:23+08:00
2026-09-18,EURUSD,2026-09-30,FWD_OUTRIGHT,1.1489,BBG_BFXFORWARD,2026-09-19T10:31:12+08:00
2026-09-18,EURUSD,2026-10-22,FWD_OUTRIGHT,1.1498,BBG_BFXFORWARD,2026-09-18T16:24:23+08:00
2026-09-18,EURUSD,2026-10-23,FWD_OUTRIGHT,1.1499,BBG_BFXFORWARD,2026-09-19T10:31:12+08:00
2026-09-18,EURUSD,2026-11-23,FWD_OUTRIGHT,1.1514,BBG_BFXFORWARD,2026-09-19T10:31:12+08:00
2026-09-18,EURUSD,2026-12-22,FWD_OUTRIGHT,1.1528,BBG_BFXFORWARD,2026-09-18T16:24:23+08:00
2026-09-18,EURUSD,2026-12-23,FWD_OUTRIGHT,1.1529,BBG_BFXFORWARD,2026-09-19T10:31:12+08:00
2026-09-18,EURUSD,2027-01-22,FWD_OUTRIGHT,1.1543,BBG_BFXFORWARD,2026-09-18T16:24:23+08:00
2026-09-18,EURUSD,2027-01-25,FWD_OUTRIGHT,1.1544,BBG_BFXFORWARD,2026-09-19T10:31:12+08:00
2026-09-18,EURUSD,2027-02-22,FWD_OUTRIGHT,1.1557,BBG_BFXFORWARD,2026-09-18T16:24:23+08:00
2026-09-18,EURUSD,2027-02-23,FWD_OUTRIGHT,1.1558,BBG_BFXFORWARD,2026-09-19T10:31:12+08:00
2026-09-18,EURUSD,2027-03-22,FWD_OUTRIGHT,1.157,BBG_BFXFORWARD,2026-09-18T16:24:23+08:00
2026-09-18,EURUSD,2027-03-23,FWD_OUTRIGHT,1.1571,BBG_BFXFORWARD,2026-09-19T10:31:12+08:00
2026-09-18,EURUSD,2027-06-22,FWD_OUTRIGHT,1.1611,BBG_BFXFORWARD,2026-09-18T16:24:23+08:00
2026-09-18,EURUSD,2027-06-23,FWD_OUTRIGHT,1.1612,BBG_BFXFORWARD,2026-09-19T10:31:12+08:00
2026-09-18,EURUSD,2027-09-22,FWD_OUTRIGHT,1.1651,BBG_BFXFORWARD,2026-09-18T16:24:23+08:00
2026-09-18,EURUSD,2027-09-23,FWD_OUTRIGHT,1.1653,BBG_BFXFORWARD,2026-09-19T10:31:12+08:00
2026-09-18,EURUSD,2027-12-22,FWD_OUTRIGHT,1.1691,BBG_BFXFORWARD,2026-09-18T16:24:23+08:00
2026-09-18,EURUSD,2027-12-23,FWD_OUTRIGHT,1.1693,BBG_BFXFORWARD,2026-09-19T10:31:12+08:00
2026-09-18,EURUSD,2028-03-22,FWD_OUTRIGHT,1.1731,BBG_BFXFORWARD,2026-09-18T16:24:23+08:00
2026-09-18,EURUSD,2028-03-23,FWD_OUTRIGHT,1.1735,BBG_BFXFORWARD,2026-09-19T10:31:12+08:00
2026-09-18,EURUSD,2028-09-22,FWD_OUTRIGHT,1.1811,BBG_BFXFORWARD,2026-09-18T16:24:23+08:00
2026-09-18,EURUSD,2028-09-25,FWD_OUTRIGHT,1.1816,BBG_BFXFORWARD,2026-09-19T10:31:12+08:00
2026-09-18,EURUSD,2029-09-24,FWD_OUTRIGHT,1.1975,BBG_BFXFORWARD,2026-09-19T10:31:12+08:00
2026-09-18,EURUSD,2030-09-23,FWD_OUTRIGHT,1.2131,BBG_BFXFORWARD,2026-09-19T10:31:12+08:00
2026-09-18,EURUSD,2031-09-22,FWD_OUTRIGHT,1.2276,BBG_BFXFORWARD,2026-09-18T16:24:23+08:00
2026-09-18,EURUSD,2031-09-23,FWD_OUTRIGHT,1.2288,BBG_BFXFORWARD,2026-09-19T10:31:12+08:00
2026-09-18,EURUSD092226C-197728066,2026-09-22,DELTA,3.5514205012291916e-07,QL_OPTIONS_PRICER,2026-09-18T15:00:00-04:00
2026-09-18,EURUSD092226C-197728066,2026-09-22,DELTA_PA,3.5489540655555514e-07,QL_OPTIONS_PRICER,2026-09-18T15:00:00-04:00
2026-09-18,EURUSD092226C-197728066,2026-09-22,GAMMA,0.0004302556104460636,QL_OPTIONS_PRICER,2026-09-18T15:00:00-04:00
2026-09-18,EURUSD092226C-197728066,2026-09-22,PREMIUM,2.466435673640047e-10,QL_OPTIONS_PRICER,2026-09-18T15:00:00-04:00
2026-09-18,EURUSD092226C-197728066,2026-09-22,RHO,4.466237151978614e-11,QL_OPTIONS_PRICER,2026-09-18T15:00:00-04:00
2026-09-18,EURUSD092226C-197728066,2026-09-22,THETA,-9.865302670841874e-10,QL_OPTIONS_PRICER,2026-09-18T15:00:00-04:00
2026-09-18,EURUSD092226C-197728066,2026-09-22,VEGA,2.139164689171516e-09,QL_OPTIONS_PRICER,2026-09-18T15:00:00-04:00
2026-09-18,EURUSD092226C-198418644,2026-09-22,DELTA,3.5514205012291916e-07,QL_OPTIONS_PRICER,2026-09-18T15:00:00-04:00
2026-09-18,EURUSD092226C-198418644,2026-09-22,DELTA_PA,3.5489540655555514e-07,QL_OPTIONS_PRICER,2026-09-18T15:00:00-04:00
2026-09-18,EURUSD092226C-198418644,2026-09-22,GAMMA,0.0004302556104460636,QL_OPTIONS_PRICER,2026-09-18T15:00:00-04:00
2026-09-18,EURUSD092226C-198418644,2026-09-22,PREMIUM,2.466435673640047e-10,QL_OPTIONS_PRICER,2026-09-18T15:00:00-04:00
2026-09-18,EURUSD092226C-198418644,2026-09-22,RHO,4.466237151978614e-11,QL_OPTIONS_PRICER,2026-09-18T15:00:00-04:00
2026-09-18,EURUSD092226C-198418644,2026-09-22,THETA,-9.865302670841874e-10,QL_OPTIONS_PRICER,2026-09-18T15:00:00-04:00
2026-09-18,EURUSD092226C-198418644,2026-09-22,VEGA,2.139164689171516e-09,QL_OPTIONS_PRICER,2026-09-18T15:00:00-04:00
2026-09-18,EURUSD092226P-197728065,2026-09-22,DELTA,-0.9997280841854436,QL_OPTIONS_PRICER,2026-09-18T15:00:00-04:00
2026-09-18,EURUSD092226P-197728065,2026-09-22,DELTA_PA,-1.0182413646183213,QL_OPTIONS_PRICER,2026-09-18T15:00:00-04:00
2026-09-18,EURUSD092226P-197728065,2026-09-22,GAMMA,0.0004302556104460636,QL_OPTIONS_PRICER,2026-09-18T15:00:00-04:00
2026-09-18,EURUSD092226P-197728065,2026-09-22,PREMIUM,0.018513280432877723,QL_OPTIONS_PRICER,2026-09-18T15:00:00-04:00
2026-09-18,EURUSD092226P-197728065,2026-09-22,RHO,-0.00012814218860925471,QL_OPTIONS_PRICER,2026-09-18T15:00:00-04:00
2026-09-18,EURUSD092226P-197728065,2026-09-22,THETA,4.755132963666735e-05,QL_OPTIONS_PRICER,2026-09-18T15:00:00-04:00
2026-09-18,EURUSD092226P-197728065,2026-09-22,VEGA,2.139164689171516e-09,QL_OPTIONS_PRICER,2026-09-18T15:00:00-04:00
2026-09-18,EURUSD092226P-198418474,2026-09-22,DELTA,-0.9997280841854436,QL_OPTIONS_PRICER,2026-09-18T15:00:00-04:00
2026-09-18,EURUSD092226P-198418474,2026-09-22,DELTA_PA,-1.0182413646183213,QL_OPTIONS_PRICER,2026-09-18T15:00:00-04:00
2026-09-18,EURUSD092226P-198418474,2026-09-22,GAMMA,0.0004302556104460636,QL_OPTIONS_PRICER,2026-09-18T15:00:00-04:00
2026-09-18,EURUSD092226P-198418474,2026-09-22,PREMIUM,0.018513280432877723,QL_OPTIONS_PRICER,2026-09-18T15:00:00-04:00
2026-09-18,EURUSD092226P-198418474,2026-09-22,RHO,-0.00012814218860925471,QL_OPTIONS_PRICER,2026-09-18T15:00:00-04:00
2026-09-18,EURUSD092226P-198418474,2026-09-22,THETA,4.755132963666735e-05,QL_OPTIONS_PRICER,2026-09-18T15:00:00-04:00
2026-09-18,EURUSD092226P-198418474,2026-09-22,VEGA,2.139164689171516e-09,QL_OPTIONS_PRICER,2026-09-18T15:00:00-04:00
2026-09-18,GBPUSD,2026-09-18,SPOT,1.3395,BBG_BFXFORWARD,2026-09-18T17:00:00-04:00
2026-09-18,IRSOIS-USD-22860996,2027-02-11,CASHFLOW_USD,0.0,QL_PRICER,2026-09-18T17:00:00-04:00
2026-09-18,IRSOIS-USD-22860996,2027-02-11,DV01_USD,-15334.139259089716,QL_PRICER,2026-09-18T17:00:00-04:00
2026-09-18,IRSOIS-USD-22860996,2027-02-11,PAR_RATE,0.04207855214800944,QL_PRICER,2026-09-18T17:00:00-04:00
2026-09-18,IRSOIS-USD-22860996,2027-02-11,PV_USD,-353850.10121201724,QL_PRICER,2026-09-18T17:00:00-04:00
2026-09-18,IRSOIS-USD-22870318,2027-02-11,CASHFLOW_USD,0.0,QL_PRICER,2026-09-18T17:00:00-04:00
2026-09-18,IRSOIS-USD-22870318,2027-02-11,DV01_USD,-24408.07130563073,QL_PRICER,2026-09-18T17:00:00-04:00
2026-09-18,IRSOIS-USD-22870318,2027-02-11,PAR_RATE,0.04207855215597594,QL_PRICER,2026-09-18T17:00:00-04:00
2026-09-18,IRSOIS-USD-22870318,2027-02-11,PV_USD,-657277.2490040027,QL_PRICER,2026-09-18T17:00:00-04:00
2026-09-18,IRSOIS-USD-22907452,2027-02-11,CASHFLOW_USD,0.0,QL_PRICER,2026-09-18T17:00:00-04:00
2026-09-18,IRSOIS-USD-22907452,2027-02-11,DV01_USD,9885.66133989999,QL_PRICER,2026-09-18T17:00:00-04:00
2026-09-18,IRSOIS-USD-22907452,2027-02-11,PAR_RATE,0.042078552155975515,QL_PRICER,2026-09-18T17:00:00-04:00
2026-09-18,IRSOIS-USD-22907452,2027-02-11,PV_USD,331083.20178480353,QL_PRICER,2026-09-18T17:00:00-04:00
2026-09-18,IRSOIS-USD-22919058,2028-11-11,CASHFLOW_USD,0.0,QL_PRICER,2026-09-18T17:00:00-04:00
2026-09-18,IRSOIS-USD-22919058,2028-11-11,DV01_USD,-29486.527766209096,QL_PRICER,2026-09-18T17:00:00-04:00
2026-09-18,IRSOIS-USD-22919058,2028-11-11,PAR_RATE,0.046849098506162375,QL_PRICER,2026-09-18T17:00:00-04:00
2026-09-18,IRSOIS-USD-22919058,2028-11-11,PV_USD,-1810444.3000556603,QL_PRICER,2026-09-18T17:00:00-04:00
2026-09-18,IRSOIS-USD-22919059,2027-02-11,CASHFLOW_USD,0.0,QL_PRICER,2026-09-18T17:00:00-04:00
2026-09-18,IRSOIS-USD-22919059,2027-02-11,DV01_USD,29845.45062868297,QL_PRICER,2026-09-18T17:00:00-04:00
2026-09-18,IRSOIS-USD-22919059,2027-02-11,PAR_RATE,0.04207855215597539,QL_PRICER,2026-09-18T17:00:00-04:00
2026-09-18,IRSOIS-USD-22919059,2027-02-11,PV_USD,948996.4230903909,QL_PRICER,2026-09-18T17:00:00-04:00
2026-09-18,IRSOIS-USD-22927109,2028-11-11,CASHFLOW_USD,0.0,QL_PRICER,2026-09-18T17:00:00-04:00
2026-09-18,IRSOIS-USD-22927109,2028-11-11,DV01_USD,16623.638772849925,QL_PRICER,2026-09-18T17:00:00-04:00
2026-09-18,IRSOIS-USD-22927109,2028-11-11,PAR_RATE,0.04684909850616241,QL_PRICER,2026-09-18T17:00:00-04:00
2026-09-18,IRSOIS-USD-22927109,2028-11-11,PV_USD,1044456.5313738482,QL_PRICER,2026-09-18T17:00:00-04:00
2026-09-18,IRSOIS-USD-22927110,2028-11-11,CASHFLOW_USD,0.0,QL_PRICER,2026-09-18T17:00:00-04:00
2026-09-18,IRSOIS-USD-22927110,2028-11-11,DV01_USD,12854.545856431127,QL_PRICER,2026-09-18T17:00:00-04:00
2026-09-18,IRSOIS-USD-22927110,2028-11-11,PAR_RATE,0.04684909850616233,QL_PRICER,2026-09-18T17:00:00-04:00
2026-09-18,IRSOIS-USD-22927110,2028-11-11,PV_USD,818157.8263273425,QL_PRICER,2026-09-18T17:00:00-04:00
2026-09-18,IRSOIS-USD-22931939,2027-11-24,CASHFLOW_USD,0.0,QL_PRICER,2026-09-18T17:00:00-04:00
2026-09-18,IRSOIS-USD-22931939,2027-11-24,DV01_USD,14717.544215115719,QL_PRICER,2026-09-18T17:00:00-04:00
2026-09-18,IRSOIS-USD-22931939,2027-11-24,PAR_RATE,0.046302923761626695,QL_PRICER,2026-09-18T17:00:00-04:00
2026-09-18,IRSOIS-USD-22931939,2027-11-24,PV_USD,824638.6359662246,QL_PRICER,2026-09-18T17:00:00-04:00
2026-09-18,IRSOIS-USD-22931948,2027-11-24,CASHFLOW_USD,0.0,QL_PRICER,2026-09-18T17:00:00-04:00
2026-09-18,IRSOIS-USD-22931948,2027-11-24,DV01_USD,9924.600958785042,QL_PRICER,2026-09-18T17:00:00-04:00
2026-09-18,IRSOIS-USD-22931948,2027-11-24,PAR_RATE,0.046302923761626744,QL_PRICER,2026-09-18T17:00:00-04:00
2026-09-18,IRSOIS-USD-22931948,2027-11-24,PV_USD,560654.0498451646,QL_PRICER,2026-09-18T17:00:00-04:00
2026-09-18,IRSOIS-USD-22950573,2027-11-26,CASHFLOW_USD,0.0,QL_PRICER,2026-09-18T17:00:00-04:00
2026-09-18,IRSOIS-USD-22950573,2027-11-26,DV01_USD,14662.638420039788,QL_PRICER,2026-09-18T17:00:00-04:00
2026-09-18,IRSOIS-USD-22950573,2027-11-26,PAR_RATE,0.04634812472397656,QL_PRICER,2026-09-18T17:00:00-04:00
2026-09-18,IRSOIS-USD-22950573,2027-11-26,PV_USD,789726.3898736387,QL_PRICER,2026-09-18T17:00:00-04:00
2026-09-18,IRSOIS-USD-23001697,2027-11-24,CASHFLOW_USD,0.0,QL_PRICER,2026-09-18T17:00:00-04:00
2026-09-18,IRSOIS-USD-23001697,2027-11-24,DV01_USD,-24582.57328257151,QL_PRICER,2026-09-18T17:00:00-04:00
2026-09-18,IRSOIS-USD-23001697,2027-11-24,PAR_RATE,0.04630292376162685,QL_PRICER,2026-09-18T17:00:00-04:00
2026-09-18,IRSOIS-USD-23001697,2027-11-24,PV_USD,-913433.3624392077,QL_PRICER,2026-09-18T17:00:00-04:00
2026-09-18,IRSOIS-USD-23001698,2036-11-24,CASHFLOW_USD,0.0,QL_PRICER,2026-09-18T17:00:00-04:00
2026-09-18,IRSOIS-USD-23001698,2036-11-24,DV01_USD,24435.143731677905,QL_PRICER,2026-09-18T17:00:00-04:00
2026-09-18,IRSOIS-USD-23001698,2036-11-24,PAR_RATE,0.04625575773217695,QL_PRICER,2026-09-18T17:00:00-04:00
2026-09-18,IRSOIS-USD-23001698,2036-11-24,PV_USD,500573.37011312693,QL_PRICER,2026-09-18T17:00:00-04:00
2026-09-18,IRSOIS-USD-23025998,2036-12-10,CASHFLOW_USD,0.0,QL_PRICER,2026-09-18T17:00:00-04:00
2026-09-18,IRSOIS-USD-23025998,2036-12-10,DV01_USD,14680.464919431135,QL_PRICER,2026-09-18T17:00:00-04:00
2026-09-18,IRSOIS-USD-23025998,2036-12-10,PAR_RATE,0.04628559584224636,QL_PRICER,2026-09-18T17:00:00-04:00
2026-09-18,IRSOIS-USD-23025998,2036-12-10,PV_USD,265535.13002165966,QL_PRICER,2026-09-18T17:00:00-04:00
2026-09-18,IRSOIS-USD-23049992,2027-11-24,CASHFLOW_USD,0.0,QL_PRICER,2026-09-18T17:00:00-04:00
2026-09-18,IRSOIS-USD-23049992,2027-11-24,DV01_USD,-14882.87105997838,QL_PRICER,2026-09-18T17:00:00-04:00
2026-09-18,IRSOIS-USD-23049992,2027-11-24,PAR_RATE,0.04630292376162685,QL_PRICER,2026-09-18T17:00:00-04:00
2026-09-18,IRSOIS-USD-23049992,2027-11-24,PV_USD,-300213.2271017032,QL_PRICER,2026-09-18T17:00:00-04:00
2026-09-18,IRSOIS-USD-23049993,2036-12-10,CASHFLOW_USD,0.0,QL_PRICER,2026-09-18T17:00:00-04:00
2026-09-18,IRSOIS-USD-23049993,2036-12-10,DV01_USD,-9891.7476127306,QL_PRICER,2026-09-18T17:00:00-04:00
2026-09-18,IRSOIS-USD-23049993,2036-12-10,PAR_RATE,0.046285595842246376,QL_PRICER,2026-09-18T17:00:00-04:00
2026-09-18,IRSOIS-USD-23049993,2036-12-10,PV_USD,-56154.11001080461,QL_PRICER,2026-09-18T17:00:00-04:00
2026-09-18,IRSOIS-USD-23070541,2036-12-17,CASHFLOW_USD,0.0,QL_PRICER,2026-09-18T17:00:00-04:00
2026-09-18,IRSOIS-USD-23070541,2036-12-17,DV01_USD,-15728.554702869616,QL_PRICER,2026-09-18T17:00:00-04:00
2026-09-18,IRSOIS-USD-23070541,2036-12-17,PAR_RATE,0.04629775702346535,QL_PRICER,2026-09-18T17:00:00-04:00
2026-09-18,IRSOIS-USD-23070541,2036-12-17,PV_USD,-9141.26465866156,QL_PRICER,2026-09-18T17:00:00-04:00
2026-09-18,IRSOIS-USD-23076944,2036-12-21,CASHFLOW_USD,0.0,QL_PRICER,2026-09-18T17:00:00-04:00
2026-09-18,IRSOIS-USD-23076944,2036-12-21,DV01_USD,15716.450786991976,QL_PRICER,2026-09-18T17:00:00-04:00
2026-09-18,IRSOIS-USD-23076944,2036-12-21,PAR_RATE,0.046305053356225666,QL_PRICER,2026-09-18T17:00:00-04:00
2026-09-18,IRSOIS-USD-23076944,2036-12-21,PV_USD,20075.604352237657,QL_PRICER,2026-09-18T17:00:00-04:00
2026-09-18,USDBRL,2026-09-18,SPOT,5.1463,BBG_BFXFORWARD,2026-09-18T15:00:00-04:00
2026-09-18,USDBRL,2026-09-21,FWD_OUTRIGHT,5.1288,BBG_BFXFORWARD,2026-09-18T16:24:23+08:00
2026-09-18,USDBRL,2026-09-22,FWD_OUTRIGHT,5.1418,BBG_BFXFORWARD,2026-09-19T10:31:12+08:00
2026-09-18,USDBRL,2026-09-23,FWD_OUTRIGHT,5.1418,BBG_BFXFORWARD,2026-09-19T10:31:12+08:00
2026-09-18,USDCAD,2026-09-18,FWD_OUTRIGHT,1.3992499999999999,BBG_BFXFORWARD,2026-09-18T15:00:00-04:00
2026-09-18,USDCAD,2026-09-18,SPOT,1.3992499999999999,BBG_BFXFORWARD,2026-09-18T15:00:00-04:00
2026-09-18,USDCAD,2026-09-21,FWD_OUTRIGHT,1.3992499999999999,BBG_INTERP,2026-09-18T15:00:00-04:00
2026-09-18,USDCAD,2026-09-22,FWD_OUTRIGHT,1.3991817857142856,BBG_INTERP,2026-09-18T15:00:00-04:00
2026-09-18,USDCAD,2026-09-23,FWD_OUTRIGHT,1.3986,BBG_BFXFORWARD,2026-09-19T10:31:12+08:00
2026-09-18,USDCAD,2026-09-28,FWD_OUTRIGHT,1.3992,BBG_BFXFORWARD,2026-09-18T16:24:23+08:00
2026-09-18,USDCAD,2026-09-29,FWD_OUTRIGHT,1.3982,BBG_BFXFORWARD,2026-09-19T10:31:12+08:00
2026-09-18,USDCAD,2026-10-21,FWD_OUTRIGHT,1.3976,BBG_BFXFORWARD,2026-09-18T16:24:23+08:00
2026-09-18,USDCAD,2026-10-22,FWD_OUTRIGHT,1.3966,BBG_BFXFORWARD,2026-09-19T10:31:12+08:00
2026-09-18,USDCAD,2026-11-23,FWD_OUTRIGHT,1.3943,BBG_BFXFORWARD,2026-09-19T10:31:12+08:00
2026-09-18,USDCAD,2026-12-21,FWD_OUTRIGHT,1.3934,BBG_BFXFORWARD,2026-09-18T16:24:23+08:00
2026-09-18,USDCAD,2026-12-22,FWD_OUTRIGHT,1.3924,BBG_BFXFORWARD,2026-09-19T10:31:12+08:00
2026-09-18,USDCAD,2027-01-21,FWD_OUTRIGHT,1.3912,BBG_BFXFORWARD,2026-09-18T16:24:23+08:00
2026-09-18,USDCAD,2027-01-22,FWD_OUTRIGHT,1.3902,BBG_BFXFORWARD,2026-09-19T10:31:12+08:00
2026-09-18,USDCAD,2027-02-22,FWD_OUTRIGHT,1.3881,BBG_BFXFORWARD,2026-09-19T10:31:12+08:00
2026-09-18,USDCAD,2027-03-22,FWD_OUTRIGHT,1.3864,BBG_BFXFORWARD,2026-09-19T10:31:12+08:00
2026-09-18,USDCAD,2027-06-21,FWD_OUTRIGHT,1.3819,BBG_BFXFORWARD,2026-09-18T16:24:23+08:00
2026-09-18,USDCAD,2027-06-22,FWD_OUTRIGHT,1.381,BBG_BFXFORWARD,2026-09-19T10:31:12+08:00
2026-09-18,USDCAD,2027-09-21,FWD_OUTRIGHT,1.3768,BBG_BFXFORWARD,2026-09-18T16:24:23+08:00
2026-09-18,USDCAD,2027-09-22,FWD_OUTRIGHT,1.3757,BBG_BFXFORWARD,2026-09-19T10:31:12+08:00
2026-09-18,USDCAD,2027-12-21,FWD_OUTRIGHT,1.3721,BBG_BFXFORWARD,2026-09-18T16:24:23+08:00
2026-09-18,USDCAD,2027-12-22,FWD_OUTRIGHT,1.3711,BBG_BFXFORWARD,2026-09-19T10:31:12+08:00
2026-09-18,USDCAD,2028-03-21,FWD_OUTRIGHT,1.3678,BBG_BFXFORWARD,2026-09-18T16:24:23+08:00
2026-09-18,USDCAD,2028-03-22,FWD_OUTRIGHT,1.3667,BBG_BFXFORWARD,2026-09-19T10:31:12+08:00
2026-09-18,USDCAD,2028-09-21,FWD_OUTRIGHT,1.36,BBG_BFXFORWARD,2026-09-18T16:24:23+08:00
2026-09-18,USDCAD,2028-09-22,FWD_OUTRIGHT,1.3587,BBG_BFXFORWARD,2026-09-19T10:31:12+08:00
2026-09-18,USDCAD,2029-09-21,FWD_OUTRIGHT,1.3451,BBG_BFXFORWARD,2026-09-18T16:24:23+08:00
2026-09-18,USDCAD,2029-09-24,FWD_OUTRIGHT,1.3445,BBG_BFXFORWARD,2026-09-19T10:31:12+08:00
2026-09-18,USDCAD,2030-09-23,FWD_OUTRIGHT,1.3315,BBG_BFXFORWARD,2026-09-19T10:31:12+08:00
2026-09-18,USDCAD,2031-09-22,FWD_OUTRIGHT,1.3197,BBG_BFXFORWARD,2026-09-19T10:31:12+08:00
2026-09-18,USDCHF,2026-09-18,FWD_OUTRIGHT,0.82215,BBG_BFXFORWARD,2026-09-18T15:00:00-04:00
2026-09-18,USDCHF,2026-09-18,SPOT,0.82215,BBG_BFXFORWARD,2026-09-18T15:00:00-04:00
2026-09-18,USDCHF,2026-09-21,FWD_OUTRIGHT,0.82215,BBG_INTERP,2026-09-18T15:00:00-04:00
2026-09-18,USDCHF,2026-09-22,FWD_OUTRIGHT,0.82215,BBG_INTERP,2026-09-18T15:00:00-04:00
2026-09-18,USDCHF,2026-09-23,FWD_OUTRIGHT,0.8224,BBG_BFXFORWARD,2026-09-19T10:31:12+08:00
2026-09-18,USDCHF,2026-09-24,FWD_OUTRIGHT,0.8223,BBG_BFXFORWARD,2026-09-19T10:31:12+08:00
2026-09-18,USDCHF,2026-09-29,FWD_OUTRIGHT,0.8238,BBG_BFXFORWARD,2026-09-18T16:24:23+08:00
2026-09-18,USDCHF,2026-09-30,FWD_OUTRIGHT,0.8217,BBG_BFXFORWARD,2026-09-19T10:31:12+08:00
2026-09-18,USDCHF,2026-10-19,FWD_OUTRIGHT,0.8196180000000001,BBG_INTERP,2026-09-18T15:00:00-04:00
2026-09-18,USDCHF,2026-10-22,FWD_OUTRIGHT,0.8217,BBG_BFXFORWARD,2026-09-18T16:24:23+08:00
2026-09-18,USDCHF,2026-10-23,FWD_OUTRIGHT,0.8195,BBG_BFXFORWARD,2026-09-19T10:31:12+08:00
2026-09-18,USDCHF,2026-11-23,FWD_OUTRIGHT,0.8165,BBG_BFXFORWARD,2026-09-19T10:31:12+08:00
2026-09-18,USDCHF,2026-12-22,FWD_OUTRIGHT,0.8158,BBG_BFXFORWARD,2026-09-18T16:24:23+08:00
2026-09-18,USDCHF,2026-12-23,FWD_OUTRIGHT,0.8137,BBG_BFXFORWARD,2026-09-19T10:31:12+08:00
2026-09-18,USDCHF,2027-01-22,FWD_OUTRIGHT,0.8126,BBG_BFXFORWARD,2026-09-18T16:24:23+08:00
2026-09-18,USDCHF,2027-01-25,FWD_OUTRIGHT,0.8105,BBG_BFXFORWARD,2026-09-19T10:31:12+08:00
2026-09-18,USDCHF,2027-02-22,FWD_OUTRIGHT,0.8095,BBG_BFXFORWARD,2026-09-18T16:24:23+08:00
2026-09-18,USDCHF,2027-02-23,FWD_OUTRIGHT,0.8074,BBG_BFXFORWARD,2026-09-19T10:31:12+08:00
2026-09-18,USDCHF,2027-03-22,FWD_OUTRIGHT,0.8067,BBG_BFXFORWARD,2026-09-18T16:24:23+08:00
2026-09-18,USDCHF,2027-03-23,FWD_OUTRIGHT,0.8047,BBG_BFXFORWARD,2026-09-19T10:31:12+08:00
2026-09-18,USDCHF,2027-06-22,FWD_OUTRIGHT,0.7977,BBG_BFXFORWARD,2026-09-18T16:24:23+08:00
2026-09-18,USDCHF,2027-06-23,FWD_OUTRIGHT,0.7956,BBG_BFXFORWARD,2026-09-19T10:31:12+08:00
2026-09-18,USDCHF,2027-09-22,FWD_OUTRIGHT,0.7889,BBG_BFXFORWARD,2026-09-18T16:24:23+08:00
2026-09-18,USDCHF,2027-09-23,FWD_OUTRIGHT,0.7868,BBG_BFXFORWARD,2026-09-19T10:31:12+08:00
2026-09-18,USDCHF,2027-12-22,FWD_OUTRIGHT,0.7805,BBG_BFXFORWARD,2026-09-18T16:24:23+08:00
2026-09-18,USDCHF,2027-12-23,FWD_OUTRIGHT,0.7784,BBG_BFXFORWARD,2026-09-19T10:31:12+08:00
2026-09-18,USDCHF,2028-03-22,FWD_OUTRIGHT,0.7724,BBG_BFXFORWARD,2026-09-18T16:24:23+08:00
2026-09-18,USDCHF,2028-03-23,FWD_OUTRIGHT,0.7702,BBG_BFXFORWARD,2026-09-19T10:31:12+08:00
2026-09-18,USDCHF,2028-09-22,FWD_OUTRIGHT,0.7569,BBG_BFXFORWARD,2026-09-18T16:24:23+08:00
2026-09-18,USDCHF,2028-09-25,FWD_OUTRIGHT,0.7546,BBG_BFXFORWARD,2026-09-19T10:31:12+08:00
2026-09-18,USDCHF,2029-09-24,FWD_OUTRIGHT,0.7251,BBG_BFXFORWARD,2026-09-19T10:31:12+08:00
2026-09-18,USDCHF,2030-09-23,FWD_OUTRIGHT,0.698,BBG_BFXFORWARD,2026-09-19T10:31:12+08:00
2026-09-18,USDCHF,2031-09-22,FWD_OUTRIGHT,0.6749,BBG_BFXFORWARD,2026-09-18T16:24:23+08:00
2026-09-18,USDCHF,2031-09-23,FWD_OUTRIGHT,0.6724,BBG_BFXFORWARD,2026-09-19T10:31:12+08:00
2026-09-18,USDCHF101526C-199401160,2026-10-15,DELTA,0.6303605845713034,QL_OPTIONS_PRICER,2026-09-18T15:00:00-04:00
2026-09-18,USDCHF101526C-199401160,2026-10-15,GAMMA,27.00510569568531,QL_OPTIONS_PRICER,2026-09-18T15:00:00-04:00
2026-09-18,USDCHF101526C-199401160,2026-10-15,PREMIUM,0.009843503608113728,QL_OPTIONS_PRICER,2026-09-18T15:00:00-04:00
2026-09-18,USDCHF101526C-199401160,2026-10-15,RHO,0.00037737723805685074,QL_OPTIONS_PRICER,2026-09-18T15:00:00-04:00
2026-09-18,USDCHF101526C-199401160,2026-10-15,THETA,-4.775862689605567e-05,QL_OPTIONS_PRICER,2026-09-18T15:00:00-04:00
2026-09-18,USDCHF101526C-199401160,2026-10-15,VEGA,0.0008369252400367508,QL_OPTIONS_PRICER,2026-09-18T15:00:00-04:00
2026-09-18,USDCHF101526P-199401210,2026-10-15,DELTA,-0.3667287131400071,QL_OPTIONS_PRICER,2026-09-18T15:00:00-04:00
2026-09-18,USDCHF101526P-199401210,2026-10-15,GAMMA,27.00510569568531,QL_OPTIONS_PRICER,2026-09-18T15:00:00-04:00
2026-09-18,USDCHF101526P-199401210,2026-10-15,PREMIUM,0.004303574674936009,QL_OPTIONS_PRICER,2026-09-18T15:00:00-04:00
2026-09-18,USDCHF101526P-199401210,2026-10-15,RHO,-0.00022564913086384889,QL_OPTIONS_PRICER,2026-09-18T15:00:00-04:00
2026-09-18,USDCHF101526P-199401210,2026-10-15,THETA,-0.00012523698536621097,QL_OPTIONS_PRICER,2026-09-18T15:00:00-04:00
2026-09-18,USDCHF101526P-199401210,2026-10-15,VEGA,0.0008369252400367508,QL_OPTIONS_PRICER,2026-09-18T15:00:00-04:00
2026-09-18,USDCHF101926C-199095096,2026-10-15,DELTA,0.6303605845713034,QL_OPTIONS_PRICER,2026-09-18T15:00:00-04:00
2026-09-18,USDCHF101926C-199095096,2026-10-15,GAMMA,27.00510569568531,QL_OPTIONS_PRICER,2026-09-18T15:00:00-04:00
2026-09-18,USDCHF101926C-199095096,2026-10-15,PREMIUM,0.009843503608113728,QL_OPTIONS_PRICER,2026-09-18T15:00:00-04:00
2026-09-18,USDCHF101926C-199095096,2026-10-15,RHO,0.00037737723805685074,QL_OPTIONS_PRICER,2026-09-18T15:00:00-04:00
2026-09-18,USDCHF101926C-199095096,2026-10-15,THETA,-4.775862689605567e-05,QL_OPTIONS_PRICER,2026-09-18T15:00:00-04:00
2026-09-18,USDCHF101926C-199095096,2026-10-15,VEGA,0.0008369252400367508,QL_OPTIONS_PRICER,2026-09-18T15:00:00-04:00
2026-09-18,USDCHF101926P-199095154,2026-10-15,DELTA,-0.3667287131400071,QL_OPTIONS_PRICER,2026-09-18T15:00:00-04:00
2026-09-18,USDCHF101926P-199095154,2026-10-15,GAMMA,27.00510569568531,QL_OPTIONS_PRICER,2026-09-18T15:00:00-04:00
2026-09-18,USDCHF101926P-199095154,2026-10-15,PREMIUM,0.004303574674936009,QL_OPTIONS_PRICER,2026-09-18T15:00:00-04:00
2026-09-18,USDCHF101926P-199095154,2026-10-15,RHO,-0.00022564913086384889,QL_OPTIONS_PRICER,2026-09-18T15:00:00-04:00
2026-09-18,USDCHF101926P-199095154,2026-10-15,THETA,-0.00012523698536621097,QL_OPTIONS_PRICER,2026-09-18T15:00:00-04:00
2026-09-18,USDCHF101926P-199095154,2026-10-15,VEGA,0.0008369252400367508,QL_OPTIONS_PRICER,2026-09-18T15:00:00-04:00
2026-09-18,USDHKD,2026-09-18,SPOT,7.8449,BBG_BFXFORWARD,2026-09-18T17:00:00-04:00
2026-09-18,USDIDR,2026-09-18,SPOT,17742.0,BBG_BFXFORWARD,2026-09-19T10:31:12+08:00
2026-09-18,USDIDR,2026-09-21,FWD_OUTRIGHT,17741.5,BBG_BFXFORWARD,2026-09-18T16:24:23+08:00
2026-09-18,USDIDR,2026-09-21,FWD_OUTRIGHT,17741.625,BBG_INTERP,2026-09-19T10:31:12+08:00
2026-09-18,USDIDR,2026-09-22,FWD_OUTRIGHT,17741.5,BBG_BFXFORWARD,2026-09-19T10:31:12+08:00
2026-09-18,USDIDR,2026-09-23,FWD_OUTRIGHT,17741.5,BBG_BFXFORWARD,2026-09-19T10:31:12+08:00
2026-09-18,USDIDR,2026-09-24,FWD_OUTRIGHT,17742.769,BBG_BFXFORWARD,2026-09-19T10:31:12+08:00
2026-09-18,USDIDR,2026-09-24,FWD_OUTRIGHT,17744.0375,BBG_INTERP,2026-09-18T16:24:23+08:00
2026-09-18,USDIDR,2026-09-29,FWD_OUTRIGHT,17750.38,BBG_BFXFORWARD,2026-09-18T16:24:23+08:00
2026-09-18,USDIDR,2026-09-30,FWD_OUTRIGHT,17750.38,BBG_BFXFORWARD,2026-09-19T10:31:12+08:00
2026-09-18,USDIDR,2026-10-22,FWD_OUTRIGHT,17769.25,BBG_BFXFORWARD,2026-09-18T16:24:23+08:00
2026-09-18,USDIDR,2026-10-23,FWD_OUTRIGHT,17769.25,BBG_BFXFORWARD,2026-09-19T10:31:12+08:00
2026-09-18,USDIDR,2026-11-23,FWD_OUTRIGHT,17797.5,BBG_BFXFORWARD,2026-09-19T10:31:12+08:00
2026-09-18,USDIDR,2026-12-22,FWD_OUTRIGHT,17823.5,BBG_BFXFORWARD,2026-09-18T16:24:23+08:00
2026-09-18,USDIDR,2026-12-23,FWD_OUTRIGHT,17823.5,BBG_BFXFORWARD,2026-09-19T10:31:12+08:00
2026-09-18,USDIDR,2027-01-22,FWD_OUTRIGHT,17850.797,BBG_BFXFORWARD,2026-09-18T16:24:23+08:00
2026-09-18,USDIDR,2027-01-25,FWD_OUTRIGHT,17852.558,BBG_BFXFORWARD,2026-09-19T10:31:12+08:00
2026-09-18,USDIDR,2027-02-22,FWD_OUTRIGHT,17878.094,BBG_BFXFORWARD,2026-09-18T16:24:23+08:00
2026-09-18,USDIDR,2027-02-23,FWD_OUTRIGHT,17878.094,BBG_BFXFORWARD,2026-09-19T10:31:12+08:00
2026-09-18,USDIDR,2027-03-22,FWD_OUTRIGHT,17902.75,BBG_BFXFORWARD,2026-09-18T16:24:23+08:00
2026-09-18,USDIDR,2027-03-23,FWD_OUTRIGHT,17902.75,BBG_BFXFORWARD,2026-09-19T10:31:12+08:00
2026-09-18,USDIDR,2027-06-22,FWD_OUTRIGHT,17967.75,BBG_BFXFORWARD,2026-09-18T16:24:23+08:00
2026-09-18,USDIDR,2027-06-23,FWD_OUTRIGHT,17967.75,BBG_BFXFORWARD,2026-09-19T10:31:12+08:00
2026-09-18,USDIDR,2027-09-22,FWD_OUTRIGHT,18032.75,BBG_BFXFORWARD,2026-09-18T16:24:23+08:00
2026-09-18,USDIDR,2027-09-23,FWD_OUTRIGHT,18032.75,BBG_BFXFORWARD,2026-09-19T10:31:12+08:00
2026-09-18,USDJPY,2026-09-18,FWD_OUTRIGHT,156.685,BBG_BFXFORWARD,2026-09-18T15:00:00-04:00
2026-09-18,USDJPY,2026-09-18,SPOT,156.685,BBG_BFXFORWARD,2026-09-18T15:00:00-04:00
2026-09-18,USDJPY,2026-09-24,FWD_OUTRIGHT,156.65917142857143,BBG_INTERP,2026-09-18T15:00:00-04:00
2026-09-18,USDJPY,2026-09-25,FWD_OUTRIGHT,156.64625714285714,BBG_INTERP,2026-09-18T15:00:00-04:00
2026-09-18,USDJPY,2026-09-28,FWD_OUTRIGHT,156.8478,BBG_BFXFORWARD,2026-09-19T10:31:12+08:00
2026-09-18,USDJPY,2026-10-02,FWD_OUTRIGHT,156.7945,BBG_BFXFORWARD,2026-09-19T10:31:12+08:00
2026-09-18,USDJPY,2026-10-26,FWD_OUTRIGHT,156.501,BBG_BFXFORWARD,2026-09-19T10:31:12+08:00
2026-09-18,USDJPY,2026-11-19,FWD_OUTRIGHT,156.19595999999999,BBG_INTERP,2026-09-19T10:31:12+08:00
2026-09-18,USDJPY,2026-11-25,FWD_OUTRIGHT,156.1197,BBG_BFXFORWARD,2026-09-19T10:31:12+08:00
2026-09-18,USDJPY,2026-12-28,FWD_OUTRIGHT,155.6892,BBG_BFXFORWARD,2026-09-19T10:31:12+08:00
2026-09-18,USDJPY,2027-01-25,FWD_OUTRIGHT,155.305,BBG_BFXFORWARD,2026-09-19T10:31:12+08:00
2026-09-18,USDJPY,2027-02-25,FWD_OUTRIGHT,154.908,BBG_BFXFORWARD,2026-09-19T10:31:12+08:00
2026-09-18,USDJPY,2027-03-01,FWD_OUTRIGHT,154.61483833333332,BBG_INTERP,2026-09-18T15:00:00-04:00
2026-09-18,USDJPY,2027-03-03,FWD_OUTRIGHT,154.5894727777778,BBG_INTERP,2026-09-18T15:00:00-04:00
2026-09-18,USDJPY,2027-03-25,FWD_OUTRIGHT,154.5465,BBG_BFXFORWARD,2026-09-19T10:31:12+08:00
2026-09-18,USDJPY,2027-06-25,FWD_OUTRIGHT,153.3364,BBG_BFXFORWARD,2026-09-19T10:31:12+08:00
2026-09-18,USDJPY,2027-09-27,FWD_OUTRIGHT,152.134,BBG_BFXFORWARD,2026-09-19T10:31:12+08:00
2026-09-18,USDJPY,2027-12-27,FWD_OUTRIGHT,151.011,BBG_BFXFORWARD,2026-09-19T10:31:12+08:00
2026-09-18,USDJPY,2028-03-27,FWD_OUTRIGHT,149.9323,BBG_BFXFORWARD,2026-09-19T10:31:12+08:00
2026-09-18,USDJPY,2028-09-25,FWD_OUTRIGHT,147.9425,BBG_BFXFORWARD,2026-09-19T10:31:12+08:00
2026-09-18,USDJPY,2029-09-25,FWD_OUTRIGHT,144.3534,BBG_BFXFORWARD,2026-09-19T10:31:12+08:00
2026-09-18,USDJPY,2030-09-25,FWD_OUTRIGHT,141.296,BBG_BFXFORWARD,2026-09-19T10:31:12+08:00
2026-09-18,USDJPY,2031-09-25,FWD_OUTRIGHT,138.5051,BBG_BFXFORWARD,2026-09-19T10:31:12+08:00
2026-09-18,USDJPY030127P-198153212,2027-03-01,DELTA,-3.5157283031266897,QL_OPTIONS_PRICER,2026-09-18T15:00:00-04:00
2026-09-18,USDJPY030127P-198153212,2027-03-01,GAMMA,0.33491967440372455,QL_OPTIONS_PRICER,2026-09-18T15:00:00-04:00
2026-09-18,USDJPY030127P-198153212,2027-03-01,PREMIUM,0.15642824594714083,QL_OPTIONS_PRICER,2026-09-18T15:00:00-04:00
2026-09-18,USDJPY030127P-198153212,2027-03-01,RHO,-2.585232416938578,QL_OPTIONS_PRICER,2026-09-18T15:00:00-04:00
2026-09-18,USDJPY030127P-198153212,2027-03-01,THETA,-0.10377163849944053,QL_OPTIONS_PRICER,2026-09-18T15:00:00-04:00
2026-09-18,USDJPY030127P-198153212,2027-03-01,VEGA,2.85141757590813,QL_OPTIONS_PRICER,2026-09-18T15:00:00-04:00
2026-09-18,USDJPY030127P-198891128,2027-03-01,DELTA,-3.5157283031266897,QL_OPTIONS_PRICER,2026-09-18T15:00:00-04:00
2026-09-18,USDJPY030127P-198891128,2027-03-01,GAMMA,0.33491967440372455,QL_OPTIONS_PRICER,2026-09-18T15:00:00-04:00
2026-09-18,USDJPY030127P-198891128,2027-03-01,PREMIUM,0.15642824594714083,QL_OPTIONS_PRICER,2026-09-18T15:00:00-04:00
2026-09-18,USDJPY030127P-198891128,2027-03-01,RHO,-2.585232416938578,QL_OPTIONS_PRICER,2026-09-18T15:00:00-04:00
2026-09-18,USDJPY030127P-198891128,2027-03-01,THETA,-0.10377163849944053,QL_OPTIONS_PRICER,2026-09-18T15:00:00-04:00
2026-09-18,USDJPY030127P-198891128,2027-03-01,VEGA,2.85141757590813,QL_OPTIONS_PRICER,2026-09-18T15:00:00-04:00
2026-09-18,USDJPY030127P-199202828,2027-03-01,DELTA,-3.5157283031266897,QL_OPTIONS_PRICER,2026-09-18T15:00:00-04:00
2026-09-18,USDJPY030127P-199202828,2027-03-01,GAMMA,0.33491967440372455,QL_OPTIONS_PRICER,2026-09-18T15:00:00-04:00
2026-09-18,USDJPY030127P-199202828,2027-03-01,PREMIUM,0.15642824594714083,QL_OPTIONS_PRICER,2026-09-18T15:00:00-04:00
2026-09-18,USDJPY030127P-199202828,2027-03-01,RHO,-2.585232416938578,QL_OPTIONS_PRICER,2026-09-18T15:00:00-04:00
2026-09-18,USDJPY030127P-199202828,2027-03-01,THETA,-0.10377163849944053,QL_OPTIONS_PRICER,2026-09-18T15:00:00-04:00
2026-09-18,USDJPY030127P-199202828,2027-03-01,VEGA,2.85141757590813,QL_OPTIONS_PRICER,2026-09-18T15:00:00-04:00
2026-09-18,USDJPY111926P-197571137,2026-11-19,DELTA,-6.781335630482026,QL_OPTIONS_PRICER,2026-09-18T15:00:00-04:00
2026-09-18,USDJPY111926P-197571137,2026-11-19,GAMMA,0.9085007714853143,QL_OPTIONS_PRICER,2026-09-18T15:00:00-04:00
2026-09-18,USDJPY111926P-197571137,2026-11-19,PREMIUM,0.19596890958391885,QL_OPTIONS_PRICER,2026-09-18T15:00:00-04:00
2026-09-18,USDJPY111926P-197571137,2026-11-19,RHO,-1.8570086475456034,QL_OPTIONS_PRICER,2026-09-18T15:00:00-04:00
2026-09-18,USDJPY111926P-197571137,2026-11-19,THETA,-0.2252307381826738,QL_OPTIONS_PRICER,2026-09-18T15:00:00-04:00
2026-09-18,USDJPY111926P-197571137,2026-11-19,VEGA,2.773199708547419,QL_OPTIONS_PRICER,2026-09-18T15:00:00-04:00
2026-09-18,USDJPY111926P-197957397,2026-11-19,DELTA,-6.781335630482026,QL_OPTIONS_PRICER,2026-09-18T15:00:00-04:00
2026-09-18,USDJPY111926P-197957397,2026-11-19,GAMMA,0.9085007714853143,QL_OPTIONS_PRICER,2026-09-18T15:00:00-04:00
2026-09-18,USDJPY111926P-197957397,2026-11-19,PREMIUM,0.19596890958391885,QL_OPTIONS_PRICER,2026-09-18T15:00:00-04:00
2026-09-18,USDJPY111926P-197957397,2026-11-19,RHO,-1.8570086475456034,QL_OPTIONS_PRICER,2026-09-18T15:00:00-04:00
2026-09-18,USDJPY111926P-197957397,2026-11-19,THETA,-0.2252307381826738,QL_OPTIONS_PRICER,2026-09-18T15:00:00-04:00
2026-09-18,USDJPY111926P-197957397,2026-11-19,VEGA,2.773199708547419,QL_OPTIONS_PRICER,2026-09-18T15:00:00-04:00
2026-09-18,USDJPY111926P-198890493,2026-11-19,DELTA,-6.781335630482026,QL_OPTIONS_PRICER,2026-09-18T15:00:00-04:00
2026-09-18,USDJPY111926P-198890493,2026-11-19,GAMMA,0.9085007714853143,QL_OPTIONS_PRICER,2026-09-18T15:00:00-04:00
2026-09-18,USDJPY111926P-198890493,2026-11-19,PREMIUM,0.19596890958391885,QL_OPTIONS_PRICER,2026-09-18T15:00:00-04:00
2026-09-18,USDJPY111926P-198890493,2026-11-19,RHO,-1.8570086475456034,QL_OPTIONS_PRICER,2026-09-18T15:00:00-04:00
2026-09-18,USDJPY111926P-198890493,2026-11-19,THETA,-0.2252307381826738,QL_OPTIONS_PRICER,2026-09-18T15:00:00-04:00
2026-09-18,USDJPY111926P-198890493,2026-11-19,VEGA,2.773199708547419,QL_OPTIONS_PRICER,2026-09-18T15:00:00-04:00
2026-09-18,USDKRW,2026-09-18,SPOT,1386.25,BBG_BFXFORWARD,2026-09-18T15:00:00-04:00
2026-09-18,USDKRW,2026-09-21,FWD_OUTRIGHT,1384.1,BBG_BFXFORWARD,2026-09-18T16:24:23+08:00
2026-09-18,USDKRW,2026-09-21,FWD_OUTRIGHT,1386.85,BBG_INTERP,2026-09-19T10:31:12+08:00
2026-09-18,USDKRW,2026-09-22,FWD_OUTRIGHT,1386.85,BBG_BFXFORWARD,2026-09-19T10:31:12+08:00
2026-09-18,USDKRW,2026-09-23,FWD_OUTRIGHT,1386.85,BBG_BFXFORWARD,2026-09-19T10:31:12+08:00
2026-09-18,USDKRW,2026-09-28,FWD_OUTRIGHT,1386.767,BBG_BFXFORWARD,2026-09-19T10:31:12+08:00
2026-09-18,USDKRW,2026-09-28,FWD_OUTRIGHT,1383.9996666666666,BBG_INTERP,2026-09-18T16:24:23+08:00
2026-09-18,USDKRW,2026-09-29,FWD_OUTRIGHT,1383.983,BBG_BFXFORWARD,2026-09-18T16:24:23+08:00
2026-09-18,USDKRW,2026-09-30,FWD_OUTRIGHT,1386.733,BBG_BFXFORWARD,2026-09-19T10:31:12+08:00
2026-09-18,USDKRW,2026-10-13,FWD_OUTRIGHT,1386.5165217391304,BBG_INTERP,2026-09-19T10:31:12+08:00
2026-09-18,USDKRW,2026-10-22,FWD_OUTRIGHT,1383.6,BBG_BFXFORWARD,2026-09-18T16:24:23+08:00
2026-09-18,USDKRW,2026-10-23,FWD_OUTRIGHT,1386.35,BBG_BFXFORWARD,2026-09-19T10:31:12+08:00
2026-09-18,USDKRW,2026-11-23,FWD_OUTRIGHT,1385.525,BBG_BFXFORWARD,2026-09-19T10:31:12+08:00
2026-09-18,USDKRW,2026-12-22,FWD_OUTRIGHT,1381.4,BBG_BFXFORWARD,2026-09-18T16:24:23+08:00
2026-09-18,USDKRW,2026-12-23,FWD_OUTRIGHT,1384.15,BBG_BFXFORWARD,2026-09-19T10:31:12+08:00
2026-09-18,USDKRW,2027-01-22,FWD_OUTRIGHT,1380.47,BBG_BFXFORWARD,2026-09-18T16:24:23+08:00
2026-09-18,USDKRW,2027-01-25,FWD_OUTRIGHT,1383.16,BBG_BFXFORWARD,2026-09-19T10:31:12+08:00
2026-09-18,USDKRW,2027-02-22,FWD_OUTRIGHT,1379.54,BBG_BFXFORWARD,2026-09-18T16:24:23+08:00
2026-09-18,USDKRW,2027-02-23,FWD_OUTRIGHT,1382.29,BBG_BFXFORWARD,2026-09-19T10:31:12+08:00
2026-09-18,USDKRW,2027-03-22,FWD_OUTRIGHT,1378.7,BBG_BFXFORWARD,2026-09-18T16:24:23+08:00
2026-09-18,USDKRW,2027-03-23,FWD_OUTRIGHT,1381.45,BBG_BFXFORWARD,2026-09-19T10:31:12+08:00
2026-09-18,USDKRW,2027-06-22,FWD_OUTRIGHT,1374.4,BBG_BFXFORWARD,2026-09-18T16:24:23+08:00
2026-09-18,USDKRW,2027-06-23,FWD_OUTRIGHT,1377.15,BBG_BFXFORWARD,2026-09-19T10:31:12+08:00
2026-09-18,USDKRW,2027-09-22,FWD_OUTRIGHT,1370.1,BBG_BFXFORWARD,2026-09-18T16:24:23+08:00
2026-09-18,USDKRW,2027-09-23,FWD_OUTRIGHT,1372.85,BBG_BFXFORWARD,2026-09-19T10:31:12+08:00
2026-09-18,USDMXN,2026-09-18,FWD_OUTRIGHT,17.22985,BBG_BFXFORWARD,2026-09-18T15:00:00-04:00
2026-09-18,USDMXN,2026-09-18,SPOT,17.22985,BBG_BFXFORWARD,2026-09-18T15:00:00-04:00
2026-09-18,USDMXN,2026-09-21,FWD_OUTRIGHT,17.22985,BBG_INTERP,2026-09-18T15:00:00-04:00
2026-09-18,USDMXN,2026-09-22,FWD_OUTRIGHT,17.22985,BBG_INTERP,2026-09-18T15:00:00-04:00
2026-09-18,USDMXN,2026-09-23,FWD_OUTRIGHT,17.2288,BBG_BFXFORWARD,2026-09-19T10:31:12+08:00
2026-09-18,USDMXN,2026-09-24,FWD_OUTRIGHT,17.2314,BBG_BFXFORWARD,2026-09-19T10:31:12+08:00
2026-09-18,USDMXN,2026-09-29,FWD_OUTRIGHT,17.1577,BBG_BFXFORWARD,2026-09-18T16:24:23+08:00
2026-09-18,USDMXN,2026-09-30,FWD_OUTRIGHT,17.2396,BBG_BFXFORWARD,2026-09-19T10:31:12+08:00
2026-09-18,USDMXN,2026-10-22,FWD_OUTRIGHT,17.1883,BBG_BFXFORWARD,2026-09-18T16:24:23+08:00
2026-09-18,USDMXN,2026-10-23,FWD_OUTRIGHT,17.2702,BBG_BFXFORWARD,2026-09-19T10:31:12+08:00
2026-09-18,USDMXN,2026-11-23,FWD_OUTRIGHT,17.3128,BBG_BFXFORWARD,2026-09-19T10:31:12+08:00
2026-09-18,USDMXN,2026-12-22,FWD_OUTRIGHT,17.2685,BBG_BFXFORWARD,2026-09-18T16:24:23+08:00
2026-09-18,USDMXN,2026-12-23,FWD_OUTRIGHT,17.3506,BBG_BFXFORWARD,2026-09-19T10:31:12+08:00
2026-09-18,USDMXN,2027-01-22,FWD_OUTRIGHT,17.3086,BBG_BFXFORWARD,2026-09-18T16:24:23+08:00
2026-09-18,USDMXN,2027-01-25,FWD_OUTRIGHT,17.3896,BBG_BFXFORWARD,2026-09-19T10:31:12+08:00
2026-09-18,USDMXN,2027-02-22,FWD_OUTRIGHT,17.3476,BBG_BFXFORWARD,2026-09-18T16:24:23+08:00
2026-09-18,USDMXN,2027-02-23,FWD_OUTRIGHT,17.429,BBG_BFXFORWARD,2026-09-19T10:31:12+08:00
2026-09-18,USDMXN,2027-03-22,FWD_OUTRIGHT,17.3833,BBG_BFXFORWARD,2026-09-18T16:24:23+08:00
2026-09-18,USDMXN,2027-03-23,FWD_OUTRIGHT,17.4648,BBG_BFXFORWARD,2026-09-19T10:31:12+08:00
2026-09-18,USDMXN,2027-06-22,FWD_OUTRIGHT,17.4996,BBG_BFXFORWARD,2026-09-18T16:24:23+08:00
2026-09-18,USDMXN,2027-06-23,FWD_OUTRIGHT,17.5831,BBG_BFXFORWARD,2026-09-19T10:31:12+08:00
2026-09-18,USDMXN,2027-09-22,FWD_OUTRIGHT,17.626,BBG_BFXFORWARD,2026-09-18T16:24:23+08:00
2026-09-18,USDMXN,2027-09-23,FWD_OUTRIGHT,17.7071,BBG_BFXFORWARD,2026-09-19T10:31:12+08:00
2026-09-18,USDMXN,2027-12-22,FWD_OUTRIGHT,17.7803,BBG_BFXFORWARD,2026-09-18T16:24:23+08:00
2026-09-18,USDMXN,2027-12-23,FWD_OUTRIGHT,17.852,BBG_BFXFORWARD,2026-09-19T10:31:12+08:00
2026-09-18,USDMXN,2028-03-22,FWD_OUTRIGHT,17.9347,BBG_BFXFORWARD,2026-09-18T16:24:23+08:00
2026-09-18,USDMXN,2028-03-23,FWD_OUTRIGHT,17.9968,BBG_BFXFORWARD,2026-09-19T10:31:12+08:00
2026-09-18,USDMXN,2028-09-22,FWD_OUTRIGHT,18.2558,BBG_BFXFORWARD,2026-09-18T16:24:23+08:00
2026-09-18,USDMXN,2028-09-25,FWD_OUTRIGHT,18.3361,BBG_BFXFORWARD,2026-09-19T10:31:12+08:00
2026-09-18,USDMXN,2029-09-24,FWD_OUTRIGHT,19.1074,BBG_BFXFORWARD,2026-09-19T10:31:12+08:00
2026-09-18,USDMXN,2030-09-23,FWD_OUTRIGHT,19.9811,BBG_BFXFORWARD,2026-09-19T10:31:12+08:00
2026-09-18,USDMXN,2031-09-22,FWD_OUTRIGHT,21.0035,BBG_BFXFORWARD,2026-09-18T16:24:23+08:00
2026-09-18,USDMXN,2031-09-23,FWD_OUTRIGHT,20.9151,BBG_BFXFORWARD,2026-09-19T10:31:12+08:00
2026-09-18,USDNOK,2026-09-18,FWD_OUTRIGHT,9.40965,BBG_BFXFORWARD,2026-09-18T15:00:00-04:00
2026-09-18,USDNOK,2026-09-18,SPOT,9.40965,BBG_BFXFORWARD,2026-09-18T15:00:00-04:00
2026-09-18,USDNOK,2026-09-21,FWD_OUTRIGHT,9.40965,BBG_INTERP,2026-09-18T15:00:00-04:00
2026-09-18,USDNOK,2026-09-22,FWD_OUTRIGHT,9.40965,BBG_INTERP,2026-09-18T15:00:00-04:00
2026-09-18,USDNOK,2026-09-23,FWD_OUTRIGHT,9.4085,BBG_BFXFORWARD,2026-09-19T10:31:12+08:00
2026-09-18,USDNOK,2026-09-24,FWD_OUTRIGHT,9.4086,BBG_BFXFORWARD,2026-09-19T10:31:12+08:00
2026-09-18,USDNOK,2026-09-29,FWD_OUTRIGHT,9.4356,BBG_BFXFORWARD,2026-09-18T16:24:23+08:00
2026-09-18,USDNOK,2026-09-30,FWD_OUTRIGHT,9.4092,BBG_BFXFORWARD,2026-09-19T10:31:12+08:00
2026-09-18,USDNOK,2026-10-22,FWD_OUTRIGHT,9.438,BBG_BFXFORWARD,2026-09-18T16:24:23+08:00
2026-09-18,USDNOK,2026-10-23,FWD_OUTRIGHT,9.4116,BBG_BFXFORWARD,2026-09-19T10:31:12+08:00
2026-09-18,USDNOK,2026-11-23,FWD_OUTRIGHT,9.4144,BBG_BFXFORWARD,2026-09-19T10:31:12+08:00
2026-09-18,USDNOK,2026-12-22,FWD_OUTRIGHT,9.4428,BBG_BFXFORWARD,2026-09-18T16:24:23+08:00
2026-09-18,USDNOK,2026-12-23,FWD_OUTRIGHT,9.4165,BBG_BFXFORWARD,2026-09-19T10:31:12+08:00
2026-09-18,USDNOK,2027-01-22,FWD_OUTRIGHT,9.444,BBG_BFXFORWARD,2026-09-18T16:24:23+08:00
2026-09-18,USDNOK,2027-01-25,FWD_OUTRIGHT,9.4178,BBG_BFXFORWARD,2026-09-19T10:31:12+08:00
2026-09-18,USDNOK,2027-02-22,FWD_OUTRIGHT,9.4458,BBG_BFXFORWARD,2026-09-18T16:24:23+08:00
2026-09-18,USDNOK,2027-02-23,FWD_OUTRIGHT,9.4197,BBG_BFXFORWARD,2026-09-19T10:31:12+08:00
2026-09-18,USDNOK,2027-03-22,FWD_OUTRIGHT,9.4472,BBG_BFXFORWARD,2026-09-18T16:24:23+08:00
2026-09-18,USDNOK,2027-03-23,FWD_OUTRIGHT,9.421,BBG_BFXFORWARD,2026-09-19T10:31:12+08:00
2026-09-18,USDNOK,2027-06-22,FWD_OUTRIGHT,9.448,BBG_BFXFORWARD,2026-09-18T16:24:23+08:00
2026-09-18,USDNOK,2027-06-23,FWD_OUTRIGHT,9.4219,BBG_BFXFORWARD,2026-09-19T10:31:12+08:00
2026-09-18,USDNOK,2027-09-22,FWD_OUTRIGHT,9.4463,BBG_BFXFORWARD,2026-09-18T16:24:23+08:00
2026-09-18,USDNOK,2027-09-23,FWD_OUTRIGHT,9.4201,BBG_BFXFORWARD,2026-09-19T10:31:12+08:00
2026-09-18,USDNOK,2027-12-22,FWD_OUTRIGHT,9.4437,BBG_BFXFORWARD,2026-09-18T16:24:23+08:00
2026-09-18,USDNOK,2027-12-23,FWD_OUTRIGHT,9.4171,BBG_BFXFORWARD,2026-09-19T10:31:12+08:00
2026-09-18,USDNOK,2028-03-22,FWD_OUTRIGHT,9.4409,BBG_BFXFORWARD,2026-09-18T16:24:23+08:00
2026-09-18,USDNOK,2028-03-23,FWD_OUTRIGHT,9.4146,BBG_BFXFORWARD,2026-09-19T10:31:12+08:00
2026-09-18,USDNOK,2028-09-22,FWD_OUTRIGHT,9.4348,BBG_BFXFORWARD,2026-09-18T16:24:23+08:00
2026-09-18,USDNOK,2028-09-25,FWD_OUTRIGHT,9.4083,BBG_BFXFORWARD,2026-09-19T10:31:12+08:00
2026-09-18,USDNOK,2029-09-24,FWD_OUTRIGHT,9.3828,BBG_BFXFORWARD,2026-09-19T10:31:12+08:00
2026-09-18,USDNOK,2030-09-23,FWD_OUTRIGHT,9.3428,BBG_BFXFORWARD,2026-09-19T10:31:12+08:00
2026-09-18,USDNOK,2031-09-22,FWD_OUTRIGHT,9.3246,BBG_BFXFORWARD,2026-09-18T16:24:23+08:00
2026-09-18,USDNOK,2031-09-23,FWD_OUTRIGHT,9.2878,BBG_BFXFORWARD,2026-09-19T10:31:12+08:00
2026-09-18,USDSEK,2026-09-18,FWD_OUTRIGHT,9.8326,BBG_BFXFORWARD,2026-09-18T15:00:00-04:00
2026-09-18,USDSEK,2026-09-18,SPOT,9.8326,BBG_BFXFORWARD,2026-09-18T15:00:00-04:00
2026-09-18,USDSEK,2026-09-21,FWD_OUTRIGHT,9.8326,BBG_INTERP,2026-09-18T15:00:00-04:00
2026-09-18,USDSEK,2026-09-22,FWD_OUTRIGHT,9.8326,BBG_INTERP,2026-09-18T15:00:00-04:00
2026-09-18,USDSEK,2026-09-23,FWD_OUTRIGHT,9.8309,BBG_BFXFORWARD,2026-09-19T10:31:12+08:00
2026-09-18,USDSEK,2026-09-24,FWD_OUTRIGHT,9.8297,BBG_BFXFORWARD,2026-09-19T10:31:12+08:00
2026-09-18,USDSEK,2026-09-29,FWD_OUTRIGHT,9.8092,BBG_BFXFORWARD,2026-09-18T16:24:23+08:00
2026-09-18,USDSEK,2026-09-30,FWD_OUTRIGHT,9.8261,BBG_BFXFORWARD,2026-09-19T10:31:12+08:00
2026-09-18,USDSEK,2026-10-22,FWD_OUTRIGHT,9.7956,BBG_BFXFORWARD,2026-09-18T16:24:23+08:00
2026-09-18,USDSEK,2026-10-23,FWD_OUTRIGHT,9.8125,BBG_BFXFORWARD,2026-09-19T10:31:12+08:00
2026-09-18,USDSEK,2026-11-23,FWD_OUTRIGHT,9.7935,BBG_BFXFORWARD,2026-09-19T10:31:12+08:00
2026-09-18,USDSEK,2026-12-22,FWD_OUTRIGHT,9.7595,BBG_BFXFORWARD,2026-09-18T16:24:23+08:00
2026-09-18,USDSEK,2026-12-23,FWD_OUTRIGHT,9.7764,BBG_BFXFORWARD,2026-09-19T10:31:12+08:00
2026-09-18,USDSEK,2027-01-22,FWD_OUTRIGHT,9.7398,BBG_BFXFORWARD,2026-09-18T16:24:23+08:00
2026-09-18,USDSEK,2027-01-25,FWD_OUTRIGHT,9.7566,BBG_BFXFORWARD,2026-09-19T10:31:12+08:00
2026-09-18,USDSEK,2027-02-22,FWD_OUTRIGHT,9.7225,BBG_BFXFORWARD,2026-09-18T16:24:23+08:00
2026-09-18,USDSEK,2027-02-23,FWD_OUTRIGHT,9.7391,BBG_BFXFORWARD,2026-09-19T10:31:12+08:00
2026-09-18,USDSEK,2027-03-22,FWD_OUTRIGHT,9.7075,BBG_BFXFORWARD,2026-09-18T16:24:23+08:00
2026-09-18,USDSEK,2027-03-23,FWD_OUTRIGHT,9.7241,BBG_BFXFORWARD,2026-09-19T10:31:12+08:00
2026-09-18,USDSEK,2027-06-22,FWD_OUTRIGHT,9.6613,BBG_BFXFORWARD,2026-09-18T16:24:23+08:00
2026-09-18,USDSEK,2027-06-23,FWD_OUTRIGHT,9.6769,BBG_BFXFORWARD,2026-09-19T10:31:12+08:00
2026-09-18,USDSEK,2027-09-22,FWD_OUTRIGHT,9.6182,BBG_BFXFORWARD,2026-09-18T16:24:23+08:00
2026-09-18,USDSEK,2027-09-23,FWD_OUTRIGHT,9.6333,BBG_BFXFORWARD,2026-09-19T10:31:12+08:00
2026-09-18,USDSEK,2027-12-22,FWD_OUTRIGHT,9.5789,BBG_BFXFORWARD,2026-09-18T16:24:23+08:00
2026-09-18,USDSEK,2027-12-23,FWD_OUTRIGHT,9.5926,BBG_BFXFORWARD,2026-09-19T10:31:12+08:00
2026-09-18,USDSEK,2028-03-22,FWD_OUTRIGHT,9.5395,BBG_BFXFORWARD,2026-09-18T16:24:23+08:00
2026-09-18,USDSEK,2028-03-23,FWD_OUTRIGHT,9.5515,BBG_BFXFORWARD,2026-09-19T10:31:12+08:00
2026-09-18,USDSEK,2028-09-22,FWD_OUTRIGHT,9.4665,BBG_BFXFORWARD,2026-09-18T16:24:23+08:00
2026-09-18,USDSEK,2028-09-25,FWD_OUTRIGHT,9.4767,BBG_BFXFORWARD,2026-09-19T10:31:12+08:00
2026-09-18,USDSEK,2029-09-24,FWD_OUTRIGHT,9.3354,BBG_BFXFORWARD,2026-09-19T10:31:12+08:00
2026-09-18,USDSEK,2030-09-23,FWD_OUTRIGHT,9.2103,BBG_BFXFORWARD,2026-09-19T10:31:12+08:00
2026-09-18,USDSEK,2031-09-22,FWD_OUTRIGHT,9.0957,BBG_BFXFORWARD,2026-09-18T16:24:23+08:00
2026-09-18,USDSEK,2031-09-23,FWD_OUTRIGHT,9.0941,BBG_BFXFORWARD,2026-09-19T10:31:12+08:00
2026-09-18,USDSGD,2026-09-18,SPOT,1.2761,BBG_BFXFORWARD,2026-09-18T17:00:00-04:00
2026-09-18,USDTRY,2026-09-18,SPOT,48.7761,BBG_BFXFORWARD,2026-09-18T15:00:00-04:00
2026-09-18,USDTRY,2026-09-21,FWD_OUTRIGHT,48.668,BBG_BFXFORWARD,2026-09-18T16:24:23+08:00
2026-09-18,USDTRY,2026-09-22,FWD_OUTRIGHT,48.6582,BBG_BFXFORWARD,2026-09-19T10:31:12+08:00
2026-09-18,USDTRY,2026-09-23,FWD_OUTRIGHT,48.852242857142855,BBG_INTERP,2026-09-18T15:00:00-04:00
2026-09-18,USDTRY,2026-09-28,FWD_OUTRIGHT,49.0511,BBG_BFXFORWARD,2026-09-18T16:24:23+08:00
2026-09-18,USDTRY,2026-09-29,FWD_OUTRIGHT,49.0438,BBG_BFXFORWARD,2026-09-19T10:31:12+08:00
2026-09-18,USDTRY,2026-10-21,FWD_OUTRIGHT,50.015,BBG_BFXFORWARD,2026-09-18T16:24:23+08:00
2026-09-18,USDTRY,2026-10-22,FWD_OUTRIGHT,49.9978,BBG_BFXFORWARD,2026-09-19T10:31:12+08:00
2026-09-18,USDTRY,2026-11-23,FWD_OUTRIGHT,51.3803,BBG_BFXFORWARD,2026-09-19T10:31:12+08:00
2026-09-18,USDTRY,2026-12-21,FWD_OUTRIGHT,52.5915,BBG_BFXFORWARD,2026-09-18T16:24:23+08:00
2026-09-18,USDTRY,2026-12-22,FWD_OUTRIGHT,52.5721,BBG_BFXFORWARD,2026-09-19T10:31:12+08:00
2026-09-18,USDTRY,2027-01-21,FWD_OUTRIGHT,53.9334,BBG_BFXFORWARD,2026-09-18T16:24:23+08:00
2026-09-18,USDTRY,2027-01-22,FWD_OUTRIGHT,53.8998,BBG_BFXFORWARD,2026-09-19T10:31:12+08:00
2026-09-18,USDTRY,2027-02-22,FWD_OUTRIGHT,55.2944,BBG_BFXFORWARD,2026-09-19T10:31:12+08:00
2026-09-18,USDTRY,2027-03-22,FWD_OUTRIGHT,56.5419,BBG_BFXFORWARD,2026-09-19T10:31:12+08:00
2026-09-18,USDTRY,2027-06-21,FWD_OUTRIGHT,60.8929,BBG_BFXFORWARD,2026-09-18T16:24:23+08:00
2026-09-18,USDTRY,2027-06-22,FWD_OUTRIGHT,60.8195,BBG_BFXFORWARD,2026-09-19T10:31:12+08:00
2026-09-18,USDTRY,2027-09-21,FWD_OUTRIGHT,65.5862,BBG_BFXFORWARD,2026-09-18T16:24:23+08:00
2026-09-18,USDTRY,2027-09-22,FWD_OUTRIGHT,65.4908,BBG_BFXFORWARD,2026-09-19T10:31:12+08:00
2026-09-18,USDTRY,2027-12-21,FWD_OUTRIGHT,70.9496,BBG_BFXFORWARD,2026-09-18T16:24:23+08:00
2026-09-18,USDTRY,2027-12-22,FWD_OUTRIGHT,70.716,BBG_BFXFORWARD,2026-09-19T10:31:12+08:00
2026-09-18,USDTRY,2028-03-21,FWD_OUTRIGHT,76.2306,BBG_BFXFORWARD,2026-09-18T16:24:23+08:00
2026-09-18,USDTRY,2028-03-22,FWD_OUTRIGHT,76.0265,BBG_BFXFORWARD,2026-09-19T10:31:12+08:00
2026-09-18,USDTRY,2028-09-21,FWD_OUTRIGHT,89.6499,BBG_BFXFORWARD,2026-09-18T16:24:23+08:00
2026-09-18,USDTRY,2028-09-22,FWD_OUTRIGHT,89.3612,BBG_BFXFORWARD,2026-09-19T10:31:12+08:00
2026-09-18,USDTRY,2029-09-21,FWD_OUTRIGHT,117.4566,BBG_BFXFORWARD,2026-09-18T16:24:23+08:00
2026-09-18,USDTRY,2029-09-24,FWD_OUTRIGHT,117.7892,BBG_BFXFORWARD,2026-09-19T10:31:12+08:00
2026-09-18,USDTRY,2030-09-23,FWD_OUTRIGHT,151.4471,BBG_BFXFORWARD,2026-09-19T10:31:12+08:00
2026-09-18,USDTRY,2031-09-22,FWD_OUTRIGHT,169.373,BBG_BFXFORWARD,2026-09-19T10:31:12+08:00
2026-09-18,USDTWD,2026-09-18,SPOT,31.801,BBG_BFXFORWARD,2026-09-19T10:31:12+08:00
2026-09-18,USDTWD,2026-09-21,FWD_OUTRIGHT,31.801,BBG_BFXFORWARD,2026-09-18T16:24:23+08:00
2026-09-18,USDTWD,2026-09-21,FWD_OUTRIGHT,31.801,BBG_INTERP,2026-09-19T10:31:12+08:00
2026-09-18,USDTWD,2026-09-22,FWD_OUTRIGHT,31.801,BBG_BFXFORWARD,2026-09-19T10:31:12+08:00
2026-09-18,USDTWD,2026-09-23,FWD_OUTRIGHT,31.801,BBG_BFXFORWARD,2026-09-19T10:31:12+08:00
2026-09-18,USDZAR,2026-09-18,FWD_OUTRIGHT,16.2528,BBG_BFXFORWARD,2026-09-18T15:00:00-04:00
2026-09-18,USDZAR,2026-09-18,SPOT,16.2528,BBG_BFXFORWARD,2026-09-18T15:00:00-04:00
2026-09-18,USDZAR,2026-09-21,FWD_OUTRIGHT,16.2528,BBG_INTERP,2026-09-18T15:00:00-04:00
2026-09-18,USDZAR,2026-09-22,FWD_OUTRIGHT,16.2528,BBG_INTERP,2026-09-18T15:00:00-04:00
2026-09-18,USDZAR,2026-09-23,FWD_OUTRIGHT,16.2516,BBG_BFXFORWARD,2026-09-19T10:31:12+08:00
2026-09-18,USDZAR,2026-09-25,FWD_OUTRIGHT,16.2532,BBG_BFXFORWARD,2026-09-19T10:31:12+08:00
2026-09-18,USDZAR,2026-09-29,FWD_OUTRIGHT,16.2605,BBG_BFXFORWARD,2026-09-18T16:24:23+08:00
2026-09-18,USDZAR,2026-09-30,FWD_OUTRIGHT,16.2588,BBG_BFXFORWARD,2026-09-19T10:31:12+08:00
2026-09-18,USDZAR,2026-10-13,FWD_OUTRIGHT,16.274021875000003,BBG_INTERP,2026-09-18T15:00:00-04:00
2026-09-18,USDZAR,2026-10-22,FWD_OUTRIGHT,16.285,BBG_BFXFORWARD,2026-09-18T16:24:23+08:00
2026-09-18,USDZAR,2026-10-23,FWD_OUTRIGHT,16.2836,BBG_BFXFORWARD,2026-09-19T10:31:12+08:00
2026-09-18,USDZAR,2026-11-23,FWD_OUTRIGHT,16.3179,BBG_BFXFORWARD,2026-09-19T10:31:12+08:00
2026-09-18,USDZAR,2026-12-22,FWD_OUTRIGHT,16.3502,BBG_BFXFORWARD,2026-09-18T16:24:23+08:00
2026-09-18,USDZAR,2026-12-23,FWD_OUTRIGHT,16.3485,BBG_BFXFORWARD,2026-09-19T10:31:12+08:00
2026-09-18,USDZAR,2027-01-22,FWD_OUTRIGHT,16.383,BBG_BFXFORWARD,2026-09-18T16:24:23+08:00
2026-09-18,USDZAR,2027-01-25,FWD_OUTRIGHT,16.3816,BBG_BFXFORWARD,2026-09-19T10:31:12+08:00
2026-09-18,USDZAR,2027-02-22,FWD_OUTRIGHT,16.416,BBG_BFXFORWARD,2026-09-18T16:24:23+08:00
2026-09-18,USDZAR,2027-02-23,FWD_OUTRIGHT,16.4157,BBG_BFXFORWARD,2026-09-19T10:31:12+08:00
2026-09-18,USDZAR,2027-03-23,FWD_OUTRIGHT,16.4477,BBG_BFXFORWARD,2026-09-19T10:31:12+08:00
2026-09-18,USDZAR,2027-06-22,FWD_OUTRIGHT,16.5453,BBG_BFXFORWARD,2026-09-18T16:24:23+08:00
2026-09-18,USDZAR,2027-06-23,FWD_OUTRIGHT,16.5491,BBG_BFXFORWARD,2026-09-19T10:31:12+08:00
2026-09-18,USDZAR,2027-09-22,FWD_OUTRIGHT,16.6403,BBG_BFXFORWARD,2026-09-18T16:24:23+08:00
2026-09-18,USDZAR,2027-09-23,FWD_OUTRIGHT,16.6464,BBG_BFXFORWARD,2026-09-19T10:31:12+08:00
2026-09-18,USDZAR,2027-12-22,FWD_OUTRIGHT,16.7454,BBG_BFXFORWARD,2026-09-18T16:24:23+08:00
2026-09-18,USDZAR,2027-12-23,FWD_OUTRIGHT,16.7478,BBG_BFXFORWARD,2026-09-19T10:31:12+08:00
2026-09-18,USDZAR,2028-03-22,FWD_OUTRIGHT,16.8583,BBG_BFXFORWARD,2026-09-18T16:24:23+08:00
2026-09-18,USDZAR,2028-03-23,FWD_OUTRIGHT,16.8609,BBG_BFXFORWARD,2026-09-19T10:31:12+08:00
2026-09-18,USDZAR,2028-09-22,FWD_OUTRIGHT,17.0802,BBG_BFXFORWARD,2026-09-18T16:24:23+08:00
2026-09-18,USDZAR,2028-09-26,FWD_OUTRIGHT,17.0776,BBG_BFXFORWARD,2026-09-19T10:31:12+08:00
2026-09-18,USDZAR,2029-09-25,FWD_OUTRIGHT,17.5658,BBG_BFXFORWARD,2026-09-19T10:31:12+08:00
2026-09-18,USDZAR,2030-09-23,FWD_OUTRIGHT,18.0922,BBG_BFXFORWARD,2026-09-19T10:31:12+08:00
2026-09-18,USDZAR,2031-09-22,FWD_OUTRIGHT,18.7127,BBG_BFXFORWARD,2026-09-18T16:24:23+08:00
2026-09-18,USDZAR,2031-09-23,FWD_OUTRIGHT,18.7066,BBG_BFXFORWARD,2026-09-19T10:31:12+08:00
2026-09-18,USDZAR101326C-198564638,2026-10-09,DELTA,0.42749949009926264,QL_OPTIONS_PRICER,2026-09-18T15:00:00-04:00
2026-09-18,USDZAR101326C-198564638,2026-10-09,GAMMA,0.9406943293666785,QL_OPTIONS_PRICER,2026-09-18T15:00:00-04:00
2026-09-18,USDZAR101326C-198564638,2026-10-09,PREMIUM,0.007937258239109206,QL_OPTIONS_PRICER,2026-09-18T15:00:00-04:00
2026-09-18,USDZAR101326C-198564638,2026-10-09,RHO,0.003923295394014015,QL_OPTIONS_PRICER,2026-09-18T15:00:00-04:00
2026-09-18,USDZAR101326C-198564638,2026-10-09,THETA,-0.00419816895440112,QL_OPTIONS_PRICER,2026-09-18T15:00:00-04:00
2026-09-18,USDZAR101326C-198564638,2026-10-09,VEGA,0.015191292367870608,QL_OPTIONS_PRICER,2026-09-18T15:00:00-04:00
2026-09-18,XAUUSD,2026-09-18,FWD_OUTRIGHT,4382.255,BBG_BFXFORWARD,2026-09-18T15:00:00-04:00
2026-09-18,XAUUSD,2026-09-18,SPOT,4382.255,BBG_BFXFORWARD,2026-09-18T15:00:00-04:00
2026-09-18,XAUUSD,2026-09-21,FWD_OUTRIGHT,4379.504825,BBG_INTERP,2026-09-19T10:31:12+08:00
2026-09-18,XAUUSD,2026-09-22,FWD_OUTRIGHT,4379.796433333333,BBG_INTERP,2026-09-19T10:31:12+08:00
2026-09-18,XAUUSD,2026-09-29,FWD_OUTRIGHT,4395.3847,BBG_BFXFORWARD,2026-09-18T16:24:23+08:00
2026-09-18,XAUUSD,2026-09-30,FWD_OUTRIGHT,4382.1293,BBG_BFXFORWARD,2026-09-19T10:31:12+08:00
2026-09-18,XAUUSD,2026-10-15,FWD_OUTRIGHT,4389.806169565217,BBG_INTERP,2026-09-19T10:31:12+08:00
2026-09-18,XAUUSD,2026-10-22,FWD_OUTRIGHT,4407.1799,BBG_BFXFORWARD,2026-09-18T16:24:23+08:00
2026-09-18,XAUUSD,2026-10-23,FWD_OUTRIGHT,4393.9005,BBG_BFXFORWARD,2026-09-19T10:31:12+08:00
2026-09-18,XAUUSD,2026-11-23,FWD_OUTRIGHT,4409.9767,BBG_BFXFORWARD,2026-09-19T10:31:12+08:00
2026-09-18,XAUUSD,2026-12-22,FWD_OUTRIGHT,4439.1379,BBG_BFXFORWARD,2026-09-18T16:24:23+08:00
2026-09-18,XAUUSD,2026-12-23,FWD_OUTRIGHT,4425.8912,BBG_BFXFORWARD,2026-09-19T10:31:12+08:00
2026-09-18,XAUUSD,2027-01-22,FWD_OUTRIGHT,4457.0346,BBG_BFXFORWARD,2026-09-18T16:24:23+08:00
2026-09-18,XAUUSD,2027-01-25,FWD_OUTRIGHT,4445.2922,BBG_BFXFORWARD,2026-09-19T10:31:12+08:00
2026-09-18,XAUUSD,2027-02-22,FWD_OUTRIGHT,4474.6258,BBG_BFXFORWARD,2026-09-18T16:24:23+08:00
2026-09-18,XAUUSD,2027-02-23,FWD_OUTRIGHT,4461.813,BBG_BFXFORWARD,2026-09-19T10:31:12+08:00
2026-09-18,XAUUSD,2027-03-22,FWD_OUTRIGHT,4491.2105,BBG_BFXFORWARD,2026-09-18T16:24:23+08:00
2026-09-18,XAUUSD,2027-03-23,FWD_OUTRIGHT,4477.5864,BBG_BFXFORWARD,2026-09-19T10:31:12+08:00
2026-09-18,XAUUSD,2027-06-22,FWD_OUTRIGHT,4545.7133,BBG_BFXFORWARD,2026-09-18T16:24:23+08:00
2026-09-18,XAUUSD,2027-06-23,FWD_OUTRIGHT,4532.3674,BBG_BFXFORWARD,2026-09-19T10:31:12+08:00
2026-09-18,XAUUSD,2027-09-22,FWD_OUTRIGHT,4600.6833,BBG_BFXFORWARD,2026-09-18T16:24:23+08:00
2026-09-18,XAUUSD,2027-09-23,FWD_OUTRIGHT,4588.8377,BBG_BFXFORWARD,2026-09-19T10:31:12+08:00
2026-09-18,XAUUSD,2028-03-22,FWD_OUTRIGHT,4704.8164,BBG_BFXFORWARD,2026-09-18T16:24:23+08:00
2026-09-18,XAUUSD,2028-03-23,FWD_OUTRIGHT,4694.6515,BBG_BFXFORWARD,2026-09-19T10:31:12+08:00
2026-09-18,XAUUSD,2028-09-22,FWD_OUTRIGHT,4814.5528,BBG_BFXFORWARD,2026-09-18T16:24:23+08:00
2026-09-18,XAUUSD,2028-09-25,FWD_OUTRIGHT,4806.1223,BBG_BFXFORWARD,2026-09-19T10:31:12+08:00
2026-09-18,XAUUSD,2029-09-24,FWD_OUTRIGHT,5012.4063,BBG_BFXFORWARD,2026-09-19T10:31:12+08:00
2026-09-18,XAUUSD,2030-09-23,FWD_OUTRIGHT,5217.3712,BBG_BFXFORWARD,2026-09-19T10:31:12+08:00
2026-09-18,XAUUSD,2031-09-22,FWD_OUTRIGHT,5427.6982,BBG_BFXFORWARD,2026-09-18T16:24:23+08:00
2026-09-18,XAUUSD,2031-09-23,FWD_OUTRIGHT,5424.692,BBG_BFXFORWARD,2026-09-19T10:31:12+08:00
2026-09-18,XAUUSD101526C-199095048,2026-10-15,DELTA,0.6293187623348592,QL_OPTIONS_PRICER,2026-09-18T15:00:00-04:00
2026-09-18,XAUUSD101526C-199095048,2026-10-15,GAMMA,0.0015128302221097502,QL_OPTIONS_PRICER,2026-09-18T15:00:00-04:00
2026-09-18,XAUUSD101526C-199095048,2026-10-15,PREMIUM,0.03204529871603068,QL_OPTIONS_PRICER,2026-09-18T15:00:00-04:00
2026-09-18,XAUUSD101526C-199095048,2026-10-15,RHO,1.936162323353291,QL_OPTIONS_PRICER,2026-09-18T15:00:00-04:00
2026-09-18,XAUUSD101526C-199095048,2026-10-15,THETA,-1.9013699793852827,QL_OPTIONS_PRICER,2026-09-18T15:00:00-04:00
2026-09-18,XAUUSD101526C-199095048,2026-10-15,VEGA,4.477157834180715,QL_OPTIONS_PRICER,2026-09-18T15:00:00-04:00
2026-09-18,XAUUSD101526C-199343748,2026-10-15,DELTA,0.6293187623348592,QL_OPTIONS_PRICER,2026-09-18T15:00:00-04:00
2026-09-18,XAUUSD101526C-199343748,2026-10-15,GAMMA,0.0015128302221097502,QL_OPTIONS_PRICER,2026-09-18T15:00:00-04:00
2026-09-18,XAUUSD101526C-199343748,2026-10-15,PREMIUM,0.03204529871603068,QL_OPTIONS_PRICER,2026-09-18T15:00:00-04:00
2026-09-18,XAUUSD101526C-199343748,2026-10-15,RHO,1.936162323353291,QL_OPTIONS_PRICER,2026-09-18T15:00:00-04:00
2026-09-18,XAUUSD101526C-199343748,2026-10-15,THETA,-1.9013699793852827,QL_OPTIONS_PRICER,2026-09-18T15:00:00-04:00
2026-09-18,XAUUSD101526C-199343748,2026-10-15,VEGA,4.477157834180715,QL_OPTIONS_PRICER,2026-09-18T15:00:00-04:00
2026-09-18,XAUUSD101526P-199095036,2026-10-15,DELTA,-0.3694886440576415,QL_OPTIONS_PRICER,2026-09-18T15:00:00-04:00
2026-09-18,XAUUSD101526P-199095036,2026-10-15,GAMMA,0.0015128302221097502,QL_OPTIONS_PRICER,2026-09-18T15:00:00-04:00
2026-09-18,XAUUSD101526P-199095036,2026-10-15,PREMIUM,0.014945104334267448,QL_OPTIONS_PRICER,2026-09-18T15:00:00-04:00
2026-09-18,XAUUSD101526P-199095036,2026-10-15,RHO,-1.2462066118793986,QL_OPTIONS_PRICER,2026-09-18T15:00:00-04:00
2026-09-18,XAUUSD101526P-199095036,2026-10-15,THETA,-1.630361277749781,QL_OPTIONS_PRICER,2026-09-18T15:00:00-04:00
2026-09-18,XAUUSD101526P-199095036,2026-10-15,VEGA,4.477157834180715,QL_OPTIONS_PRICER,2026-09-18T15:00:00-04:00
2026-09-18,XAUUSD101526P-199343700,2026-10-15,DELTA,-0.3694886440576415,QL_OPTIONS_PRICER,2026-09-18T15:00:00-04:00
2026-09-18,XAUUSD101526P-199343700,2026-10-15,GAMMA,0.0015128302221097502,QL_OPTIONS_PRICER,2026-09-18T15:00:00-04:00
2026-09-18,XAUUSD101526P-199343700,2026-10-15,PREMIUM,0.014945104334267448,QL_OPTIONS_PRICER,2026-09-18T15:00:00-04:00
2026-09-18,XAUUSD101526P-199343700,2026-10-15,RHO,-1.2462066118793986,QL_OPTIONS_PRICER,2026-09-18T15:00:00-04:00
2026-09-18,XAUUSD101526P-199343700,2026-10-15,THETA,-1.630361277749781,QL_OPTIONS_PRICER,2026-09-18T15:00:00-04:00
2026-09-18,XAUUSD101526P-199343700,2026-10-15,VEGA,4.477157834180715,QL_OPTIONS_PRICER,2026-09-18T15:00:00-04:00
2026-09-19,AUDUSD,2026-09-19,SPOT,0.7121,BBG_BFXFORWARD,2026-09-20T00:46:54+08:00
2026-09-19,AUDUSD,2026-09-21,FWD_OUTRIGHT,0.7121666666666667,BBG_INTERP,2026-09-20T00:46:54+08:00
2026-09-19,AUDUSD,2026-09-22,FWD_OUTRIGHT,0.7122,BBG_BFXFORWARD,2026-09-20T00:46:54+08:00
2026-09-19,AUDUSD,2026-09-23,FWD_OUTRIGHT,0.7122,BBG_BFXFORWARD,2026-09-20T00:46:54+08:00
2026-09-19,AUDUSD,2026-09-24,FWD_OUTRIGHT,0.7121,BBG_BFXFORWARD,2026-09-20T00:46:54+08:00
2026-09-19,AUDUSD,2026-09-28,FWD_OUTRIGHT,0.7121,BBG_INTERP,2026-09-20T00:46:54+08:00
2026-09-19,AUDUSD,2026-09-30,FWD_OUTRIGHT,0.7121,BBG_BFXFORWARD,2026-09-20T00:46:54+08:00
2026-09-19,AUDUSD,2026-10-23,FWD_OUTRIGHT,0.7118,BBG_BFXFORWARD,2026-09-20T00:46:54+08:00
2026-09-19,AUDUSD,2026-11-23,FWD_OUTRIGHT,0.7115,BBG_BFXFORWARD,2026-09-20T00:46:54+08:00
2026-09-19,AUDUSD,2026-12-23,FWD_OUTRIGHT,0.7112,BBG_BFXFORWARD,2026-09-20T00:46:54+08:00
2026-09-19,AUDUSD,2027-01-25,FWD_OUTRIGHT,0.7109,BBG_BFXFORWARD,2026-09-20T00:46:54+08:00
2026-09-19,AUDUSD,2027-02-23,FWD_OUTRIGHT,0.7106,BBG_BFXFORWARD,2026-09-20T00:46:54+08:00
2026-09-19,AUDUSD,2027-03-23,FWD_OUTRIGHT,0.7104,BBG_BFXFORWARD,2026-09-20T00:46:54+08:00
2026-09-19,AUDUSD,2027-06-23,FWD_OUTRIGHT,0.7097,BBG_BFXFORWARD,2026-09-20T00:46:54+08:00
2026-09-19,AUDUSD,2027-09-23,FWD_OUTRIGHT,0.7092,BBG_BFXFORWARD,2026-09-20T00:46:54+08:00
2026-09-19,AUDUSD,2027-12-23,FWD_OUTRIGHT,0.7086,BBG_BFXFORWARD,2026-09-20T00:46:54+08:00
2026-09-19,AUDUSD,2028-03-23,FWD_OUTRIGHT,0.7082,BBG_BFXFORWARD,2026-09-20T00:46:54+08:00
2026-09-19,AUDUSD,2028-09-25,FWD_OUTRIGHT,0.7074,BBG_BFXFORWARD,2026-09-20T00:46:54+08:00
2026-09-19,AUDUSD,2029-09-24,FWD_OUTRIGHT,0.7051,BBG_BFXFORWARD,2026-09-20T00:46:54+08:00
2026-09-19,AUDUSD,2030-09-23,FWD_OUTRIGHT,0.7016,BBG_BFXFORWARD,2026-09-20T00:46:54+08:00
2026-09-19,AUDUSD,2031-09-23,FWD_OUTRIGHT,0.6975,BBG_BFXFORWARD,2026-09-20T00:46:54+08:00
2026-09-19,ESZ6 Index,2026-12-18,FUTURE_PX,7712.5,BBG_BDH,2026-09-19T17:00:00-04:00
2026-09-19,EURSEK,2026-09-19,SPOT,11.2913,BBG_BFXFORWARD,2026-09-20T00:46:54+08:00
2026-09-19,EURSEK,2026-09-22,FWD_OUTRIGHT,11.2914,BBG_BFXFORWARD,2026-09-20T00:46:54+08:00
2026-09-19,EURSEK,2026-09-23,FWD_OUTRIGHT,11.2908,BBG_BFXFORWARD,2026-09-20T00:46:54+08:00
2026-09-19,EURSEK,2026-09-24,FWD_OUTRIGHT,11.2904,BBG_BFXFORWARD,2026-09-20T00:46:54+08:00
2026-09-19,EURSEK,2026-09-25,FWD_OUTRIGHT,11.29015,BBG_INTERP,2026-09-20T00:46:54+08:00
2026-09-19,EURSEK,2026-09-30,FWD_OUTRIGHT,11.2889,BBG_BFXFORWARD,2026-09-20T00:46:54+08:00
2026-09-19,EURSEK,2026-10-23,FWD_OUTRIGHT,11.2838,BBG_BFXFORWARD,2026-09-20T00:46:54+08:00
2026-09-19,EURSEK,2026-11-23,FWD_OUTRIGHT,11.2766,BBG_BFXFORWARD,2026-09-20T00:46:54+08:00
2026-09-19,EURSEK,2026-11-25,FWD_OUTRIGHT,11.276206666666667,BBG_INTERP,2026-09-20T00:46:54+08:00
2026-09-19,EURSEK,2026-11-27,FWD_OUTRIGHT,11.275813333333334,BBG_INTERP,2026-09-20T00:46:54+08:00
2026-09-19,EURSEK,2026-12-23,FWD_OUTRIGHT,11.2707,BBG_BFXFORWARD,2026-09-20T00:46:54+08:00
2026-09-19,EURSEK,2027-01-25,FWD_OUTRIGHT,11.2627,BBG_BFXFORWARD,2026-09-20T00:46:54+08:00
2026-09-19,EURSEK,2027-02-23,FWD_OUTRIGHT,11.2565,BBG_BFXFORWARD,2026-09-20T00:46:54+08:00
2026-09-19,EURSEK,2027-03-23,FWD_OUTRIGHT,11.2515,BBG_BFXFORWARD,2026-09-20T00:46:54+08:00
2026-09-19,EURSEK,2027-06-23,FWD_OUTRIGHT,11.2369,BBG_BFXFORWARD,2026-09-20T00:46:54+08:00
2026-09-19,EURSEK,2027-09-23,FWD_OUTRIGHT,11.2262,BBG_BFXFORWARD,2026-09-20T00:46:54+08:00
2026-09-19,EURSEK,2027-12-23,FWD_OUTRIGHT,11.2171,BBG_BFXFORWARD,2026-09-20T00:46:54+08:00
2026-09-19,EURSEK,2028-03-23,FWD_OUTRIGHT,11.2083,BBG_BFXFORWARD,2026-09-20T00:46:54+08:00
2026-09-19,EURSEK,2028-09-25,FWD_OUTRIGHT,11.1977,BBG_BFXFORWARD,2026-09-20T00:46:54+08:00
2026-09-19,EURSEK,2029-09-24,FWD_OUTRIGHT,11.1795,BBG_BFXFORWARD,2026-09-20T00:46:54+08:00
2026-09-19,EURSEK,2030-09-23,FWD_OUTRIGHT,11.173,BBG_BFXFORWARD,2026-09-20T00:46:54+08:00
2026-09-19,EURSEK,2031-09-23,FWD_OUTRIGHT,11.1753,BBG_BFXFORWARD,2026-09-20T00:46:54+08:00
2026-09-19,EURUSD,2026-09-19,SPOT,1.1486,BBG_BFXFORWARD,2026-09-20T00:46:54+08:00
2026-09-19,EURUSD,2026-09-21,FWD_OUTRIGHT,1.1484,BBG_INTERP,2026-09-20T00:46:54+08:00
2026-09-19,EURUSD,2026-09-22,FWD_OUTRIGHT,1.1483,BBG_BFXFORWARD,2026-09-20T00:46:54+08:00
2026-09-19,EURUSD,2026-09-23,FWD_OUTRIGHT,1.1485,BBG_BFXFORWARD,2026-09-20T00:46:54+08:00
2026-09-19,EURUSD,2026-09-24,FWD_OUTRIGHT,1.1486,BBG_BFXFORWARD,2026-09-20T00:46:54+08:00
2026-09-19,EURUSD,2026-09-30,FWD_OUTRIGHT,1.1489,BBG_BFXFORWARD,2026-09-20T00:46:54+08:00
2026-09-19,EURUSD,2026-10-23,FWD_OUTRIGHT,1.1499,BBG_BFXFORWARD,2026-09-20T00:46:54+08:00
2026-09-19,EURUSD,2026-11-23,FWD_OUTRIGHT,1.1514,BBG_BFXFORWARD,2026-09-20T00:46:54+08:00
2026-09-19,EURUSD,2026-12-23,FWD_OUTRIGHT,1.1529,BBG_BFXFORWARD,2026-09-20T00:46:54+08:00
2026-09-19,EURUSD,2027-01-25,FWD_OUTRIGHT,1.1544,BBG_BFXFORWARD,2026-09-20T00:46:54+08:00
2026-09-19,EURUSD,2027-02-23,FWD_OUTRIGHT,1.1558,BBG_BFXFORWARD,2026-09-20T00:46:54+08:00
2026-09-19,EURUSD,2027-03-23,FWD_OUTRIGHT,1.1571,BBG_BFXFORWARD,2026-09-20T00:46:54+08:00
2026-09-19,EURUSD,2027-06-23,FWD_OUTRIGHT,1.1612,BBG_BFXFORWARD,2026-09-20T00:46:54+08:00
2026-09-19,EURUSD,2027-09-23,FWD_OUTRIGHT,1.1653,BBG_BFXFORWARD,2026-09-20T00:46:54+08:00
2026-09-19,EURUSD,2027-12-23,FWD_OUTRIGHT,1.1693,BBG_BFXFORWARD,2026-09-20T00:46:54+08:00
2026-09-19,EURUSD,2028-03-23,FWD_OUTRIGHT,1.1735,BBG_BFXFORWARD,2026-09-20T00:46:54+08:00
2026-09-19,EURUSD,2028-09-25,FWD_OUTRIGHT,1.1816,BBG_BFXFORWARD,2026-09-20T00:46:54+08:00
2026-09-19,EURUSD,2029-09-24,FWD_OUTRIGHT,1.1975,BBG_BFXFORWARD,2026-09-20T00:46:54+08:00
2026-09-19,EURUSD,2030-09-23,FWD_OUTRIGHT,1.2131,BBG_BFXFORWARD,2026-09-20T00:46:54+08:00
2026-09-19,EURUSD,2031-09-23,FWD_OUTRIGHT,1.2288,BBG_BFXFORWARD,2026-09-20T00:46:54+08:00
2026-09-19,IRSOIS-USD-22860996,2027-02-11,CASHFLOW_USD,0.0,QL_PRICER,2026-09-19T17:00:00-04:00
2026-09-19,IRSOIS-USD-22860996,2027-02-11,DV01_USD,-15343.643796110526,QL_PRICER,2026-09-19T17:00:00-04:00
2026-09-19,IRSOIS-USD-22860996,2027-02-11,PAR_RATE,0.04202549389821308,QL_PRICER,2026-09-19T17:00:00-04:00
2026-09-19,IRSOIS-USD-22860996,2027-02-11,PV_USD,-345726.9440170098,QL_PRICER,2026-09-19T17:00:00-04:00
2026-09-19,IRSOIS-USD-22870318,2027-02-11,CASHFLOW_USD,0.0,QL_PRICER,2026-09-19T17:00:00-04:00
2026-09-19,IRSOIS-USD-22870318,2027-02-11,DV01_USD,-24423.28069122322,QL_PRICER,2026-09-19T17:00:00-04:00
2026-09-19,IRSOIS-USD-22870318,2027-02-11,PAR_RATE,0.04202549389783019,QL_PRICER,2026-09-19T17:00:00-04:00
2026-09-19,IRSOIS-USD-22870318,2027-02-11,PV_USD,-644376.8703794945,QL_PRICER,2026-09-19T17:00:00-04:00
2026-09-19,IRSOIS-USD-22907452,2027-02-11,CASHFLOW_USD,0.0,QL_PRICER,2026-09-19T17:00:00-04:00
2026-09-19,IRSOIS-USD-22907452,2027-02-11,DV01_USD,9891.87554311566,QL_PRICER,2026-09-19T17:00:00-04:00
2026-09-19,IRSOIS-USD-22907452,2027-02-11,PAR_RATE,0.04202549389782977,QL_PRICER,2026-09-19T17:00:00-04:00
2026-09-19,IRSOIS-USD-22907452,2027-02-11,PV_USD,325878.7866987805,QL_PRICER,2026-09-19T17:00:00-04:00
2026-09-19,IRSOIS-USD-22919058,2028-11-11,CASHFLOW_USD,0.0,QL_PRICER,2026-09-19T17:00:00-04:00
2026-09-19,IRSOIS-USD-22919058,2028-11-11,DV01_USD,-29495.596590084955,QL_PRICER,2026-09-19T17:00:00-04:00
2026-09-19,IRSOIS-USD-22919058,2028-11-11,PAR_RATE,0.0468341826502133,QL_PRICER,2026-09-19T17:00:00-04:00
2026-09-19,IRSOIS-USD-22919058,2028-11-11,PV_USD,-1806624.5944233146,QL_PRICER,2026-09-19T17:00:00-04:00
2026-09-19,IRSOIS-USD-22919059,2027-02-11,CASHFLOW_USD,0.0,QL_PRICER,2026-09-19T17:00:00-04:00
2026-09-19,IRSOIS-USD-22919059,2027-02-11,DV01_USD,29864.16949843988,QL_PRICER,2026-09-19T17:00:00-04:00
2026-09-19,IRSOIS-USD-22919059,2027-02-11,PAR_RATE,0.042025493897829655,QL_PRICER,2026-09-19T17:00:00-04:00
2026-09-19,IRSOIS-USD-22919059,2027-02-11,PV_USD,933268.0217321478,QL_PRICER,2026-09-19T17:00:00-04:00
2026-09-19,IRSOIS-USD-22927109,2028-11-11,CASHFLOW_USD,0.0,QL_PRICER,2026-09-19T17:00:00-04:00
2026-09-19,IRSOIS-USD-22927109,2028-11-11,DV01_USD,16628.771050164476,QL_PRICER,2026-09-19T17:00:00-04:00
2026-09-19,IRSOIS-USD-22927109,2028-11-11,PAR_RATE,0.04683418265021332,QL_PRICER,2026-09-19T17:00:00-04:00
2026-09-19,IRSOIS-USD-22927109,2028-11-11,PV_USD,1042310.8177610133,QL_PRICER,2026-09-19T17:00:00-04:00
2026-09-19,IRSOIS-USD-22927110,2028-11-11,CASHFLOW_USD,0.0,QL_PRICER,2026-09-19T17:00:00-04:00
2026-09-19,IRSOIS-USD-22927110,2028-11-11,DV01_USD,12858.523125239648,QL_PRICER,2026-09-19T17:00:00-04:00
2026-09-19,IRSOIS-USD-22927110,2028-11-11,PAR_RATE,0.04683418265021326,QL_PRICER,2026-09-19T17:00:00-04:00
2026-09-19,IRSOIS-USD-22927110,2028-11-11,PV_USD,816502.0266707204,QL_PRICER,2026-09-19T17:00:00-04:00
2026-09-19,IRSOIS-USD-22931939,2027-11-24,CASHFLOW_USD,0.0,QL_PRICER,2026-09-19T17:00:00-04:00
2026-09-19,IRSOIS-USD-22931939,2027-11-24,DV01_USD,14724.10483943019,QL_PRICER,2026-09-19T17:00:00-04:00
2026-09-19,IRSOIS-USD-22931939,2027-11-24,PAR_RATE,0.04628098163143257,QL_PRICER,2026-09-19T17:00:00-04:00
2026-09-19,IRSOIS-USD-22931939,2027-11-24,PV_USD,821640.030113264,QL_PRICER,2026-09-19T17:00:00-04:00
2026-09-19,IRSOIS-USD-22931948,2027-11-24,CASHFLOW_USD,0.0,QL_PRICER,2026-09-19T17:00:00-04:00
2026-09-19,IRSOIS-USD-22931948,2027-11-24,DV01_USD,9929.028840054292,QL_PRICER,2026-09-19T17:00:00-04:00
2026-09-19,IRSOIS-USD-22931948,2027-11-24,PAR_RATE,0.04628098163143261,QL_PRICER,2026-09-19T17:00:00-04:00
2026-09-19,IRSOIS-USD-22931948,2027-11-24,PV_USD,558633.4357736763,QL_PRICER,2026-09-19T17:00:00-04:00
2026-09-19,IRSOIS-USD-22950573,2027-11-26,CASHFLOW_USD,0.0,QL_PRICER,2026-09-19T17:00:00-04:00
2026-09-19,IRSOIS-USD-22950573,2027-11-26,DV01_USD,14669.062913515605,QL_PRICER,2026-09-19T17:00:00-04:00
2026-09-19,IRSOIS-USD-22950573,2027-11-26,PAR_RATE,0.04632641082171898,QL_PRICER,2026-09-19T17:00:00-04:00
2026-09-19,IRSOIS-USD-22950573,2027-11-26,PV_USD,786761.2972352356,QL_PRICER,2026-09-19T17:00:00-04:00
2026-09-19,IRSOIS-USD-23001697,2027-11-24,CASHFLOW_USD,0.0,QL_PRICER,2026-09-19T17:00:00-04:00
2026-09-19,IRSOIS-USD-23001697,2027-11-24,DV01_USD,-24593.145317306742,QL_PRICER,2026-09-19T17:00:00-04:00
2026-09-19,IRSOIS-USD-23001697,2027-11-24,PAR_RATE,0.04628098163143273,QL_PRICER,2026-09-19T17:00:00-04:00
2026-09-19,IRSOIS-USD-23001697,2027-11-24,PV_USD,-908276.5457311142,QL_PRICER,2026-09-19T17:00:00-04:00
2026-09-19,IRSOIS-USD-23001698,2036-11-24,CASHFLOW_USD,0.0,QL_PRICER,2026-09-19T17:00:00-04:00
2026-09-19,IRSOIS-USD-23001698,2036-11-24,DV01_USD,24444.153248349205,QL_PRICER,2026-09-19T17:00:00-04:00
2026-09-19,IRSOIS-USD-23001698,2036-11-24,PAR_RATE,0.04625318039921183,QL_PRICER,2026-09-19T17:00:00-04:00
2026-09-19,IRSOIS-USD-23001698,2036-11-24,PV_USD,500107.3958094884,QL_PRICER,2026-09-19T17:00:00-04:00
2026-09-19,IRSOIS-USD-23025998,2036-12-10,CASHFLOW_USD,0.0,QL_PRICER,2026-09-19T17:00:00-04:00
2026-09-19,IRSOIS-USD-23025998,2036-12-10,DV01_USD,14685.828366244212,QL_PRICER,2026-09-19T17:00:00-04:00
2026-09-19,IRSOIS-USD-23025998,2036-12-10,PAR_RATE,0.046283386281203494,QL_PRICER,2026-09-19T17:00:00-04:00
2026-09-19,IRSOIS-USD-23025998,2036-12-10,PV_USD,265298.1205730317,QL_PRICER,2026-09-19T17:00:00-04:00
2026-09-19,IRSOIS-USD-23049992,2027-11-24,CASHFLOW_USD,0.0,QL_PRICER,2026-09-19T17:00:00-04:00
2026-09-19,IRSOIS-USD-23049992,2027-11-24,DV01_USD,-14889.06123235356,QL_PRICER,2026-09-19T17:00:00-04:00
2026-09-19,IRSOIS-USD-23049992,2027-11-24,PAR_RATE,0.04628098163143273,QL_PRICER,2026-09-19T17:00:00-04:00
2026-09-19,IRSOIS-USD-23049992,2027-11-24,PV_USD,-297010.3760185661,QL_PRICER,2026-09-19T17:00:00-04:00
2026-09-19,IRSOIS-USD-23049993,2036-12-10,CASHFLOW_USD,0.0,QL_PRICER,2026-09-19T17:00:00-04:00
2026-09-19,IRSOIS-USD-23049993,2036-12-10,DV01_USD,-9895.259874789976,QL_PRICER,2026-09-19T17:00:00-04:00
2026-09-19,IRSOIS-USD-23049993,2036-12-10,PAR_RATE,0.0462833862812035,QL_PRICER,2026-09-19T17:00:00-04:00
2026-09-19,IRSOIS-USD-23049993,2036-12-10,PV_USD,-55953.85809790902,QL_PRICER,2026-09-19T17:00:00-04:00
2026-09-19,IRSOIS-USD-23070541,2036-12-17,CASHFLOW_USD,0.0,QL_PRICER,2026-09-19T17:00:00-04:00
2026-09-19,IRSOIS-USD-23070541,2036-12-17,DV01_USD,-15734.062787998468,QL_PRICER,2026-09-19T17:00:00-04:00
2026-09-19,IRSOIS-USD-23070541,2036-12-17,PAR_RATE,0.04629578775019257,QL_PRICER,2026-09-19T17:00:00-04:00
2026-09-19,IRSOIS-USD-23070541,2036-12-17,PV_USD,-8834.214986559004,QL_PRICER,2026-09-19T17:00:00-04:00
2026-09-19,IRSOIS-USD-23076944,2036-12-21,CASHFLOW_USD,0.0,QL_PRICER,2026-09-19T17:00:00-04:00
2026-09-19,IRSOIS-USD-23076944,2036-12-21,DV01_USD,15721.956740736961,QL_PRICER,2026-09-19T17:00:00-04:00
2026-09-19,IRSOIS-USD-23076944,2036-12-21,PAR_RATE,0.04630322199919517,QL_PRICER,2026-09-19T17:00:00-04:00
2026-09-19,IRSOIS-USD-23076944,2036-12-21,PV_USD,19794.13071290031,QL_PRICER,2026-09-19T17:00:00-04:00
2026-09-19,USDBRL,2026-09-19,SPOT,5.1418,BBG_BFXFORWARD,2026-09-20T00:46:54+08:00
2026-09-19,USDBRL,2026-09-22,FWD_OUTRIGHT,5.1418,BBG_BFXFORWARD,2026-09-20T00:46:54+08:00
2026-09-19,USDBRL,2026-09-23,FWD_OUTRIGHT,5.1418,BBG_BFXFORWARD,2026-09-20T00:46:54+08:00
2026-09-19,USDCAD,2026-09-19,SPOT,1.3987,BBG_BFXFORWARD,2026-09-20T00:46:54+08:00
2026-09-19,USDCAD,2026-09-21,FWD_OUTRIGHT,1.3988333333333334,BBG_INTERP,2026-09-20T00:46:54+08:00
2026-09-19,USDCAD,2026-09-22,FWD_OUTRIGHT,1.3989,BBG_BFXFORWARD,2026-09-20T00:46:54+08:00
2026-09-19,USDCAD,2026-09-23,FWD_OUTRIGHT,1.3986,BBG_BFXFORWARD,2026-09-20T00:46:54+08:00
2026-09-19,USDCAD,2026-09-29,FWD_OUTRIGHT,1.3982,BBG_BFXFORWARD,2026-09-20T00:46:54+08:00
2026-09-19,USDCAD,2026-10-22,FWD_OUTRIGHT,1.3966,BBG_BFXFORWARD,2026-09-20T00:46:54+08:00
2026-09-19,USDCAD,2026-11-23,FWD_OUTRIGHT,1.3943,BBG_BFXFORWARD,2026-09-20T00:46:54+08:00
2026-09-19,USDCAD,2026-12-22,FWD_OUTRIGHT,1.3924,BBG_BFXFORWARD,2026-09-20T00:46:54+08:00
2026-09-19,USDCAD,2027-01-22,FWD_OUTRIGHT,1.3902,BBG_BFXFORWARD,2026-09-20T00:46:54+08:00
2026-09-19,USDCAD,2027-02-22,FWD_OUTRIGHT,1.3881,BBG_BFXFORWARD,2026-09-20T00:46:54+08:00
2026-09-19,USDCAD,2027-03-22,FWD_OUTRIGHT,1.3864,BBG_BFXFORWARD,2026-09-20T00:46:54+08:00
2026-09-19,USDCAD,2027-06-22,FWD_OUTRIGHT,1.381,BBG_BFXFORWARD,2026-09-20T00:46:54+08:00
2026-09-19,USDCAD,2027-09-22,FWD_OUTRIGHT,1.3757,BBG_BFXFORWARD,2026-09-20T00:46:54+08:00
2026-09-19,USDCAD,2027-12-22,FWD_OUTRIGHT,1.3711,BBG_BFXFORWARD,2026-09-20T00:46:54+08:00
2026-09-19,USDCAD,2028-03-22,FWD_OUTRIGHT,1.3667,BBG_BFXFORWARD,2026-09-20T00:46:54+08:00
2026-09-19,USDCAD,2028-09-22,FWD_OUTRIGHT,1.3587,BBG_BFXFORWARD,2026-09-20T00:46:54+08:00
2026-09-19,USDCAD,2029-09-24,FWD_OUTRIGHT,1.3445,BBG_BFXFORWARD,2026-09-20T00:46:54+08:00
2026-09-19,USDCAD,2030-09-23,FWD_OUTRIGHT,1.3315,BBG_BFXFORWARD,2026-09-20T00:46:54+08:00
2026-09-19,USDCAD,2031-09-22,FWD_OUTRIGHT,1.3197,BBG_BFXFORWARD,2026-09-20T00:46:54+08:00
2026-09-19,USDCHF,2026-09-19,SPOT,0.8224,BBG_BFXFORWARD,2026-09-20T00:46:54+08:00
2026-09-19,USDCHF,2026-09-21,FWD_OUTRIGHT,0.8226,BBG_INTERP,2026-09-20T00:46:54+08:00
2026-09-19,USDCHF,2026-09-22,FWD_OUTRIGHT,0.8227,BBG_BFXFORWARD,2026-09-20T00:46:54+08:00
2026-09-19,USDCHF,2026-09-23,FWD_OUTRIGHT,0.8224,BBG_BFXFORWARD,2026-09-20T00:46:54+08:00
2026-09-19,USDCHF,2026-09-24,FWD_OUTRIGHT,0.8223,BBG_BFXFORWARD,2026-09-20T00:46:54+08:00
2026-09-19,USDCHF,2026-09-30,FWD_OUTRIGHT,0.8217,BBG_BFXFORWARD,2026-09-20T00:46:54+08:00
2026-09-19,USDCHF,2026-10-23,FWD_OUTRIGHT,0.8195,BBG_BFXFORWARD,2026-09-20T00:46:54+08:00
2026-09-19,USDCHF,2026-11-23,FWD_OUTRIGHT,0.8165,BBG_BFXFORWARD,2026-09-20T00:46:54+08:00
2026-09-19,USDCHF,2026-12-23,FWD_OUTRIGHT,0.8137,BBG_BFXFORWARD,2026-09-20T00:46:54+08:00
2026-09-19,USDCHF,2027-01-25,FWD_OUTRIGHT,0.8105,BBG_BFXFORWARD,2026-09-20T00:46:54+08:00
2026-09-19,USDCHF,2027-02-23,FWD_OUTRIGHT,0.8074,BBG_BFXFORWARD,2026-09-20T00:46:54+08:00
2026-09-19,USDCHF,2027-03-23,FWD_OUTRIGHT,0.8047,BBG_BFXFORWARD,2026-09-20T00:46:54+08:00
2026-09-19,USDCHF,2027-06-23,FWD_OUTRIGHT,0.7956,BBG_BFXFORWARD,2026-09-20T00:46:54+08:00
2026-09-19,USDCHF,2027-09-23,FWD_OUTRIGHT,0.7868,BBG_BFXFORWARD,2026-09-20T00:46:54+08:00
2026-09-19,USDCHF,2027-12-23,FWD_OUTRIGHT,0.7784,BBG_BFXFORWARD,2026-09-20T00:46:54+08:00
2026-09-19,USDCHF,2028-03-23,FWD_OUTRIGHT,0.7702,BBG_BFXFORWARD,2026-09-20T00:46:54+08:00
2026-09-19,USDCHF,2028-09-25,FWD_OUTRIGHT,0.7546,BBG_BFXFORWARD,2026-09-20T00:46:54+08:00
2026-09-19,USDCHF,2029-09-24,FWD_OUTRIGHT,0.7251,BBG_BFXFORWARD,2026-09-20T00:46:54+08:00
2026-09-19,USDCHF,2030-09-23,FWD_OUTRIGHT,0.698,BBG_BFXFORWARD,2026-09-20T00:46:54+08:00
2026-09-19,USDCHF,2031-09-23,FWD_OUTRIGHT,0.6724,BBG_BFXFORWARD,2026-09-20T00:46:54+08:00
2026-09-19,USDIDR,2026-09-19,SPOT,17742.0,BBG_BFXFORWARD,2026-09-20T00:46:54+08:00
2026-09-19,USDIDR,2026-09-21,FWD_OUTRIGHT,17741.666666666668,BBG_INTERP,2026-09-20T00:46:54+08:00
2026-09-19,USDIDR,2026-09-22,FWD_OUTRIGHT,17741.5,BBG_BFXFORWARD,2026-09-20T00:46:54+08:00
2026-09-19,USDIDR,2026-09-23,FWD_OUTRIGHT,17741.5,BBG_BFXFORWARD,2026-09-20T00:46:54+08:00
2026-09-19,USDIDR,2026-09-24,FWD_OUTRIGHT,17742.769,BBG_BFXFORWARD,2026-09-20T00:46:54+08:00
2026-09-19,USDIDR,2026-09-30,FWD_OUTRIGHT,17750.38,BBG_BFXFORWARD,2026-09-20T00:46:54+08:00
2026-09-19,USDIDR,2026-10-23,FWD_OUTRIGHT,17769.25,BBG_BFXFORWARD,2026-09-20T00:46:54+08:00
2026-09-19,USDIDR,2026-11-23,FWD_OUTRIGHT,17797.5,BBG_BFXFORWARD,2026-09-20T00:46:54+08:00
2026-09-19,USDIDR,2026-12-23,FWD_OUTRIGHT,17823.5,BBG_BFXFORWARD,2026-09-20T00:46:54+08:00
2026-09-19,USDIDR,2027-01-25,FWD_OUTRIGHT,17852.558,BBG_BFXFORWARD,2026-09-20T00:46:54+08:00
2026-09-19,USDIDR,2027-02-23,FWD_OUTRIGHT,17878.094,BBG_BFXFORWARD,2026-09-20T00:46:54+08:00
2026-09-19,USDIDR,2027-03-23,FWD_OUTRIGHT,17902.75,BBG_BFXFORWARD,2026-09-20T00:46:54+08:00
2026-09-19,USDIDR,2027-06-23,FWD_OUTRIGHT,17967.75,BBG_BFXFORWARD,2026-09-20T00:46:54+08:00
2026-09-19,USDIDR,2027-09-23,FWD_OUTRIGHT,18032.75,BBG_BFXFORWARD,2026-09-20T00:46:54+08:00
2026-09-19,USDJPY,2026-09-19,SPOT,156.88,BBG_BFXFORWARD,2026-09-20T00:46:54+08:00
2026-09-19,USDJPY,2026-09-24,FWD_OUTRIGHT,156.9889,BBG_BFXFORWARD,2026-09-20T00:46:54+08:00
2026-09-19,USDJPY,2026-09-25,FWD_OUTRIGHT,156.8974,BBG_BFXFORWARD,2026-09-20T00:46:54+08:00
2026-09-19,USDJPY,2026-09-28,FWD_OUTRIGHT,156.8478,BBG_BFXFORWARD,2026-09-20T00:46:54+08:00
2026-09-19,USDJPY,2026-10-02,FWD_OUTRIGHT,156.7945,BBG_BFXFORWARD,2026-09-20T00:46:54+08:00
2026-09-19,USDJPY,2026-10-26,FWD_OUTRIGHT,156.501,BBG_BFXFORWARD,2026-09-20T00:46:54+08:00
2026-09-19,USDJPY,2026-11-19,FWD_OUTRIGHT,156.19595999999999,BBG_INTERP,2026-09-20T00:46:54+08:00
2026-09-19,USDJPY,2026-11-25,FWD_OUTRIGHT,156.1197,BBG_BFXFORWARD,2026-09-20T00:46:54+08:00
2026-09-19,USDJPY,2026-12-28,FWD_OUTRIGHT,155.6892,BBG_BFXFORWARD,2026-09-20T00:46:54+08:00
2026-09-19,USDJPY,2027-01-25,FWD_OUTRIGHT,155.305,BBG_BFXFORWARD,2026-09-20T00:46:54+08:00
2026-09-19,USDJPY,2027-02-25,FWD_OUTRIGHT,154.908,BBG_BFXFORWARD,2026-09-20T00:46:54+08:00
2026-09-19,USDJPY,2027-03-01,FWD_OUTRIGHT,154.85635714285712,BBG_INTERP,2026-09-20T00:46:54+08:00
2026-09-19,USDJPY,2027-03-03,FWD_OUTRIGHT,154.8305357142857,BBG_INTERP,2026-09-20T00:46:54+08:00
2026-09-19,USDJPY,2027-03-25,FWD_OUTRIGHT,154.5465,BBG_BFXFORWARD,2026-09-20T00:46:54+08:00
2026-09-19,USDJPY,2027-06-25,FWD_OUTRIGHT,153.3364,BBG_BFXFORWARD,2026-09-20T00:46:54+08:00
2026-09-19,USDJPY,2027-09-27,FWD_OUTRIGHT,152.134,BBG_BFXFORWARD,2026-09-20T00:46:54+08:00
2026-09-19,USDJPY,2027-12-27,FWD_OUTRIGHT,151.011,BBG_BFXFORWARD,2026-09-20T00:46:54+08:00
2026-09-19,USDJPY,2028-03-27,FWD_OUTRIGHT,149.9323,BBG_BFXFORWARD,2026-09-20T00:46:54+08:00
2026-09-19,USDJPY,2028-09-25,FWD_OUTRIGHT,147.9425,BBG_BFXFORWARD,2026-09-20T00:46:54+08:00
2026-09-19,USDJPY,2029-09-25,FWD_OUTRIGHT,144.3534,BBG_BFXFORWARD,2026-09-20T00:46:54+08:00
2026-09-19,USDJPY,2030-09-25,FWD_OUTRIGHT,141.296,BBG_BFXFORWARD,2026-09-20T00:46:54+08:00
2026-09-19,USDJPY,2031-09-25,FWD_OUTRIGHT,138.5051,BBG_BFXFORWARD,2026-09-20T00:46:54+08:00
2026-09-19,USDKRW,2026-09-19,SPOT,1386.85,BBG_BFXFORWARD,2026-09-20T00:46:54+08:00
2026-09-19,USDKRW,2026-09-21,FWD_OUTRIGHT,1386.85,BBG_INTERP,2026-09-20T00:46:54+08:00
2026-09-19,USDKRW,2026-09-22,FWD_OUTRIGHT,1386.85,BBG_BFXFORWARD,2026-09-20T00:46:54+08:00
2026-09-19,USDKRW,2026-09-23,FWD_OUTRIGHT,1386.85,BBG_BFXFORWARD,2026-09-20T00:46:54+08:00
2026-09-19,USDKRW,2026-09-28,FWD_OUTRIGHT,1386.767,BBG_BFXFORWARD,2026-09-20T00:46:54+08:00
2026-09-19,USDKRW,2026-09-30,FWD_OUTRIGHT,1386.733,BBG_BFXFORWARD,2026-09-20T00:46:54+08:00
2026-09-19,USDKRW,2026-10-13,FWD_OUTRIGHT,1386.5165217391304,BBG_INTERP,2026-09-20T00:46:54+08:00
2026-09-19,USDKRW,2026-10-23,FWD_OUTRIGHT,1386.35,BBG_BFXFORWARD,2026-09-20T00:46:54+08:00
2026-09-19,USDKRW,2026-11-23,FWD_OUTRIGHT,1385.525,BBG_BFXFORWARD,2026-09-20T00:46:54+08:00
2026-09-19,USDKRW,2026-12-23,FWD_OUTRIGHT,1384.15,BBG_BFXFORWARD,2026-09-20T00:46:54+08:00
2026-09-19,USDKRW,2027-01-25,FWD_OUTRIGHT,1383.16,BBG_BFXFORWARD,2026-09-20T00:46:54+08:00
2026-09-19,USDKRW,2027-02-23,FWD_OUTRIGHT,1382.29,BBG_BFXFORWARD,2026-09-20T00:46:54+08:00
2026-09-19,USDKRW,2027-03-23,FWD_OUTRIGHT,1381.45,BBG_BFXFORWARD,2026-09-20T00:46:54+08:00
2026-09-19,USDKRW,2027-06-23,FWD_OUTRIGHT,1377.15,BBG_BFXFORWARD,2026-09-20T00:46:54+08:00
2026-09-19,USDKRW,2027-09-23,FWD_OUTRIGHT,1372.85,BBG_BFXFORWARD,2026-09-20T00:46:54+08:00
2026-09-19,USDMXN,2026-09-19,SPOT,17.2301,BBG_BFXFORWARD,2026-09-20T00:46:54+08:00
2026-09-19,USDMXN,2026-09-21,FWD_OUTRIGHT,17.2267,BBG_INTERP,2026-09-20T00:46:54+08:00
2026-09-19,USDMXN,2026-09-22,FWD_OUTRIGHT,17.225,BBG_BFXFORWARD,2026-09-20T00:46:54+08:00
2026-09-19,USDMXN,2026-09-23,FWD_OUTRIGHT,17.2288,BBG_BFXFORWARD,2026-09-20T00:46:54+08:00
2026-09-19,USDMXN,2026-09-24,FWD_OUTRIGHT,17.2314,BBG_BFXFORWARD,2026-09-20T00:46:54+08:00
2026-09-19,USDMXN,2026-09-30,FWD_OUTRIGHT,17.2396,BBG_BFXFORWARD,2026-09-20T00:46:54+08:00
2026-09-19,USDMXN,2026-10-23,FWD_OUTRIGHT,17.2702,BBG_BFXFORWARD,2026-09-20T00:46:54+08:00
2026-09-19,USDMXN,2026-11-23,FWD_OUTRIGHT,17.3128,BBG_BFXFORWARD,2026-09-20T00:46:54+08:00
2026-09-19,USDMXN,2026-12-23,FWD_OUTRIGHT,17.3506,BBG_BFXFORWARD,2026-09-20T00:46:54+08:00
2026-09-19,USDMXN,2027-01-25,FWD_OUTRIGHT,17.3896,BBG_BFXFORWARD,2026-09-20T00:46:54+08:00
2026-09-19,USDMXN,2027-02-23,FWD_OUTRIGHT,17.429,BBG_BFXFORWARD,2026-09-20T00:46:54+08:00
2026-09-19,USDMXN,2027-03-23,FWD_OUTRIGHT,17.4648,BBG_BFXFORWARD,2026-09-20T00:46:54+08:00
2026-09-19,USDMXN,2027-06-23,FWD_OUTRIGHT,17.5831,BBG_BFXFORWARD,2026-09-20T00:46:54+08:00
2026-09-19,USDMXN,2027-09-23,FWD_OUTRIGHT,17.7071,BBG_BFXFORWARD,2026-09-20T00:46:54+08:00
2026-09-19,USDMXN,2027-12-23,FWD_OUTRIGHT,17.852,BBG_BFXFORWARD,2026-09-20T00:46:54+08:00
2026-09-19,USDMXN,2028-03-23,FWD_OUTRIGHT,17.9968,BBG_BFXFORWARD,2026-09-20T00:46:54+08:00
2026-09-19,USDMXN,2028-09-25,FWD_OUTRIGHT,18.3361,BBG_BFXFORWARD,2026-09-20T00:46:54+08:00
2026-09-19,USDMXN,2029-09-24,FWD_OUTRIGHT,19.1074,BBG_BFXFORWARD,2026-09-20T00:46:54+08:00
2026-09-19,USDMXN,2030-09-23,FWD_OUTRIGHT,19.9811,BBG_BFXFORWARD,2026-09-20T00:46:54+08:00
2026-09-19,USDMXN,2031-09-23,FWD_OUTRIGHT,20.9151,BBG_BFXFORWARD,2026-09-20T00:46:54+08:00
2026-09-19,USDNOK,2026-09-19,SPOT,9.4086,BBG_BFXFORWARD,2026-09-20T00:46:54+08:00
2026-09-19,USDNOK,2026-09-21,FWD_OUTRIGHT,9.4084,BBG_INTERP,2026-09-20T00:46:54+08:00
2026-09-19,USDNOK,2026-09-22,FWD_OUTRIGHT,9.4083,BBG_BFXFORWARD,2026-09-20T00:46:54+08:00
2026-09-19,USDNOK,2026-09-23,FWD_OUTRIGHT,9.4085,BBG_BFXFORWARD,2026-09-20T00:46:54+08:00
2026-09-19,USDNOK,2026-09-24,FWD_OUTRIGHT,9.4087,BBG_BFXFORWARD,2026-09-20T00:46:54+08:00
2026-09-19,USDNOK,2026-09-30,FWD_OUTRIGHT,9.4092,BBG_BFXFORWARD,2026-09-20T00:46:54+08:00
2026-09-19,USDNOK,2026-10-23,FWD_OUTRIGHT,9.4116,BBG_BFXFORWARD,2026-09-20T00:46:54+08:00
2026-09-19,USDNOK,2026-11-23,FWD_OUTRIGHT,9.4144,BBG_BFXFORWARD,2026-09-20T00:46:54+08:00
2026-09-19,USDNOK,2026-12-23,FWD_OUTRIGHT,9.4165,BBG_BFXFORWARD,2026-09-20T00:46:54+08:00
2026-09-19,USDNOK,2027-01-25,FWD_OUTRIGHT,9.4178,BBG_BFXFORWARD,2026-09-20T00:46:54+08:00
2026-09-19,USDNOK,2027-02-23,FWD_OUTRIGHT,9.4198,BBG_BFXFORWARD,2026-09-20T00:46:54+08:00
2026-09-19,USDNOK,2027-03-23,FWD_OUTRIGHT,9.421,BBG_BFXFORWARD,2026-09-20T00:46:54+08:00
2026-09-19,USDNOK,2027-06-23,FWD_OUTRIGHT,9.422,BBG_BFXFORWARD,2026-09-20T00:46:54+08:00
2026-09-19,USDNOK,2027-09-23,FWD_OUTRIGHT,9.4201,BBG_BFXFORWARD,2026-09-20T00:46:54+08:00
2026-09-19,USDNOK,2027-12-23,FWD_OUTRIGHT,9.4171,BBG_BFXFORWARD,2026-09-20T00:46:54+08:00
2026-09-19,USDNOK,2028-03-23,FWD_OUTRIGHT,9.4147,BBG_BFXFORWARD,2026-09-20T00:46:54+08:00
2026-09-19,USDNOK,2028-09-25,FWD_OUTRIGHT,9.4083,BBG_BFXFORWARD,2026-09-20T00:46:54+08:00
2026-09-19,USDNOK,2029-09-24,FWD_OUTRIGHT,9.3829,BBG_BFXFORWARD,2026-09-20T00:46:54+08:00
2026-09-19,USDNOK,2030-09-23,FWD_OUTRIGHT,9.3429,BBG_BFXFORWARD,2026-09-20T00:46:54+08:00
2026-09-19,USDNOK,2031-09-23,FWD_OUTRIGHT,9.2878,BBG_BFXFORWARD,2026-09-20T00:46:54+08:00
2026-09-19,USDSEK,2026-09-19,SPOT,9.8304,BBG_BFXFORWARD,2026-09-20T00:46:54+08:00
2026-09-19,USDSEK,2026-09-21,FWD_OUTRIGHT,9.832,BBG_INTERP,2026-09-20T00:46:54+08:00
2026-09-19,USDSEK,2026-09-22,FWD_OUTRIGHT,9.8328,BBG_BFXFORWARD,2026-09-20T00:46:54+08:00
2026-09-19,USDSEK,2026-09-23,FWD_OUTRIGHT,9.8309,BBG_BFXFORWARD,2026-09-20T00:46:54+08:00
2026-09-19,USDSEK,2026-09-24,FWD_OUTRIGHT,9.8297,BBG_BFXFORWARD,2026-09-20T00:46:54+08:00
2026-09-19,USDSEK,2026-09-30,FWD_OUTRIGHT,9.8261,BBG_BFXFORWARD,2026-09-20T00:46:54+08:00
2026-09-19,USDSEK,2026-10-23,FWD_OUTRIGHT,9.8125,BBG_BFXFORWARD,2026-09-20T00:46:54+08:00
2026-09-19,USDSEK,2026-11-23,FWD_OUTRIGHT,9.7935,BBG_BFXFORWARD,2026-09-20T00:46:54+08:00
2026-09-19,USDSEK,2026-12-23,FWD_OUTRIGHT,9.7764,BBG_BFXFORWARD,2026-09-20T00:46:54+08:00
2026-09-19,USDSEK,2027-01-25,FWD_OUTRIGHT,9.7566,BBG_BFXFORWARD,2026-09-20T00:46:54+08:00
2026-09-19,USDSEK,2027-02-23,FWD_OUTRIGHT,9.7391,BBG_BFXFORWARD,2026-09-20T00:46:54+08:00
2026-09-19,USDSEK,2027-03-23,FWD_OUTRIGHT,9.7241,BBG_BFXFORWARD,2026-09-20T00:46:54+08:00
2026-09-19,USDSEK,2027-06-23,FWD_OUTRIGHT,9.6769,BBG_BFXFORWARD,2026-09-20T00:46:54+08:00
2026-09-19,USDSEK,2027-09-23,FWD_OUTRIGHT,9.6333,BBG_BFXFORWARD,2026-09-20T00:46:54+08:00
2026-09-19,USDSEK,2027-12-23,FWD_OUTRIGHT,9.5926,BBG_BFXFORWARD,2026-09-20T00:46:54+08:00
2026-09-19,USDSEK,2028-03-23,FWD_OUTRIGHT,9.5515,BBG_BFXFORWARD,2026-09-20T00:46:54+08:00
2026-09-19,USDSEK,2028-09-25,FWD_OUTRIGHT,9.4767,BBG_BFXFORWARD,2026-09-20T00:46:54+08:00
2026-09-19,USDSEK,2029-09-24,FWD_OUTRIGHT,9.3354,BBG_BFXFORWARD,2026-09-20T00:46:54+08:00
2026-09-19,USDSEK,2030-09-23,FWD_OUTRIGHT,9.2103,BBG_BFXFORWARD,2026-09-20T00:46:54+08:00
2026-09-19,USDSEK,2031-09-23,FWD_OUTRIGHT,9.0941,BBG_BFXFORWARD,2026-09-20T00:46:54+08:00
2026-09-19,USDTRY,2026-09-19,SPOT,48.7779,BBG_BFXFORWARD,2026-09-20T00:46:54+08:00
2026-09-19,USDTRY,2026-09-22,FWD_OUTRIGHT,48.6582,BBG_BFXFORWARD,2026-09-20T00:46:54+08:00
2026-09-19,USDTRY,2026-09-23,FWD_OUTRIGHT,48.8159,BBG_BFXFORWARD,2026-09-20T00:46:54+08:00
2026-09-19,USDTRY,2026-09-29,FWD_OUTRIGHT,49.0438,BBG_BFXFORWARD,2026-09-20T00:46:54+08:00
2026-09-19,USDTRY,2026-10-22,FWD_OUTRIGHT,49.9978,BBG_BFXFORWARD,2026-09-20T00:46:54+08:00
2026-09-19,USDTRY,2026-11-23,FWD_OUTRIGHT,51.3803,BBG_BFXFORWARD,2026-09-20T00:46:54+08:00
2026-09-19,USDTRY,2026-12-22,FWD_OUTRIGHT,52.5721,BBG_BFXFORWARD,2026-09-20T00:46:54+08:00
2026-09-19,USDTRY,2027-01-22,FWD_OUTRIGHT,53.8998,BBG_BFXFORWARD,2026-09-20T00:46:54+08:00
2026-09-19,USDTRY,2027-02-22,FWD_OUTRIGHT,55.2944,BBG_BFXFORWARD,2026-09-20T00:46:54+08:00
2026-09-19,USDTRY,2027-03-22,FWD_OUTRIGHT,56.5419,BBG_BFXFORWARD,2026-09-20T00:46:54+08:00
2026-09-19,USDTRY,2027-06-22,FWD_OUTRIGHT,60.8195,BBG_BFXFORWARD,2026-09-20T00:46:54+08:00
2026-09-19,USDTRY,2027-09-22,FWD_OUTRIGHT,65.4908,BBG_BFXFORWARD,2026-09-20T00:46:54+08:00
2026-09-19,USDTRY,2027-12-22,FWD_OUTRIGHT,70.716,BBG_BFXFORWARD,2026-09-20T00:46:54+08:00
2026-09-19,USDTRY,2028-03-22,FWD_OUTRIGHT,76.0265,BBG_BFXFORWARD,2026-09-20T00:46:54+08:00
2026-09-19,USDTRY,2028-09-22,FWD_OUTRIGHT,89.3612,BBG_BFXFORWARD,2026-09-20T00:46:54+08:00
2026-09-19,USDTRY,2029-09-24,FWD_OUTRIGHT,117.7892,BBG_BFXFORWARD,2026-09-20T00:46:54+08:00
2026-09-19,USDTRY,2030-09-23,FWD_OUTRIGHT,151.4471,BBG_BFXFORWARD,2026-09-20T00:46:54+08:00
2026-09-19,USDTRY,2031-09-22,FWD_OUTRIGHT,169.373,BBG_BFXFORWARD,2026-09-20T00:46:54+08:00
2026-09-19,USDTWD,2026-09-19,SPOT,31.801,BBG_BFXFORWARD,2026-09-20T00:46:54+08:00
2026-09-19,USDTWD,2026-09-21,FWD_OUTRIGHT,31.801,BBG_INTERP,2026-09-20T00:46:54+08:00
2026-09-19,USDTWD,2026-09-22,FWD_OUTRIGHT,31.801,BBG_BFXFORWARD,2026-09-20T00:46:54+08:00
2026-09-19,USDTWD,2026-09-23,FWD_OUTRIGHT,31.801,BBG_BFXFORWARD,2026-09-20T00:46:54+08:00
2026-09-19,USDZAR,2026-09-19,SPOT,16.2524,BBG_BFXFORWARD,2026-09-20T00:46:54+08:00
2026-09-19,USDZAR,2026-09-21,FWD_OUTRIGHT,16.250133333333334,BBG_INTERP,2026-09-20T00:46:54+08:00
2026-09-19,USDZAR,2026-09-22,FWD_OUTRIGHT,16.249,BBG_BFXFORWARD,2026-09-20T00:46:54+08:00
2026-09-19,USDZAR,2026-09-23,FWD_OUTRIGHT,16.2516,BBG_BFXFORWARD,2026-09-20T00:46:54+08:00
2026-09-19,USDZAR,2026-09-25,FWD_OUTRIGHT,16.2532,BBG_BFXFORWARD,2026-09-20T00:46:54+08:00
2026-09-19,USDZAR,2026-09-30,FWD_OUTRIGHT,16.2588,BBG_BFXFORWARD,2026-09-20T00:46:54+08:00
2026-09-19,USDZAR,2026-10-13,FWD_OUTRIGHT,16.272817391304347,BBG_INTERP,2026-09-20T00:46:54+08:00
2026-09-19,USDZAR,2026-10-23,FWD_OUTRIGHT,16.2836,BBG_BFXFORWARD,2026-09-20T00:46:54+08:00
2026-09-19,USDZAR,2026-11-23,FWD_OUTRIGHT,16.3179,BBG_BFXFORWARD,2026-09-20T00:46:54+08:00
2026-09-19,USDZAR,2026-12-23,FWD_OUTRIGHT,16.3485,BBG_BFXFORWARD,2026-09-20T00:46:54+08:00
2026-09-19,USDZAR,2027-01-25,FWD_OUTRIGHT,16.3816,BBG_BFXFORWARD,2026-09-20T00:46:54+08:00
2026-09-19,USDZAR,2027-02-23,FWD_OUTRIGHT,16.4157,BBG_BFXFORWARD,2026-09-20T00:46:54+08:00
2026-09-19,USDZAR,2027-03-23,FWD_OUTRIGHT,16.4477,BBG_BFXFORWARD,2026-09-20T00:46:54+08:00
2026-09-19,USDZAR,2027-06-23,FWD_OUTRIGHT,16.5491,BBG_BFXFORWARD,2026-09-20T00:46:54+08:00
2026-09-19,USDZAR,2027-09-23,FWD_OUTRIGHT,16.6464,BBG_BFXFORWARD,2026-09-20T00:46:54+08:00
2026-09-19,USDZAR,2027-12-23,FWD_OUTRIGHT,16.7478,BBG_BFXFORWARD,2026-09-20T00:46:54+08:00
2026-09-19,USDZAR,2028-03-23,FWD_OUTRIGHT,16.8609,BBG_BFXFORWARD,2026-09-20T00:46:54+08:00
2026-09-19,USDZAR,2028-09-26,FWD_OUTRIGHT,17.0776,BBG_BFXFORWARD,2026-09-20T00:46:54+08:00
2026-09-19,USDZAR,2029-09-25,FWD_OUTRIGHT,17.5658,BBG_BFXFORWARD,2026-09-20T00:46:54+08:00
2026-09-19,USDZAR,2030-09-23,FWD_OUTRIGHT,18.0922,BBG_BFXFORWARD,2026-09-20T00:46:54+08:00
2026-09-19,USDZAR,2031-09-23,FWD_OUTRIGHT,18.7066,BBG_BFXFORWARD,2026-09-20T00:46:54+08:00
2026-09-19,XAUUSD,2026-09-19,SPOT,4378.63,BBG_BFXFORWARD,2026-09-20T00:46:54+08:00
2026-09-19,XAUUSD,2026-09-21,FWD_OUTRIGHT,4379.266236363636,BBG_INTERP,2026-09-20T00:46:54+08:00
2026-09-19,XAUUSD,2026-09-22,FWD_OUTRIGHT,4379.5843545454545,BBG_INTERP,2026-09-20T00:46:54+08:00
2026-09-19,XAUUSD,2026-09-30,FWD_OUTRIGHT,4382.1293,BBG_BFXFORWARD,2026-09-20T00:46:54+08:00
2026-09-19,XAUUSD,2026-10-15,FWD_OUTRIGHT,4389.806169565217,BBG_INTERP,2026-09-20T00:46:54+08:00
2026-09-19,XAUUSD,2026-10-23,FWD_OUTRIGHT,4393.9005,BBG_BFXFORWARD,2026-09-20T00:46:54+08:00
2026-09-19,XAUUSD,2026-11-23,FWD_OUTRIGHT,4409.9767,BBG_BFXFORWARD,2026-09-20T00:46:54+08:00
2026-09-19,XAUUSD,2026-12-23,FWD_OUTRIGHT,4425.8912,BBG_BFXFORWARD,2026-09-20T00:46:54+08:00
2026-09-19,XAUUSD,2027-01-25,FWD_OUTRIGHT,4445.2922,BBG_BFXFORWARD,2026-09-20T00:46:54+08:00
2026-09-19,XAUUSD,2027-02-23,FWD_OUTRIGHT,4461.813,BBG_BFXFORWARD,2026-09-20T00:46:54+08:00
2026-09-19,XAUUSD,2027-03-23,FWD_OUTRIGHT,4477.5864,BBG_BFXFORWARD,2026-09-20T00:46:54+08:00
2026-09-19,XAUUSD,2027-06-23,FWD_OUTRIGHT,4532.3674,BBG_BFXFORWARD,2026-09-20T00:46:54+08:00
2026-09-19,XAUUSD,2027-09-23,FWD_OUTRIGHT,4588.8377,BBG_BFXFORWARD,2026-09-20T00:46:54+08:00
2026-09-19,XAUUSD,2028-03-23,FWD_OUTRIGHT,4694.6515,BBG_BFXFORWARD,2026-09-20T00:46:54+08:00
2026-09-19,XAUUSD,2028-09-25,FWD_OUTRIGHT,4806.1223,BBG_BFXFORWARD,2026-09-20T00:46:54+08:00
2026-09-19,XAUUSD,2029-09-24,FWD_OUTRIGHT,5012.4063,BBG_BFXFORWARD,2026-09-20T00:46:54+08:00
2026-09-19,XAUUSD,2030-09-23,FWD_OUTRIGHT,5217.3712,BBG_BFXFORWARD,2026-09-20T00:46:54+08:00
2026-09-19,XAUUSD,2031-09-23,FWD_OUTRIGHT,5424.692,BBG_BFXFORWARD,2026-09-20T00:46:54+08:00
2026-09-20,AUDUSD,2026-09-20,SPOT,0.7121,BBG_BFXFORWARD,2026-09-21T00:52:00+08:00
2026-09-20,AUDUSD,2026-09-21,FWD_OUTRIGHT,0.7121500000000001,BBG_INTERP,2026-09-21T00:52:00+08:00
2026-09-20,AUDUSD,2026-09-22,FWD_OUTRIGHT,0.7122,BBG_BFXFORWARD,2026-09-21T00:52:00+08:00
2026-09-20,AUDUSD,2026-09-23,FWD_OUTRIGHT,0.7122,BBG_BFXFORWARD,2026-09-21T00:52:00+08:00
2026-09-20,AUDUSD,2026-09-24,FWD_OUTRIGHT,0.7121,BBG_BFXFORWARD,2026-09-21T00:52:00+08:00
2026-09-20,AUDUSD,2026-09-28,FWD_OUTRIGHT,0.7121,BBG_INTERP,2026-09-21T00:52:00+08:00
2026-09-20,AUDUSD,2026-09-30,FWD_OUTRIGHT,0.7121,BBG_BFXFORWARD,2026-09-21T00:52:00+08:00
2026-09-20,AUDUSD,2026-10-23,FWD_OUTRIGHT,0.7118,BBG_BFXFORWARD,2026-09-21T00:52:00+08:00
2026-09-20,AUDUSD,2026-11-23,FWD_OUTRIGHT,0.7115,BBG_BFXFORWARD,2026-09-21T00:52:00+08:00
2026-09-20,AUDUSD,2026-12-23,FWD_OUTRIGHT,0.7112,BBG_BFXFORWARD,2026-09-21T00:52:00+08:00
2026-09-20,AUDUSD,2027-01-25,FWD_OUTRIGHT,0.7109,BBG_BFXFORWARD,2026-09-21T00:52:00+08:00
2026-09-20,AUDUSD,2027-02-23,FWD_OUTRIGHT,0.7106,BBG_BFXFORWARD,2026-09-21T00:52:00+08:00
2026-09-20,AUDUSD,2027-03-23,FWD_OUTRIGHT,0.7104,BBG_BFXFORWARD,2026-09-21T00:52:00+08:00
2026-09-20,AUDUSD,2027-06-23,FWD_OUTRIGHT,0.7097,BBG_BFXFORWARD,2026-09-21T00:52:00+08:00
2026-09-20,AUDUSD,2027-09-23,FWD_OUTRIGHT,0.7092,BBG_BFXFORWARD,2026-09-21T00:52:00+08:00
2026-09-20,AUDUSD,2027-12-23,FWD_OUTRIGHT,0.7086,BBG_BFXFORWARD,2026-09-21T00:52:00+08:00
2026-09-20,AUDUSD,2028-03-23,FWD_OUTRIGHT,0.7082,BBG_BFXFORWARD,2026-09-21T00:52:00+08:00
2026-09-20,AUDUSD,2028-09-25,FWD_OUTRIGHT,0.7074,BBG_BFXFORWARD,2026-09-21T00:52:00+08:00
2026-09-20,AUDUSD,2029-09-24,FWD_OUTRIGHT,0.7051,BBG_BFXFORWARD,2026-09-21T00:52:00+08:00
2026-09-20,AUDUSD,2030-09-23,FWD_OUTRIGHT,0.7016,BBG_BFXFORWARD,2026-09-21T00:52:00+08:00
2026-09-20,AUDUSD,2031-09-23,FWD_OUTRIGHT,0.6975,BBG_BFXFORWARD,2026-09-21T00:52:00+08:00
2026-09-20,ESZ6 Index,2026-12-18,FUTURE_PX,7712.5,BBG_BDH,2026-09-20T17:00:00-04:00
2026-09-20,EURSEK,2026-09-20,SPOT,11.2913,BBG_BFXFORWARD,2026-09-21T00:52:00+08:00
2026-09-20,EURSEK,2026-09-22,FWD_OUTRIGHT,11.2914,BBG_BFXFORWARD,2026-09-21T00:52:00+08:00
2026-09-20,EURSEK,2026-09-23,FWD_OUTRIGHT,11.2908,BBG_BFXFORWARD,2026-09-21T00:52:00+08:00
2026-09-20,EURSEK,2026-09-24,FWD_OUTRIGHT,11.2904,BBG_BFXFORWARD,2026-09-21T00:52:00+08:00
2026-09-20,EURSEK,2026-09-25,FWD_OUTRIGHT,11.29015,BBG_INTERP,2026-09-21T00:52:00+08:00
2026-09-20,EURSEK,2026-09-30,FWD_OUTRIGHT,11.2889,BBG_BFXFORWARD,2026-09-21T00:52:00+08:00
2026-09-20,EURSEK,2026-10-23,FWD_OUTRIGHT,11.2838,BBG_BFXFORWARD,2026-09-21T00:52:00+08:00
2026-09-20,EURSEK,2026-11-23,FWD_OUTRIGHT,11.2766,BBG_BFXFORWARD,2026-09-21T00:52:00+08:00
2026-09-20,EURSEK,2026-11-25,FWD_OUTRIGHT,11.276206666666667,BBG_INTERP,2026-09-21T00:52:00+08:00
2026-09-20,EURSEK,2026-11-27,FWD_OUTRIGHT,11.275813333333334,BBG_INTERP,2026-09-21T00:52:00+08:00
2026-09-20,EURSEK,2026-12-23,FWD_OUTRIGHT,11.2707,BBG_BFXFORWARD,2026-09-21T00:52:00+08:00
2026-09-20,EURSEK,2027-01-25,FWD_OUTRIGHT,11.2627,BBG_BFXFORWARD,2026-09-21T00:52:00+08:00
2026-09-20,EURSEK,2027-02-23,FWD_OUTRIGHT,11.2565,BBG_BFXFORWARD,2026-09-21T00:52:00+08:00
2026-09-20,EURSEK,2027-03-23,FWD_OUTRIGHT,11.2515,BBG_BFXFORWARD,2026-09-21T00:52:00+08:00
2026-09-20,EURSEK,2027-06-23,FWD_OUTRIGHT,11.2369,BBG_BFXFORWARD,2026-09-21T00:52:00+08:00
2026-09-20,EURSEK,2027-09-23,FWD_OUTRIGHT,11.2262,BBG_BFXFORWARD,2026-09-21T00:52:00+08:00
2026-09-20,EURSEK,2027-12-23,FWD_OUTRIGHT,11.2171,BBG_BFXFORWARD,2026-09-21T00:52:00+08:00
2026-09-20,EURSEK,2028-03-23,FWD_OUTRIGHT,11.2083,BBG_BFXFORWARD,2026-09-21T00:52:00+08:00
2026-09-20,EURSEK,2028-09-25,FWD_OUTRIGHT,11.1977,BBG_BFXFORWARD,2026-09-21T00:52:00+08:00
2026-09-20,EURSEK,2029-09-24,FWD_OUTRIGHT,11.1795,BBG_BFXFORWARD,2026-09-21T00:52:00+08:00
2026-09-20,EURSEK,2030-09-23,FWD_OUTRIGHT,11.173,BBG_BFXFORWARD,2026-09-21T00:52:00+08:00
2026-09-20,EURSEK,2031-09-23,FWD_OUTRIGHT,11.1753,BBG_BFXFORWARD,2026-09-21T00:52:00+08:00
2026-09-20,EURUSD,2026-09-20,SPOT,1.1486,BBG_BFXFORWARD,2026-09-21T00:52:00+08:00
2026-09-20,EURUSD,2026-09-21,FWD_OUTRIGHT,1.14845,BBG_INTERP,2026-09-21T00:52:00+08:00
2026-09-20,EURUSD,2026-09-22,FWD_OUTRIGHT,1.1483,BBG_BFXFORWARD,2026-09-21T00:52:00+08:00
2026-09-20,EURUSD,2026-09-23,FWD_OUTRIGHT,1.1485,BBG_BFXFORWARD,2026-09-21T00:52:00+08:00
2026-09-20,EURUSD,2026-09-24,FWD_OUTRIGHT,1.1486,BBG_BFXFORWARD,2026-09-21T00:52:00+08:00
2026-09-20,EURUSD,2026-09-30,FWD_OUTRIGHT,1.1489,BBG_BFXFORWARD,2026-09-21T00:52:00+08:00
2026-09-20,EURUSD,2026-10-23,FWD_OUTRIGHT,1.1499,BBG_BFXFORWARD,2026-09-21T00:52:00+08:00
2026-09-20,EURUSD,2026-11-23,FWD_OUTRIGHT,1.1514,BBG_BFXFORWARD,2026-09-21T00:52:00+08:00
2026-09-20,EURUSD,2026-12-23,FWD_OUTRIGHT,1.1529,BBG_BFXFORWARD,2026-09-21T00:52:00+08:00
2026-09-20,EURUSD,2027-01-25,FWD_OUTRIGHT,1.1544,BBG_BFXFORWARD,2026-09-21T00:52:00+08:00
2026-09-20,EURUSD,2027-02-23,FWD_OUTRIGHT,1.1558,BBG_BFXFORWARD,2026-09-21T00:52:00+08:00
2026-09-20,EURUSD,2027-03-23,FWD_OUTRIGHT,1.1571,BBG_BFXFORWARD,2026-09-21T00:52:00+08:00
2026-09-20,EURUSD,2027-06-23,FWD_OUTRIGHT,1.1612,BBG_BFXFORWARD,2026-09-21T00:52:00+08:00
2026-09-20,EURUSD,2027-09-23,FWD_OUTRIGHT,1.1653,BBG_BFXFORWARD,2026-09-21T00:52:00+08:00
2026-09-20,EURUSD,2027-12-23,FWD_OUTRIGHT,1.1693,BBG_BFXFORWARD,2026-09-21T00:52:00+08:00
2026-09-20,EURUSD,2028-03-23,FWD_OUTRIGHT,1.1735,BBG_BFXFORWARD,2026-09-21T00:52:00+08:00
2026-09-20,EURUSD,2028-09-25,FWD_OUTRIGHT,1.1816,BBG_BFXFORWARD,2026-09-21T00:52:00+08:00
2026-09-20,EURUSD,2029-09-24,FWD_OUTRIGHT,1.1975,BBG_BFXFORWARD,2026-09-21T00:52:00+08:00
2026-09-20,EURUSD,2030-09-23,FWD_OUTRIGHT,1.2131,BBG_BFXFORWARD,2026-09-21T00:52:00+08:00
2026-09-20,EURUSD,2031-09-23,FWD_OUTRIGHT,1.2288,BBG_BFXFORWARD,2026-09-21T00:52:00+08:00
2026-09-20,IRSOIS-USD-22860996,2027-02-11,CASHFLOW_USD,0.0,QL_PRICER,2026-09-20T17:00:00-04:00
2026-09-20,IRSOIS-USD-22860996,2027-02-11,DV01_USD,-15343.643796110526,QL_PRICER,2026-09-20T17:00:00-04:00
2026-09-20,IRSOIS-USD-22860996,2027-02-11,PAR_RATE,0.04202549389821308,QL_PRICER,2026-09-20T17:00:00-04:00
2026-09-20,IRSOIS-USD-22860996,2027-02-11,PV_USD,-345726.9440170098,QL_PRICER,2026-09-20T17:00:00-04:00
2026-09-20,IRSOIS-USD-22870318,2027-02-11,CASHFLOW_USD,0.0,QL_PRICER,2026-09-20T17:00:00-04:00
2026-09-20,IRSOIS-USD-22870318,2027-02-11,DV01_USD,-24423.28069122322,QL_PRICER,2026-09-20T17:00:00-04:00
2026-09-20,IRSOIS-USD-22870318,2027-02-11,PAR_RATE,0.04202549389783019,QL_PRICER,2026-09-20T17:00:00-04:00
2026-09-20,IRSOIS-USD-22870318,2027-02-11,PV_USD,-644376.8703794945,QL_PRICER,2026-09-20T17:00:00-04:00
2026-09-20,IRSOIS-USD-22907452,2027-02-11,CASHFLOW_USD,0.0,QL_PRICER,2026-09-20T17:00:00-04:00
2026-09-20,IRSOIS-USD-22907452,2027-02-11,DV01_USD,9891.87554311566,QL_PRICER,2026-09-20T17:00:00-04:00
2026-09-20,IRSOIS-USD-22907452,2027-02-11,PAR_RATE,0.04202549389782977,QL_PRICER,2026-09-20T17:00:00-04:00
2026-09-20,IRSOIS-USD-22907452,2027-02-11,PV_USD,325878.7866987805,QL_PRICER,2026-09-20T17:00:00-04:00
2026-09-20,IRSOIS-USD-22919058,2028-11-11,CASHFLOW_USD,0.0,QL_PRICER,2026-09-20T17:00:00-04:00
2026-09-20,IRSOIS-USD-22919058,2028-11-11,DV01_USD,-29495.596590084955,QL_PRICER,2026-09-20T17:00:00-04:00
2026-09-20,IRSOIS-USD-22919058,2028-11-11,PAR_RATE,0.0468341826502133,QL_PRICER,2026-09-20T17:00:00-04:00
2026-09-20,IRSOIS-USD-22919058,2028-11-11,PV_USD,-1806624.5944233146,QL_PRICER,2026-09-20T17:00:00-04:00
2026-09-20,IRSOIS-USD-22919059,2027-02-11,CASHFLOW_USD,0.0,QL_PRICER,2026-09-20T17:00:00-04:00
2026-09-20,IRSOIS-USD-22919059,2027-02-11,DV01_USD,29864.16949843988,QL_PRICER,2026-09-20T17:00:00-04:00
2026-09-20,IRSOIS-USD-22919059,2027-02-11,PAR_RATE,0.042025493897829655,QL_PRICER,2026-09-20T17:00:00-04:00
2026-09-20,IRSOIS-USD-22919059,2027-02-11,PV_USD,933268.0217321478,QL_PRICER,2026-09-20T17:00:00-04:00
2026-09-20,IRSOIS-USD-22927109,2028-11-11,CASHFLOW_USD,0.0,QL_PRICER,2026-09-20T17:00:00-04:00
2026-09-20,IRSOIS-USD-22927109,2028-11-11,DV01_USD,16628.771050164476,QL_PRICER,2026-09-20T17:00:00-04:00
2026-09-20,IRSOIS-USD-22927109,2028-11-11,PAR_RATE,0.04683418265021332,QL_PRICER,2026-09-20T17:00:00-04:00
2026-09-20,IRSOIS-USD-22927109,2028-11-11,PV_USD,1042310.8177610133,QL_PRICER,2026-09-20T17:00:00-04:00
2026-09-20,IRSOIS-USD-22927110,2028-11-11,CASHFLOW_USD,0.0,QL_PRICER,2026-09-20T17:00:00-04:00
2026-09-20,IRSOIS-USD-22927110,2028-11-11,DV01_USD,12858.523125239648,QL_PRICER,2026-09-20T17:00:00-04:00
2026-09-20,IRSOIS-USD-22927110,2028-11-11,PAR_RATE,0.04683418265021326,QL_PRICER,2026-09-20T17:00:00-04:00
2026-09-20,IRSOIS-USD-22927110,2028-11-11,PV_USD,816502.0266707204,QL_PRICER,2026-09-20T17:00:00-04:00
2026-09-20,IRSOIS-USD-22931939,2027-11-24,CASHFLOW_USD,0.0,QL_PRICER,2026-09-20T17:00:00-04:00
2026-09-20,IRSOIS-USD-22931939,2027-11-24,DV01_USD,14724.10483943019,QL_PRICER,2026-09-20T17:00:00-04:00
2026-09-20,IRSOIS-USD-22931939,2027-11-24,PAR_RATE,0.04628098163143257,QL_PRICER,2026-09-20T17:00:00-04:00
2026-09-20,IRSOIS-USD-22931939,2027-11-24,PV_USD,821640.030113264,QL_PRICER,2026-09-20T17:00:00-04:00
2026-09-20,IRSOIS-USD-22931948,2027-11-24,CASHFLOW_USD,0.0,QL_PRICER,2026-09-20T17:00:00-04:00
2026-09-20,IRSOIS-USD-22931948,2027-11-24,DV01_USD,9929.028840054292,QL_PRICER,2026-09-20T17:00:00-04:00
2026-09-20,IRSOIS-USD-22931948,2027-11-24,PAR_RATE,0.04628098163143261,QL_PRICER,2026-09-20T17:00:00-04:00
2026-09-20,IRSOIS-USD-22931948,2027-11-24,PV_USD,558633.4357736763,QL_PRICER,2026-09-20T17:00:00-04:00
2026-09-20,IRSOIS-USD-22950573,2027-11-26,CASHFLOW_USD,0.0,QL_PRICER,2026-09-20T17:00:00-04:00
2026-09-20,IRSOIS-USD-22950573,2027-11-26,DV01_USD,14669.062913515605,QL_PRICER,2026-09-20T17:00:00-04:00
2026-09-20,IRSOIS-USD-22950573,2027-11-26,PAR_RATE,0.04632641082171898,QL_PRICER,2026-09-20T17:00:00-04:00
2026-09-20,IRSOIS-USD-22950573,2027-11-26,PV_USD,786761.2972352356,QL_PRICER,2026-09-20T17:00:00-04:00
2026-09-20,IRSOIS-USD-23001697,2027-11-24,CASHFLOW_USD,0.0,QL_PRICER,2026-09-20T17:00:00-04:00
2026-09-20,IRSOIS-USD-23001697,2027-11-24,DV01_USD,-24593.145317306742,QL_PRICER,2026-09-20T17:00:00-04:00
2026-09-20,IRSOIS-USD-23001697,2027-11-24,PAR_RATE,0.04628098163143273,QL_PRICER,2026-09-20T17:00:00-04:00
2026-09-20,IRSOIS-USD-23001697,2027-11-24,PV_USD,-908276.5457311142,QL_PRICER,2026-09-20T17:00:00-04:00
2026-09-20,IRSOIS-USD-23001698,2036-11-24,CASHFLOW_USD,0.0,QL_PRICER,2026-09-20T17:00:00-04:00
2026-09-20,IRSOIS-USD-23001698,2036-11-24,DV01_USD,24444.153248349205,QL_PRICER,2026-09-20T17:00:00-04:00
2026-09-20,IRSOIS-USD-23001698,2036-11-24,PAR_RATE,0.04625318039921183,QL_PRICER,2026-09-20T17:00:00-04:00
2026-09-20,IRSOIS-USD-23001698,2036-11-24,PV_USD,500107.3958094884,QL_PRICER,2026-09-20T17:00:00-04:00
2026-09-20,IRSOIS-USD-23025998,2036-12-10,CASHFLOW_USD,0.0,QL_PRICER,2026-09-20T17:00:00-04:00
2026-09-20,IRSOIS-USD-23025998,2036-12-10,DV01_USD,14685.828366244212,QL_PRICER,2026-09-20T17:00:00-04:00
2026-09-20,IRSOIS-USD-23025998,2036-12-10,PAR_RATE,0.046283386281203494,QL_PRICER,2026-09-20T17:00:00-04:00
2026-09-20,IRSOIS-USD-23025998,2036-12-10,PV_USD,265298.1205730317,QL_PRICER,2026-09-20T17:00:00-04:00
2026-09-20,IRSOIS-USD-23049992,2027-11-24,CASHFLOW_USD,0.0,QL_PRICER,2026-09-20T17:00:00-04:00
2026-09-20,IRSOIS-USD-23049992,2027-11-24,DV01_USD,-14889.06123235356,QL_PRICER,2026-09-20T17:00:00-04:00
2026-09-20,IRSOIS-USD-23049992,2027-11-24,PAR_RATE,0.04628098163143273,QL_PRICER,2026-09-20T17:00:00-04:00
2026-09-20,IRSOIS-USD-23049992,2027-11-24,PV_USD,-297010.3760185661,QL_PRICER,2026-09-20T17:00:00-04:00
2026-09-20,IRSOIS-USD-23049993,2036-12-10,CASHFLOW_USD,0.0,QL_PRICER,2026-09-20T17:00:00-04:00
2026-09-20,IRSOIS-USD-23049993,2036-12-10,DV01_USD,-9895.259874789976,QL_PRICER,2026-09-20T17:00:00-04:00
2026-09-20,IRSOIS-USD-23049993,2036-12-10,PAR_RATE,0.0462833862812035,QL_PRICER,2026-09-20T17:00:00-04:00
2026-09-20,IRSOIS-USD-23049993,2036-12-10,PV_USD,-55953.85809790902,QL_PRICER,2026-09-20T17:00:00-04:00
2026-09-20,IRSOIS-USD-23070541,2036-12-17,CASHFLOW_USD,0.0,QL_PRICER,2026-09-20T17:00:00-04:00
2026-09-20,IRSOIS-USD-23070541,2036-12-17,DV01_USD,-15734.062787998468,QL_PRICER,2026-09-20T17:00:00-04:00
2026-09-20,IRSOIS-USD-23070541,2036-12-17,PAR_RATE,0.04629578775019257,QL_PRICER,2026-09-20T17:00:00-04:00
2026-09-20,IRSOIS-USD-23070541,2036-12-17,PV_USD,-8834.214986559004,QL_PRICER,2026-09-20T17:00:00-04:00
2026-09-20,IRSOIS-USD-23076944,2036-12-21,CASHFLOW_USD,0.0,QL_PRICER,2026-09-20T17:00:00-04:00
2026-09-20,IRSOIS-USD-23076944,2036-12-21,DV01_USD,15721.956740736961,QL_PRICER,2026-09-20T17:00:00-04:00
2026-09-20,IRSOIS-USD-23076944,2036-12-21,PAR_RATE,0.04630322199919517,QL_PRICER,2026-09-20T17:00:00-04:00
2026-09-20,IRSOIS-USD-23076944,2036-12-21,PV_USD,19794.13071290031,QL_PRICER,2026-09-20T17:00:00-04:00
2026-09-20,USDBRL,2026-09-20,SPOT,5.1418,BBG_BFXFORWARD,2026-09-21T00:52:00+08:00
2026-09-20,USDBRL,2026-09-22,FWD_OUTRIGHT,5.1418,BBG_BFXFORWARD,2026-09-21T00:52:00+08:00
2026-09-20,USDBRL,2026-09-23,FWD_OUTRIGHT,5.1418,BBG_BFXFORWARD,2026-09-21T00:52:00+08:00
2026-09-20,USDCAD,2026-09-20,SPOT,1.3987,BBG_BFXFORWARD,2026-09-21T00:52:00+08:00
2026-09-20,USDCAD,2026-09-21,FWD_OUTRIGHT,1.3988,BBG_INTERP,2026-09-21T00:52:00+08:00
2026-09-20,USDCAD,2026-09-22,FWD_OUTRIGHT,1.3989,BBG_BFXFORWARD,2026-09-21T00:52:00+08:00
2026-09-20,USDCAD,2026-09-23,FWD_OUTRIGHT,1.3986,BBG_BFXFORWARD,2026-09-21T00:52:00+08:00
2026-09-20,USDCAD,2026-09-29,FWD_OUTRIGHT,1.3982,BBG_BFXFORWARD,2026-09-21T00:52:00+08:00
2026-09-20,USDCAD,2026-10-22,FWD_OUTRIGHT,1.3966,BBG_BFXFORWARD,2026-09-21T00:52:00+08:00
2026-09-20,USDCAD,2026-11-23,FWD_OUTRIGHT,1.3943,BBG_BFXFORWARD,2026-09-21T00:52:00+08:00
2026-09-20,USDCAD,2026-12-22,FWD_OUTRIGHT,1.3924,BBG_BFXFORWARD,2026-09-21T00:52:00+08:00
2026-09-20,USDCAD,2027-01-22,FWD_OUTRIGHT,1.3902,BBG_BFXFORWARD,2026-09-21T00:52:00+08:00
2026-09-20,USDCAD,2027-02-22,FWD_OUTRIGHT,1.3881,BBG_BFXFORWARD,2026-09-21T00:52:00+08:00
2026-09-20,USDCAD,2027-03-22,FWD_OUTRIGHT,1.3864,BBG_BFXFORWARD,2026-09-21T00:52:00+08:00
2026-09-20,USDCAD,2027-06-22,FWD_OUTRIGHT,1.381,BBG_BFXFORWARD,2026-09-21T00:52:00+08:00
2026-09-20,USDCAD,2027-09-22,FWD_OUTRIGHT,1.3757,BBG_BFXFORWARD,2026-09-21T00:52:00+08:00
2026-09-20,USDCAD,2027-12-22,FWD_OUTRIGHT,1.3711,BBG_BFXFORWARD,2026-09-21T00:52:00+08:00
2026-09-20,USDCAD,2028-03-22,FWD_OUTRIGHT,1.3667,BBG_BFXFORWARD,2026-09-21T00:52:00+08:00
2026-09-20,USDCAD,2028-09-22,FWD_OUTRIGHT,1.3587,BBG_BFXFORWARD,2026-09-21T00:52:00+08:00
2026-09-20,USDCAD,2029-09-24,FWD_OUTRIGHT,1.3445,BBG_BFXFORWARD,2026-09-21T00:52:00+08:00
2026-09-20,USDCAD,2030-09-23,FWD_OUTRIGHT,1.3315,BBG_BFXFORWARD,2026-09-21T00:52:00+08:00
2026-09-20,USDCAD,2031-09-22,FWD_OUTRIGHT,1.3197,BBG_BFXFORWARD,2026-09-21T00:52:00+08:00
2026-09-20,USDCHF,2026-09-20,SPOT,0.8224,BBG_BFXFORWARD,2026-09-21T00:52:00+08:00
2026-09-20,USDCHF,2026-09-21,FWD_OUTRIGHT,0.82255,BBG_INTERP,2026-09-21T00:52:00+08:00
2026-09-20,USDCHF,2026-09-22,FWD_OUTRIGHT,0.8227,BBG_BFXFORWARD,2026-09-21T00:52:00+08:00
2026-09-20,USDCHF,2026-09-23,FWD_OUTRIGHT,0.8224,BBG_BFXFORWARD,2026-09-21T00:52:00+08:00
2026-09-20,USDCHF,2026-09-24,FWD_OUTRIGHT,0.8223,BBG_BFXFORWARD,2026-09-21T00:52:00+08:00
2026-09-20,USDCHF,2026-09-30,FWD_OUTRIGHT,0.8217,BBG_BFXFORWARD,2026-09-21T00:52:00+08:00
2026-09-20,USDCHF,2026-10-23,FWD_OUTRIGHT,0.8195,BBG_BFXFORWARD,2026-09-21T00:52:00+08:00
2026-09-20,USDCHF,2026-11-23,FWD_OUTRIGHT,0.8165,BBG_BFXFORWARD,2026-09-21T00:52:00+08:00
2026-09-20,USDCHF,2026-12-23,FWD_OUTRIGHT,0.8137,BBG_BFXFORWARD,2026-09-21T00:52:00+08:00
2026-09-20,USDCHF,2027-01-25,FWD_OUTRIGHT,0.8105,BBG_BFXFORWARD,2026-09-21T00:52:00+08:00
2026-09-20,USDCHF,2027-02-23,FWD_OUTRIGHT,0.8074,BBG_BFXFORWARD,2026-09-21T00:52:00+08:00
2026-09-20,USDCHF,2027-03-23,FWD_OUTRIGHT,0.8047,BBG_BFXFORWARD,2026-09-21T00:52:00+08:00
2026-09-20,USDCHF,2027-06-23,FWD_OUTRIGHT,0.7956,BBG_BFXFORWARD,2026-09-21T00:52:00+08:00
2026-09-20,USDCHF,2027-09-23,FWD_OUTRIGHT,0.7868,BBG_BFXFORWARD,2026-09-21T00:52:00+08:00
2026-09-20,USDCHF,2027-12-23,FWD_OUTRIGHT,0.7784,BBG_BFXFORWARD,2026-09-21T00:52:00+08:00
2026-09-20,USDCHF,2028-03-23,FWD_OUTRIGHT,0.7702,BBG_BFXFORWARD,2026-09-21T00:52:00+08:00
2026-09-20,USDCHF,2028-09-25,FWD_OUTRIGHT,0.7546,BBG_BFXFORWARD,2026-09-21T00:52:00+08:00
2026-09-20,USDCHF,2029-09-24,FWD_OUTRIGHT,0.7251,BBG_BFXFORWARD,2026-09-21T00:52:00+08:00
2026-09-20,USDCHF,2030-09-23,FWD_OUTRIGHT,0.698,BBG_BFXFORWARD,2026-09-21T00:52:00+08:00
2026-09-20,USDCHF,2031-09-23,FWD_OUTRIGHT,0.6724,BBG_BFXFORWARD,2026-09-21T00:52:00+08:00
2026-09-20,USDIDR,2026-09-20,SPOT,17742.0,BBG_BFXFORWARD,2026-09-21T00:52:00+08:00
2026-09-20,USDIDR,2026-09-21,FWD_OUTRIGHT,17742.0,BBG_INTERP,2026-09-21T00:52:00+08:00
2026-09-20,USDIDR,2026-09-22,FWD_OUTRIGHT,17742.0,BBG_BFXFORWARD,2026-09-21T00:52:00+08:00
2026-09-20,USDIDR,2026-09-23,FWD_OUTRIGHT,17742.0,BBG_BFXFORWARD,2026-09-21T00:52:00+08:00
2026-09-20,USDIDR,2026-09-24,FWD_OUTRIGHT,17743.269,BBG_BFXFORWARD,2026-09-21T00:52:00+08:00
2026-09-20,USDIDR,2026-09-30,FWD_OUTRIGHT,17750.88,BBG_BFXFORWARD,2026-09-21T00:52:00+08:00
2026-09-20,USDIDR,2026-10-23,FWD_OUTRIGHT,17769.75,BBG_BFXFORWARD,2026-09-21T00:52:00+08:00
2026-09-20,USDIDR,2026-11-23,FWD_OUTRIGHT,17798.0,BBG_BFXFORWARD,2026-09-21T00:52:00+08:00
2026-09-20,USDIDR,2026-12-23,FWD_OUTRIGHT,17824.0,BBG_BFXFORWARD,2026-09-21T00:52:00+08:00
2026-09-20,USDIDR,2027-01-25,FWD_OUTRIGHT,17853.058,BBG_BFXFORWARD,2026-09-21T00:52:00+08:00
2026-09-20,USDIDR,2027-02-23,FWD_OUTRIGHT,17878.594,BBG_BFXFORWARD,2026-09-21T00:52:00+08:00
2026-09-20,USDIDR,2027-03-23,FWD_OUTRIGHT,17903.25,BBG_BFXFORWARD,2026-09-21T00:52:00+08:00
2026-09-20,USDIDR,2027-06-23,FWD_OUTRIGHT,17968.25,BBG_BFXFORWARD,2026-09-21T00:52:00+08:00
2026-09-20,USDIDR,2027-09-23,FWD_OUTRIGHT,18033.25,BBG_BFXFORWARD,2026-09-21T00:52:00+08:00
2026-09-20,USDJPY,2026-09-20,SPOT,156.88,BBG_BFXFORWARD,2026-09-21T00:52:00+08:00
2026-09-20,USDJPY,2026-09-24,FWD_OUTRIGHT,156.9889,BBG_BFXFORWARD,2026-09-21T00:52:00+08:00
2026-09-20,USDJPY,2026-09-25,FWD_OUTRIGHT,156.8974,BBG_BFXFORWARD,2026-09-21T00:52:00+08:00
2026-09-20,USDJPY,2026-09-28,FWD_OUTRIGHT,156.8478,BBG_BFXFORWARD,2026-09-21T00:52:00+08:00
2026-09-20,USDJPY,2026-10-02,FWD_OUTRIGHT,156.7945,BBG_BFXFORWARD,2026-09-21T00:52:00+08:00
2026-09-20,USDJPY,2026-10-26,FWD_OUTRIGHT,156.501,BBG_BFXFORWARD,2026-09-21T00:52:00+08:00
2026-09-20,USDJPY,2026-11-19,FWD_OUTRIGHT,156.19595999999999,BBG_INTERP,2026-09-21T00:52:00+08:00
2026-09-20,USDJPY,2026-11-25,FWD_OUTRIGHT,156.1197,BBG_BFXFORWARD,2026-09-21T00:52:00+08:00
2026-09-20,USDJPY,2026-12-28,FWD_OUTRIGHT,155.6892,BBG_BFXFORWARD,2026-09-21T00:52:00+08:00
2026-09-20,USDJPY,2027-01-25,FWD_OUTRIGHT,155.305,BBG_BFXFORWARD,2026-09-21T00:52:00+08:00
2026-09-20,USDJPY,2027-02-25,FWD_OUTRIGHT,154.908,BBG_BFXFORWARD,2026-09-21T00:52:00+08:00
2026-09-20,USDJPY,2027-03-01,FWD_OUTRIGHT,154.85635714285712,BBG_INTERP,2026-09-21T00:52:00+08:00
2026-09-20,USDJPY,2027-03-03,FWD_OUTRIGHT,154.8305357142857,BBG_INTERP,2026-09-21T00:52:00+08:00
2026-09-20,USDJPY,2027-03-25,FWD_OUTRIGHT,154.5465,BBG_BFXFORWARD,2026-09-21T00:52:00+08:00
2026-09-20,USDJPY,2027-06-25,FWD_OUTRIGHT,153.3364,BBG_BFXFORWARD,2026-09-21T00:52:00+08:00
2026-09-20,USDJPY,2027-09-27,FWD_OUTRIGHT,152.134,BBG_BFXFORWARD,2026-09-21T00:52:00+08:00
2026-09-20,USDJPY,2027-12-27,FWD_OUTRIGHT,151.011,BBG_BFXFORWARD,2026-09-21T00:52:00+08:00
2026-09-20,USDJPY,2028-03-27,FWD_OUTRIGHT,149.9323,BBG_BFXFORWARD,2026-09-21T00:52:00+08:00
2026-09-20,USDJPY,2028-09-25,FWD_OUTRIGHT,147.9425,BBG_BFXFORWARD,2026-09-21T00:52:00+08:00
2026-09-20,USDJPY,2029-09-25,FWD_OUTRIGHT,144.3534,BBG_BFXFORWARD,2026-09-21T00:52:00+08:00
2026-09-20,USDJPY,2030-09-25,FWD_OUTRIGHT,141.296,BBG_BFXFORWARD,2026-09-21T00:52:00+08:00
2026-09-20,USDJPY,2031-09-25,FWD_OUTRIGHT,138.5051,BBG_BFXFORWARD,2026-09-21T00:52:00+08:00
2026-09-20,USDKRW,2026-09-20,SPOT,1386.85,BBG_BFXFORWARD,2026-09-21T00:52:00+08:00
2026-09-20,USDKRW,2026-09-21,FWD_OUTRIGHT,1386.85,BBG_INTERP,2026-09-21T00:52:00+08:00
2026-09-20,USDKRW,2026-09-22,FWD_OUTRIGHT,1386.85,BBG_BFXFORWARD,2026-09-21T00:52:00+08:00
2026-09-20,USDKRW,2026-09-23,FWD_OUTRIGHT,1386.85,BBG_BFXFORWARD,2026-09-21T00:52:00+08:00
2026-09-20,USDKRW,2026-09-28,FWD_OUTRIGHT,1386.767,BBG_BFXFORWARD,2026-09-21T00:52:00+08:00
2026-09-20,USDKRW,2026-09-30,FWD_OUTRIGHT,1386.733,BBG_BFXFORWARD,2026-09-21T00:52:00+08:00
2026-09-20,USDKRW,2026-10-13,FWD_OUTRIGHT,1386.5165217391304,BBG_INTERP,2026-09-21T00:52:00+08:00
2026-09-20,USDKRW,2026-10-23,FWD_OUTRIGHT,1386.35,BBG_BFXFORWARD,2026-09-21T00:52:00+08:00
2026-09-20,USDKRW,2026-11-23,FWD_OUTRIGHT,1385.53,BBG_BFXFORWARD,2026-09-21T00:52:00+08:00
2026-09-20,USDKRW,2026-12-23,FWD_OUTRIGHT,1384.15,BBG_BFXFORWARD,2026-09-21T00:52:00+08:00
2026-09-20,USDKRW,2027-01-25,FWD_OUTRIGHT,1383.16,BBG_BFXFORWARD,2026-09-21T00:52:00+08:00
2026-09-20,USDKRW,2027-02-23,FWD_OUTRIGHT,1382.29,BBG_BFXFORWARD,2026-09-21T00:52:00+08:00
2026-09-20,USDKRW,2027-03-23,FWD_OUTRIGHT,1381.45,BBG_BFXFORWARD,2026-09-21T00:52:00+08:00
2026-09-20,USDKRW,2027-06-23,FWD_OUTRIGHT,1377.15,BBG_BFXFORWARD,2026-09-21T00:52:00+08:00
2026-09-20,USDKRW,2027-09-23,FWD_OUTRIGHT,1372.85,BBG_BFXFORWARD,2026-09-21T00:52:00+08:00
2026-09-20,USDMXN,2026-09-20,SPOT,17.2301,BBG_BFXFORWARD,2026-09-21T00:52:00+08:00
2026-09-20,USDMXN,2026-09-21,FWD_OUTRIGHT,17.22755,BBG_INTERP,2026-09-21T00:52:00+08:00
2026-09-20,USDMXN,2026-09-22,FWD_OUTRIGHT,17.225,BBG_BFXFORWARD,2026-09-21T00:52:00+08:00
2026-09-20,USDMXN,2026-09-23,FWD_OUTRIGHT,17.2288,BBG_BFXFORWARD,2026-09-21T00:52:00+08:00
2026-09-20,USDMXN,2026-09-24,FWD_OUTRIGHT,17.2314,BBG_BFXFORWARD,2026-09-21T00:52:00+08:00
2026-09-20,USDMXN,2026-09-30,FWD_OUTRIGHT,17.2396,BBG_BFXFORWARD,2026-09-21T00:52:00+08:00
2026-09-20,USDMXN,2026-10-23,FWD_OUTRIGHT,17.2702,BBG_BFXFORWARD,2026-09-21T00:52:00+08:00
2026-09-20,USDMXN,2026-11-23,FWD_OUTRIGHT,17.3128,BBG_BFXFORWARD,2026-09-21T00:52:00+08:00
2026-09-20,USDMXN,2026-12-23,FWD_OUTRIGHT,17.3506,BBG_BFXFORWARD,2026-09-21T00:52:00+08:00
2026-09-20,USDMXN,2027-01-25,FWD_OUTRIGHT,17.3896,BBG_BFXFORWARD,2026-09-21T00:52:00+08:00
2026-09-20,USDMXN,2027-02-23,FWD_OUTRIGHT,17.429,BBG_BFXFORWARD,2026-09-21T00:52:00+08:00
2026-09-20,USDMXN,2027-03-23,FWD_OUTRIGHT,17.4648,BBG_BFXFORWARD,2026-09-21T00:52:00+08:00
2026-09-20,USDMXN,2027-06-23,FWD_OUTRIGHT,17.5831,BBG_BFXFORWARD,2026-09-21T00:52:00+08:00
2026-09-20,USDMXN,2027-09-23,FWD_OUTRIGHT,17.7071,BBG_BFXFORWARD,2026-09-21T00:52:00+08:00
2026-09-20,USDMXN,2027-12-23,FWD_OUTRIGHT,17.852,BBG_BFXFORWARD,2026-09-21T00:52:00+08:00
2026-09-20,USDMXN,2028-03-23,FWD_OUTRIGHT,17.9968,BBG_BFXFORWARD,2026-09-21T00:52:00+08:00
2026-09-20,USDMXN,2028-09-25,FWD_OUTRIGHT,18.3361,BBG_BFXFORWARD,2026-09-21T00:52:00+08:00
2026-09-20,USDMXN,2029-09-24,FWD_OUTRIGHT,19.1074,BBG_BFXFORWARD,2026-09-21T00:52:00+08:00
2026-09-20,USDMXN,2030-09-23,FWD_OUTRIGHT,19.9811,BBG_BFXFORWARD,2026-09-21T00:52:00+08:00
2026-09-20,USDMXN,2031-09-23,FWD_OUTRIGHT,20.9151,BBG_BFXFORWARD,2026-09-21T00:52:00+08:00
2026-09-20,USDNOK,2026-09-20,SPOT,9.4086,BBG_BFXFORWARD,2026-09-21T00:52:00+08:00
2026-09-20,USDNOK,2026-09-21,FWD_OUTRIGHT,9.4084,BBG_INTERP,2026-09-21T00:52:00+08:00
2026-09-20,USDNOK,2026-09-22,FWD_OUTRIGHT,9.4082,BBG_BFXFORWARD,2026-09-21T00:52:00+08:00
2026-09-20,USDNOK,2026-09-23,FWD_OUTRIGHT,9.4085,BBG_BFXFORWARD,2026-09-21T00:52:00+08:00
2026-09-20,USDNOK,2026-09-24,FWD_OUTRIGHT,9.4086,BBG_BFXFORWARD,2026-09-21T00:52:00+08:00
2026-09-20,USDNOK,2026-09-30,FWD_OUTRIGHT,9.4092,BBG_BFXFORWARD,2026-09-21T00:52:00+08:00
2026-09-20,USDNOK,2026-10-23,FWD_OUTRIGHT,9.4116,BBG_BFXFORWARD,2026-09-21T00:52:00+08:00
2026-09-20,USDNOK,2026-11-23,FWD_OUTRIGHT,9.4144,BBG_BFXFORWARD,2026-09-21T00:52:00+08:00
2026-09-20,USDNOK,2026-12-23,FWD_OUTRIGHT,9.4165,BBG_BFXFORWARD,2026-09-21T00:52:00+08:00
2026-09-20,USDNOK,2027-01-25,FWD_OUTRIGHT,9.4178,BBG_BFXFORWARD,2026-09-21T00:52:00+08:00
2026-09-20,USDNOK,2027-02-23,FWD_OUTRIGHT,9.4197,BBG_BFXFORWARD,2026-09-21T00:52:00+08:00
2026-09-20,USDNOK,2027-03-23,FWD_OUTRIGHT,9.421,BBG_BFXFORWARD,2026-09-21T00:52:00+08:00
2026-09-20,USDNOK,2027-06-23,FWD_OUTRIGHT,9.4219,BBG_BFXFORWARD,2026-09-21T00:52:00+08:00
2026-09-20,USDNOK,2027-09-23,FWD_OUTRIGHT,9.4201,BBG_BFXFORWARD,2026-09-21T00:52:00+08:00
2026-09-20,USDNOK,2027-12-23,FWD_OUTRIGHT,9.4171,BBG_BFXFORWARD,2026-09-21T00:52:00+08:00
2026-09-20,USDNOK,2028-03-23,FWD_OUTRIGHT,9.4146,BBG_BFXFORWARD,2026-09-21T00:52:00+08:00
2026-09-20,USDNOK,2028-09-25,FWD_OUTRIGHT,9.4083,BBG_BFXFORWARD,2026-09-21T00:52:00+08:00
2026-09-20,USDNOK,2029-09-24,FWD_OUTRIGHT,9.3828,BBG_BFXFORWARD,2026-09-21T00:52:00+08:00
2026-09-20,USDNOK,2030-09-23,FWD_OUTRIGHT,9.3428,BBG_BFXFORWARD,2026-09-21T00:52:00+08:00
2026-09-20,USDNOK,2031-09-23,FWD_OUTRIGHT,9.2878,BBG_BFXFORWARD,2026-09-21T00:52:00+08:00
2026-09-20,USDSEK,2026-09-20,SPOT,9.8304,BBG_BFXFORWARD,2026-09-21T00:52:00+08:00
2026-09-20,USDSEK,2026-09-21,FWD_OUTRIGHT,9.8316,BBG_INTERP,2026-09-21T00:52:00+08:00
2026-09-20,USDSEK,2026-09-22,FWD_OUTRIGHT,9.8328,BBG_BFXFORWARD,2026-09-21T00:52:00+08:00
2026-09-20,USDSEK,2026-09-23,FWD_OUTRIGHT,9.8309,BBG_BFXFORWARD,2026-09-21T00:52:00+08:00
2026-09-20,USDSEK,2026-09-24,FWD_OUTRIGHT,9.8297,BBG_BFXFORWARD,2026-09-21T00:52:00+08:00
2026-09-20,USDSEK,2026-09-30,FWD_OUTRIGHT,9.8261,BBG_BFXFORWARD,2026-09-21T00:52:00+08:00
2026-09-20,USDSEK,2026-10-23,FWD_OUTRIGHT,9.8125,BBG_BFXFORWARD,2026-09-21T00:52:00+08:00
2026-09-20,USDSEK,2026-11-23,FWD_OUTRIGHT,9.7935,BBG_BFXFORWARD,2026-09-21T00:52:00+08:00
2026-09-20,USDSEK,2026-12-23,FWD_OUTRIGHT,9.7764,BBG_BFXFORWARD,2026-09-21T00:52:00+08:00
2026-09-20,USDSEK,2027-01-25,FWD_OUTRIGHT,9.7566,BBG_BFXFORWARD,2026-09-21T00:52:00+08:00
2026-09-20,USDSEK,2027-02-23,FWD_OUTRIGHT,9.7391,BBG_BFXFORWARD,2026-09-21T00:52:00+08:00
2026-09-20,USDSEK,2027-03-23,FWD_OUTRIGHT,9.7241,BBG_BFXFORWARD,2026-09-21T00:52:00+08:00
2026-09-20,USDSEK,2027-06-23,FWD_OUTRIGHT,9.6769,BBG_BFXFORWARD,2026-09-21T00:52:00+08:00
2026-09-20,USDSEK,2027-09-23,FWD_OUTRIGHT,9.6333,BBG_BFXFORWARD,2026-09-21T00:52:00+08:00
2026-09-20,USDSEK,2027-12-23,FWD_OUTRIGHT,9.5926,BBG_BFXFORWARD,2026-09-21T00:52:00+08:00
2026-09-20,USDSEK,2028-03-23,FWD_OUTRIGHT,9.5515,BBG_BFXFORWARD,2026-09-21T00:52:00+08:00
2026-09-20,USDSEK,2028-09-25,FWD_OUTRIGHT,9.4767,BBG_BFXFORWARD,2026-09-21T00:52:00+08:00
2026-09-20,USDSEK,2029-09-24,FWD_OUTRIGHT,9.3354,BBG_BFXFORWARD,2026-09-21T00:52:00+08:00
2026-09-20,USDSEK,2030-09-23,FWD_OUTRIGHT,9.2103,BBG_BFXFORWARD,2026-09-21T00:52:00+08:00
2026-09-20,USDSEK,2031-09-23,FWD_OUTRIGHT,9.0941,BBG_BFXFORWARD,2026-09-21T00:52:00+08:00
2026-09-20,USDTRY,2026-09-20,SPOT,48.7779,BBG_BFXFORWARD,2026-09-21T00:52:00+08:00
2026-09-20,USDTRY,2026-09-22,FWD_OUTRIGHT,48.6582,BBG_BFXFORWARD,2026-09-21T00:52:00+08:00
2026-09-20,USDTRY,2026-09-23,FWD_OUTRIGHT,48.8159,BBG_BFXFORWARD,2026-09-21T00:52:00+08:00
2026-09-20,USDTRY,2026-09-29,FWD_OUTRIGHT,49.0438,BBG_BFXFORWARD,2026-09-21T00:52:00+08:00
2026-09-20,USDTRY,2026-10-22,FWD_OUTRIGHT,49.9978,BBG_BFXFORWARD,2026-09-21T00:52:00+08:00
2026-09-20,USDTRY,2026-11-23,FWD_OUTRIGHT,51.3803,BBG_BFXFORWARD,2026-09-21T00:52:00+08:00
2026-09-20,USDTRY,2026-12-22,FWD_OUTRIGHT,52.5721,BBG_BFXFORWARD,2026-09-21T00:52:00+08:00
2026-09-20,USDTRY,2027-01-22,FWD_OUTRIGHT,53.8998,BBG_BFXFORWARD,2026-09-21T00:52:00+08:00
2026-09-20,USDTRY,2027-02-22,FWD_OUTRIGHT,55.2944,BBG_BFXFORWARD,2026-09-21T00:52:00+08:00
2026-09-20,USDTRY,2027-03-22,FWD_OUTRIGHT,56.5419,BBG_BFXFORWARD,2026-09-21T00:52:00+08:00
2026-09-20,USDTRY,2027-06-22,FWD_OUTRIGHT,60.8195,BBG_BFXFORWARD,2026-09-21T00:52:00+08:00
2026-09-20,USDTRY,2027-09-22,FWD_OUTRIGHT,65.4908,BBG_BFXFORWARD,2026-09-21T00:52:00+08:00
2026-09-20,USDTRY,2027-12-22,FWD_OUTRIGHT,70.716,BBG_BFXFORWARD,2026-09-21T00:52:00+08:00
2026-09-20,USDTRY,2028-03-22,FWD_OUTRIGHT,76.0265,BBG_BFXFORWARD,2026-09-21T00:52:00+08:00
2026-09-20,USDTRY,2028-09-22,FWD_OUTRIGHT,89.3612,BBG_BFXFORWARD,2026-09-21T00:52:00+08:00
2026-09-20,USDTRY,2029-09-24,FWD_OUTRIGHT,117.7892,BBG_BFXFORWARD,2026-09-21T00:52:00+08:00
2026-09-20,USDTRY,2030-09-23,FWD_OUTRIGHT,151.4471,BBG_BFXFORWARD,2026-09-21T00:52:00+08:00
2026-09-20,USDTRY,2031-09-22,FWD_OUTRIGHT,169.373,BBG_BFXFORWARD,2026-09-21T00:52:00+08:00
2026-09-20,USDTWD,2026-09-20,SPOT,31.801,BBG_BFXFORWARD,2026-09-21T00:52:00+08:00
2026-09-20,USDTWD,2026-09-21,FWD_OUTRIGHT,31.801,BBG_INTERP,2026-09-21T00:52:00+08:00
2026-09-20,USDTWD,2026-09-22,FWD_OUTRIGHT,31.801,BBG_BFXFORWARD,2026-09-21T00:52:00+08:00
2026-09-20,USDTWD,2026-09-23,FWD_OUTRIGHT,31.801,BBG_BFXFORWARD,2026-09-21T00:52:00+08:00
2026-09-20,USDZAR,2026-09-20,SPOT,16.2524,BBG_BFXFORWARD,2026-09-21T00:52:00+08:00
2026-09-20,USDZAR,2026-09-21,FWD_OUTRIGHT,16.250700000000002,BBG_INTERP,2026-09-21T00:52:00+08:00
2026-09-20,USDZAR,2026-09-22,FWD_OUTRIGHT,16.249,BBG_BFXFORWARD,2026-09-21T00:52:00+08:00
2026-09-20,USDZAR,2026-09-23,FWD_OUTRIGHT,16.2516,BBG_BFXFORWARD,2026-09-21T00:52:00+08:00
2026-09-20,USDZAR,2026-09-25,FWD_OUTRIGHT,16.2532,BBG_BFXFORWARD,2026-09-21T00:52:00+08:00
2026-09-20,USDZAR,2026-09-30,FWD_OUTRIGHT,16.2588,BBG_BFXFORWARD,2026-09-21T00:52:00+08:00
2026-09-20,USDZAR,2026-10-13,FWD_OUTRIGHT,16.272817391304347,BBG_INTERP,2026-09-21T00:52:00+08:00
2026-09-20,USDZAR,2026-10-23,FWD_OUTRIGHT,16.2836,BBG_BFXFORWARD,2026-09-21T00:52:00+08:00
2026-09-20,USDZAR,2026-11-23,FWD_OUTRIGHT,16.3179,BBG_BFXFORWARD,2026-09-21T00:52:00+08:00
2026-09-20,USDZAR,2026-12-23,FWD_OUTRIGHT,16.3485,BBG_BFXFORWARD,2026-09-21T00:52:00+08:00
2026-09-20,USDZAR,2027-01-25,FWD_OUTRIGHT,16.3816,BBG_BFXFORWARD,2026-09-21T00:52:00+08:00
2026-09-20,USDZAR,2027-02-23,FWD_OUTRIGHT,16.4157,BBG_BFXFORWARD,2026-09-21T00:52:00+08:00
2026-09-20,USDZAR,2027-03-23,FWD_OUTRIGHT,16.4477,BBG_BFXFORWARD,2026-09-21T00:52:00+08:00
2026-09-20,USDZAR,2027-06-23,FWD_OUTRIGHT,16.5491,BBG_BFXFORWARD,2026-09-21T00:52:00+08:00
2026-09-20,USDZAR,2027-09-23,FWD_OUTRIGHT,16.6464,BBG_BFXFORWARD,2026-09-21T00:52:00+08:00
2026-09-20,USDZAR,2027-12-23,FWD_OUTRIGHT,16.7478,BBG_BFXFORWARD,2026-09-21T00:52:00+08:00
2026-09-20,USDZAR,2028-03-23,FWD_OUTRIGHT,16.8609,BBG_BFXFORWARD,2026-09-21T00:52:00+08:00
2026-09-20,USDZAR,2028-09-26,FWD_OUTRIGHT,17.0776,BBG_BFXFORWARD,2026-09-21T00:52:00+08:00
2026-09-20,USDZAR,2029-09-25,FWD_OUTRIGHT,17.5658,BBG_BFXFORWARD,2026-09-21T00:52:00+08:00
2026-09-20,USDZAR,2030-09-23,FWD_OUTRIGHT,18.0922,BBG_BFXFORWARD,2026-09-21T00:52:00+08:00
2026-09-20,USDZAR,2031-09-23,FWD_OUTRIGHT,18.7066,BBG_BFXFORWARD,2026-09-21T00:52:00+08:00
2026-09-20,XAUUSD,2026-09-20,SPOT,4378.63,BBG_BFXFORWARD,2026-09-21T00:52:00+08:00
2026-09-20,XAUUSD,2026-09-21,FWD_OUTRIGHT,4378.97993,BBG_INTERP,2026-09-21T00:52:00+08:00
2026-09-20,XAUUSD,2026-09-22,FWD_OUTRIGHT,4379.32986,BBG_INTERP,2026-09-21T00:52:00+08:00
2026-09-20,XAUUSD,2026-09-30,FWD_OUTRIGHT,4382.1293,BBG_BFXFORWARD,2026-09-21T00:52:00+08:00
2026-09-20,XAUUSD,2026-10-15,FWD_OUTRIGHT,4389.806169565217,BBG_INTERP,2026-09-21T00:52:00+08:00
2026-09-20,XAUUSD,2026-10-23,FWD_OUTRIGHT,4393.9005,BBG_BFXFORWARD,2026-09-21T00:52:00+08:00
2026-09-20,XAUUSD,2026-11-23,FWD_OUTRIGHT,4409.9767,BBG_BFXFORWARD,2026-09-21T00:52:00+08:00
2026-09-20,XAUUSD,2026-12-23,FWD_OUTRIGHT,4425.8912,BBG_BFXFORWARD,2026-09-21T00:52:00+08:00
2026-09-20,XAUUSD,2027-01-25,FWD_OUTRIGHT,4445.2922,BBG_BFXFORWARD,2026-09-21T00:52:00+08:00
2026-09-20,XAUUSD,2027-02-23,FWD_OUTRIGHT,4461.813,BBG_BFXFORWARD,2026-09-21T00:52:00+08:00
2026-09-20,XAUUSD,2027-03-23,FWD_OUTRIGHT,4477.5864,BBG_BFXFORWARD,2026-09-21T00:52:00+08:00
2026-09-20,XAUUSD,2027-06-23,FWD_OUTRIGHT,4532.3674,BBG_BFXFORWARD,2026-09-21T00:52:00+08:00
2026-09-20,XAUUSD,2027-09-23,FWD_OUTRIGHT,4588.8377,BBG_BFXFORWARD,2026-09-21T00:52:00+08:00
2026-09-20,XAUUSD,2028-03-23,FWD_OUTRIGHT,4694.6515,BBG_BFXFORWARD,2026-09-21T00:52:00+08:00
2026-09-20,XAUUSD,2028-09-25,FWD_OUTRIGHT,4806.1223,BBG_BFXFORWARD,2026-09-21T00:52:00+08:00
2026-09-20,XAUUSD,2029-09-24,FWD_OUTRIGHT,5012.4063,BBG_BFXFORWARD,2026-09-21T00:52:00+08:00
2026-09-20,XAUUSD,2030-09-23,FWD_OUTRIGHT,5217.3712,BBG_BFXFORWARD,2026-09-21T00:52:00+08:00
2026-09-20,XAUUSD,2031-09-23,FWD_OUTRIGHT,5424.692,BBG_BFXFORWARD,2026-09-21T00:52:00+08:00
2026-09-21,AUDUSD,2026-09-21,FWD_OUTRIGHT,0.7122,BBG_BFXFORWARD,2026-09-21T15:00:00-04:00
2026-09-21,AUDUSD,2026-09-21,SPOT,0.7122,BBG_BFXFORWARD,2026-09-21T15:00:00-04:00
2026-09-21,AUDUSD,2026-09-22,FWD_OUTRIGHT,0.7122,BBG_INTERP,2026-09-21T15:00:00-04:00
2026-09-21,AUDUSD,2026-09-23,FWD_OUTRIGHT,0.7122,BBG_INTERP,2026-09-21T15:00:00-04:00
2026-09-21,AUDUSD,2026-09-24,FWD_OUTRIGHT,0.7121935714285715,BBG_INTERP,2026-09-21T15:00:00-04:00
2026-09-21,AUDUSD,2026-09-25,FWD_OUTRIGHT,0.7123,BBG_BFXFORWARD,2026-09-22T11:44:37+08:00
2026-09-21,AUDUSD,2026-09-28,FWD_OUTRIGHT,0.7121678571428572,BBG_INTERP,2026-09-21T15:00:00-04:00
2026-09-21,AUDUSD,2026-09-30,FWD_OUTRIGHT,0.713,BBG_BFXFORWARD,2026-09-21T21:50:52+08:00
2026-09-21,AUDUSD,2026-10-01,FWD_OUTRIGHT,0.7123,BBG_BFXFORWARD,2026-09-22T11:44:37+08:00
2026-09-21,AUDUSD,2026-10-23,FWD_OUTRIGHT,0.7128,BBG_BFXFORWARD,2026-09-21T21:50:52+08:00
2026-09-21,AUDUSD,2026-10-26,FWD_OUTRIGHT,0.712,BBG_BFXFORWARD,2026-09-22T11:44:37+08:00
2026-09-21,AUDUSD,2026-11-23,FWD_OUTRIGHT,0.7124,BBG_BFXFORWARD,2026-09-21T21:50:52+08:00
2026-09-21,AUDUSD,2026-11-24,FWD_OUTRIGHT,0.7117,BBG_BFXFORWARD,2026-09-22T11:44:37+08:00
2026-09-21,AUDUSD,2026-12-23,FWD_OUTRIGHT,0.7121,BBG_BFXFORWARD,2026-09-21T21:50:52+08:00
2026-09-21,AUDUSD,2026-12-24,FWD_OUTRIGHT,0.7114,BBG_BFXFORWARD,2026-09-22T11:44:37+08:00
2026-09-21,AUDUSD,2027-01-25,FWD_OUTRIGHT,0.7111,BBG_BFXFORWARD,2026-09-22T11:44:37+08:00
2026-09-21,AUDUSD,2027-02-23,FWD_OUTRIGHT,0.7115,BBG_BFXFORWARD,2026-09-21T21:50:52+08:00
2026-09-21,AUDUSD,2027-02-24,FWD_OUTRIGHT,0.7109,BBG_BFXFORWARD,2026-09-22T11:44:37+08:00
2026-09-21,AUDUSD,2027-03-23,FWD_OUTRIGHT,0.7113,BBG_BFXFORWARD,2026-09-21T21:50:52+08:00
2026-09-21,AUDUSD,2027-03-24,FWD_OUTRIGHT,0.7106,BBG_BFXFORWARD,2026-09-22T11:44:37+08:00
2026-09-21,AUDUSD,2027-06-23,FWD_OUTRIGHT,0.7106,BBG_BFXFORWARD,2026-09-21T21:50:52+08:00
2026-09-21,AUDUSD,2027-06-24,FWD_OUTRIGHT,0.71,BBG_BFXFORWARD,2026-09-22T11:44:37+08:00
2026-09-21,AUDUSD,2027-09-23,FWD_OUTRIGHT,0.71,BBG_BFXFORWARD,2026-09-21T21:50:52+08:00
2026-09-21,AUDUSD,2027-09-24,FWD_OUTRIGHT,0.7095,BBG_BFXFORWARD,2026-09-22T11:44:37+08:00
2026-09-21,AUDUSD,2027-12-23,FWD_OUTRIGHT,0.7095,BBG_BFXFORWARD,2026-09-21T21:50:52+08:00
2026-09-21,AUDUSD,2027-12-24,FWD_OUTRIGHT,0.709,BBG_BFXFORWARD,2026-09-22T11:44:37+08:00
2026-09-21,AUDUSD,2028-03-23,FWD_OUTRIGHT,0.709,BBG_BFXFORWARD,2026-09-21T21:50:52+08:00
2026-09-21,AUDUSD,2028-03-24,FWD_OUTRIGHT,0.7086,BBG_BFXFORWARD,2026-09-22T11:44:37+08:00
2026-09-21,AUDUSD,2028-09-25,FWD_OUTRIGHT,0.7078,BBG_BFXFORWARD,2026-09-22T11:44:37+08:00
2026-09-21,AUDUSD,2029-09-24,FWD_OUTRIGHT,0.7053,BBG_BFXFORWARD,2026-09-22T11:44:37+08:00
2026-09-21,AUDUSD,2030-09-23,FWD_OUTRIGHT,0.7024,BBG_BFXFORWARD,2026-09-21T21:50:52+08:00
2026-09-21,AUDUSD,2030-09-24,FWD_OUTRIGHT,0.702,BBG_BFXFORWARD,2026-09-22T11:44:37+08:00
2026-09-21,AUDUSD,2031-09-23,FWD_OUTRIGHT,0.6983,BBG_BFXFORWARD,2026-09-21T21:50:52+08:00
2026-09-21,AUDUSD,2031-09-24,FWD_OUTRIGHT,0.6977,BBG_BFXFORWARD,2026-09-22T11:44:37+08:00
2026-09-21,ESZ6 Index,2026-12-18,FUTURE_PX,7834.25,BBG_BDH,2026-09-21T15:00:00-04:00
2026-09-21,EURSEK,2026-09-21,SPOT,11.280850000000001,BBG_BFXFORWARD,2026-09-21T15:00:00-04:00
2026-09-21,EURSEK,2026-09-22,FWD_OUTRIGHT,11.2825,BBG_BFXFORWARD,2026-09-21T21:50:52+08:00
2026-09-21,EURSEK,2026-09-23,FWD_OUTRIGHT,11.2786,BBG_BFXFORWARD,2026-09-22T11:44:37+08:00
2026-09-21,EURSEK,2026-09-24,FWD_OUTRIGHT,11.2784,BBG_BFXFORWARD,2026-09-22T11:44:37+08:00
2026-09-21,EURSEK,2026-09-25,FWD_OUTRIGHT,11.280360142857143,BBG_INTERP,2026-09-21T15:00:00-04:00
2026-09-21,EURSEK,2026-09-30,FWD_OUTRIGHT,11.2803,BBG_BFXFORWARD,2026-09-21T21:50:52+08:00
2026-09-21,EURSEK,2026-10-01,FWD_OUTRIGHT,11.2766,BBG_BFXFORWARD,2026-09-22T11:44:37+08:00
2026-09-21,EURSEK,2026-10-23,FWD_OUTRIGHT,11.2751,BBG_BFXFORWARD,2026-09-21T21:50:52+08:00
2026-09-21,EURSEK,2026-10-26,FWD_OUTRIGHT,11.2709,BBG_BFXFORWARD,2026-09-22T11:44:37+08:00
2026-09-21,EURSEK,2026-11-23,FWD_OUTRIGHT,11.2683,BBG_BFXFORWARD,2026-09-21T21:50:52+08:00
2026-09-21,EURSEK,2026-11-24,FWD_OUTRIGHT,11.2644,BBG_BFXFORWARD,2026-09-22T11:44:37+08:00
2026-09-21,EURSEK,2026-11-25,FWD_OUTRIGHT,11.266729533333335,BBG_INTERP,2026-09-21T15:00:00-04:00
2026-09-21,EURSEK,2026-11-27,FWD_OUTRIGHT,11.266340066666668,BBG_INTERP,2026-09-21T15:00:00-04:00
2026-09-21,EURSEK,2026-12-23,FWD_OUTRIGHT,11.2625,BBG_BFXFORWARD,2026-09-21T21:50:52+08:00
2026-09-21,EURSEK,2026-12-28,FWD_OUTRIGHT,11.258,BBG_BFXFORWARD,2026-09-22T11:44:37+08:00
2026-09-21,EURSEK,2027-01-25,FWD_OUTRIGHT,11.2504,BBG_BFXFORWARD,2026-09-22T11:44:37+08:00
2026-09-21,EURSEK,2027-02-23,FWD_OUTRIGHT,11.2487,BBG_BFXFORWARD,2026-09-21T21:50:52+08:00
2026-09-21,EURSEK,2027-02-24,FWD_OUTRIGHT,11.2449,BBG_BFXFORWARD,2026-09-22T11:44:37+08:00
2026-09-21,EURSEK,2027-03-23,FWD_OUTRIGHT,11.2437,BBG_BFXFORWARD,2026-09-21T21:50:52+08:00
2026-09-21,EURSEK,2027-03-24,FWD_OUTRIGHT,11.2398,BBG_BFXFORWARD,2026-09-22T11:44:37+08:00
2026-09-21,EURSEK,2027-06-23,FWD_OUTRIGHT,11.2294,BBG_BFXFORWARD,2026-09-21T21:50:52+08:00
2026-09-21,EURSEK,2027-06-24,FWD_OUTRIGHT,11.2249,BBG_BFXFORWARD,2026-09-22T11:44:37+08:00
2026-09-21,EURSEK,2027-09-23,FWD_OUTRIGHT,11.2177,BBG_BFXFORWARD,2026-09-21T21:50:52+08:00
2026-09-21,EURSEK,2027-09-24,FWD_OUTRIGHT,11.2125,BBG_BFXFORWARD,2026-09-22T11:44:37+08:00
2026-09-21,EURSEK,2027-12-23,FWD_OUTRIGHT,11.2084,BBG_BFXFORWARD,2026-09-21T21:50:52+08:00
2026-09-21,EURSEK,2027-12-27,FWD_OUTRIGHT,11.2029,BBG_BFXFORWARD,2026-09-22T11:44:37+08:00
2026-09-21,EURSEK,2028-03-23,FWD_OUTRIGHT,11.1996,BBG_BFXFORWARD,2026-09-21T21:50:52+08:00
2026-09-21,EURSEK,2028-03-24,FWD_OUTRIGHT,11.1937,BBG_BFXFORWARD,2026-09-22T11:44:37+08:00
2026-09-21,EURSEK,2028-09-25,FWD_OUTRIGHT,11.1814,BBG_BFXFORWARD,2026-09-22T11:44:37+08:00
2026-09-21,EURSEK,2029-09-24,FWD_OUTRIGHT,11.1646,BBG_BFXFORWARD,2026-09-22T11:44:37+08:00
2026-09-21,EURSEK,2030-09-23,FWD_OUTRIGHT,11.1628,BBG_BFXFORWARD,2026-09-21T21:50:52+08:00
2026-09-21,EURSEK,2030-09-24,FWD_OUTRIGHT,11.1609,BBG_BFXFORWARD,2026-09-22T11:44:37+08:00
2026-09-21,EURSEK,2031-09-23,FWD_OUTRIGHT,11.1631,BBG_BFXFORWARD,2026-09-21T21:50:52+08:00
2026-09-21,EURSEK,2031-09-24,FWD_OUTRIGHT,11.1681,BBG_BFXFORWARD,2026-09-22T11:44:37+08:00
2026-09-21,EURSEK092326C-197727826,2026-09-23,DELTA,0.9998212841920222,QL_OPTIONS_PRICER,2026-09-21T15:00:00-04:00
2026-09-21,EURSEK092326C-197727826,2026-09-23,DELTA_PA,0.980300185478713,QL_OPTIONS_PRICER,2026-09-21T15:00:00-04:00
2026-09-21,EURSEK092326C-197727826,2026-09-23,GAMMA,0.0031504191723788137,QL_OPTIONS_PRICER,2026-09-21T15:00:00-04:00
2026-09-21,EURSEK092326C-197727826,2026-09-23,PREMIUM,0.019521098713309214,QL_OPTIONS_PRICER,2026-09-21T15:00:00-04:00
2026-09-21,EURSEK092326C-197727826,2026-09-23,RHO,0.0006059517450606872,QL_OPTIONS_PRICER,2026-09-21T15:00:00-04:00
2026-09-21,EURSEK092326C-197727826,2026-09-23,THETA,0.0011153672323578059,QL_OPTIONS_PRICER,2026-09-21T15:00:00-04:00
2026-09-21,EURSEK092326C-197727826,2026-09-23,VEGA,1.411109556536366e-06,QL_OPTIONS_PRICER,2026-09-21T15:00:00-04:00
2026-09-21,EURSEK092326P-197728105,2026-09-23,DELTA,-4.295665374031152e-05,QL_OPTIONS_PRICER,2026-09-21T15:00:00-04:00
2026-09-21,EURSEK092326P-197728105,2026-09-23,DELTA_PA,-4.300613804634534e-05,QL_OPTIONS_PRICER,2026-09-21T15:00:00-04:00
2026-09-21,EURSEK092326P-197728105,2026-09-23,GAMMA,0.0031504191723788137,QL_OPTIONS_PRICER,2026-09-21T15:00:00-04:00
2026-09-21,EURSEK092326P-197728105,2026-09-23,PREMIUM,4.948430603381682e-08,QL_OPTIONS_PRICER,2026-09-21T15:00:00-04:00
2026-09-21,EURSEK092326P-197728105,2026-09-23,RHO,-2.6583331089323353e-08,QL_OPTIONS_PRICER,2026-09-21T15:00:00-04:00
2026-09-21,EURSEK092326P-197728105,2026-09-23,THETA,-2.577909706921728e-06,QL_OPTIONS_PRICER,2026-09-21T15:00:00-04:00
2026-09-21,EURSEK092326P-197728105,2026-09-23,VEGA,1.411109556536366e-06,QL_OPTIONS_PRICER,2026-09-21T15:00:00-04:00
2026-09-21,EURSEK092326P-197838147,2026-09-23,DELTA,-4.295665374031152e-05,QL_OPTIONS_PRICER,2026-09-21T15:00:00-04:00
2026-09-21,EURSEK092326P-197838147,2026-09-23,DELTA_PA,-4.300613804634534e-05,QL_OPTIONS_PRICER,2026-09-21T15:00:00-04:00
2026-09-21,EURSEK092326P-197838147,2026-09-23,GAMMA,0.0031504191723788137,QL_OPTIONS_PRICER,2026-09-21T15:00:00-04:00
2026-09-21,EURSEK092326P-197838147,2026-09-23,PREMIUM,4.948430603381682e-08,QL_OPTIONS_PRICER,2026-09-21T15:00:00-04:00
2026-09-21,EURSEK092326P-197838147,2026-09-23,RHO,-2.6583331089323353e-08,QL_OPTIONS_PRICER,2026-09-21T15:00:00-04:00
2026-09-21,EURSEK092326P-197838147,2026-09-23,THETA,-2.577909706921728e-06,QL_OPTIONS_PRICER,2026-09-21T15:00:00-04:00
2026-09-21,EURSEK092326P-197838147,2026-09-23,VEGA,1.411109556536366e-06,QL_OPTIONS_PRICER,2026-09-21T15:00:00-04:00
2026-09-21,EURSEK092526C-198565102,2026-09-23,DELTA,0.9998212841920222,QL_OPTIONS_PRICER,2026-09-21T15:00:00-04:00
2026-09-21,EURSEK092526C-198565102,2026-09-23,DELTA_PA,0.980300185478713,QL_OPTIONS_PRICER,2026-09-21T15:00:00-04:00
2026-09-21,EURSEK092526C-198565102,2026-09-23,GAMMA,0.0031504191723788137,QL_OPTIONS_PRICER,2026-09-21T15:00:00-04:00
2026-09-21,EURSEK092526C-198565102,2026-09-23,PREMIUM,0.019521098713309214,QL_OPTIONS_PRICER,2026-09-21T15:00:00-04:00
2026-09-21,EURSEK092526C-198565102,2026-09-23,RHO,0.0006059517450606872,QL_OPTIONS_PRICER,2026-09-21T15:00:00-04:00
2026-09-21,EURSEK092526C-198565102,2026-09-23,THETA,0.0011153672323578059,QL_OPTIONS_PRICER,2026-09-21T15:00:00-04:00
2026-09-21,EURSEK092526C-198565102,2026-09-23,VEGA,1.411109556536366e-06,QL_OPTIONS_PRICER,2026-09-21T15:00:00-04:00
2026-09-21,EURSEK112526C-197906813,2026-11-25,DELTA,14.056070652718555,QL_OPTIONS_PRICER,2026-09-21T15:00:00-04:00
2026-09-21,EURSEK112526C-197906813,2026-11-25,DELTA_PA,13.777295198126268,QL_OPTIONS_PRICER,2026-09-21T15:00:00-04:00
2026-09-21,EURSEK112526C-197906813,2026-11-25,GAMMA,30.428271387235124,QL_OPTIONS_PRICER,2026-09-21T15:00:00-04:00
2026-09-21,EURSEK112526C-197906813,2026-11-25,PREMIUM,0.27877545459228764,QL_OPTIONS_PRICER,2026-09-21T15:00:00-04:00
2026-09-21,EURSEK112526C-197906813,2026-11-25,RHO,0.27677463109114636,QL_OPTIONS_PRICER,2026-09-21T15:00:00-04:00
2026-09-21,EURSEK112526C-197906813,2026-11-25,THETA,-0.0077600472523244556,QL_OPTIONS_PRICER,2026-09-21T15:00:00-04:00
2026-09-21,EURSEK112526C-197906813,2026-11-25,VEGA,0.3224442254712631,QL_OPTIONS_PRICER,2026-09-21T15:00:00-04:00
2026-09-21,EURUSD,2026-09-21,FWD_OUTRIGHT,1.1465,BBG_BFXFORWARD,2026-09-21T15:00:00-04:00
2026-09-21,EURUSD,2026-09-21,SPOT,1.1465,BBG_BFXFORWARD,2026-09-21T15:00:00-04:00
2026-09-21,EURUSD,2026-09-22,FWD_OUTRIGHT,1.1465,BBG_INTERP,2026-09-21T15:00:00-04:00
2026-09-21,EURUSD,2026-09-23,FWD_OUTRIGHT,1.1465,BBG_INTERP,2026-09-21T15:00:00-04:00
2026-09-21,EURUSD,2026-09-24,FWD_OUTRIGHT,1.1465461428571428,BBG_INTERP,2026-09-21T15:00:00-04:00
2026-09-21,EURUSD,2026-09-25,FWD_OUTRIGHT,1.1475,BBG_BFXFORWARD,2026-09-22T11:44:37+08:00
2026-09-21,EURUSD,2026-09-30,FWD_OUTRIGHT,1.1478,BBG_BFXFORWARD,2026-09-21T21:50:52+08:00
2026-09-21,EURUSD,2026-10-01,FWD_OUTRIGHT,1.1478,BBG_BFXFORWARD,2026-09-22T11:44:37+08:00
2026-09-21,EURUSD,2026-10-23,FWD_OUTRIGHT,1.1489,BBG_BFXFORWARD,2026-09-21T21:50:52+08:00
2026-09-21,EURUSD,2026-10-26,FWD_OUTRIGHT,1.1489,BBG_BFXFORWARD,2026-09-22T11:44:37+08:00
2026-09-21,EURUSD,2026-11-23,FWD_OUTRIGHT,1.1504,BBG_BFXFORWARD,2026-09-21T21:50:52+08:00
2026-09-21,EURUSD,2026-11-24,FWD_OUTRIGHT,1.1503,BBG_BFXFORWARD,2026-09-22T11:44:37+08:00
2026-09-21,EURUSD,2026-12-23,FWD_OUTRIGHT,1.1519,BBG_BFXFORWARD,2026-09-21T21:50:52+08:00
2026-09-21,EURUSD,2026-12-24,FWD_OUTRIGHT,1.1518,BBG_BFXFORWARD,2026-09-22T11:44:37+08:00
2026-09-21,EURUSD,2027-01-25,FWD_OUTRIGHT,1.1534,BBG_BFXFORWARD,2026-09-22T11:44:37+08:00
2026-09-21,EURUSD,2027-02-23,FWD_OUTRIGHT,1.1548,BBG_BFXFORWARD,2026-09-21T21:50:52+08:00
2026-09-21,EURUSD,2027-02-24,FWD_OUTRIGHT,1.1548,BBG_BFXFORWARD,2026-09-22T11:44:37+08:00
2026-09-21,EURUSD,2027-03-23,FWD_OUTRIGHT,1.1561,BBG_BFXFORWARD,2026-09-21T21:50:52+08:00
2026-09-21,EURUSD,2027-03-24,FWD_OUTRIGHT,1.1561,BBG_BFXFORWARD,2026-09-22T11:44:37+08:00
2026-09-21,EURUSD,2027-06-23,FWD_OUTRIGHT,1.1603,BBG_BFXFORWARD,2026-09-21T21:50:52+08:00
2026-09-21,EURUSD,2027-06-24,FWD_OUTRIGHT,1.1604,BBG_BFXFORWARD,2026-09-22T11:44:37+08:00
2026-09-21,EURUSD,2027-09-23,FWD_OUTRIGHT,1.1646,BBG_BFXFORWARD,2026-09-21T21:50:52+08:00
2026-09-21,EURUSD,2027-09-24,FWD_OUTRIGHT,1.1646,BBG_BFXFORWARD,2026-09-22T11:44:37+08:00
2026-09-21,EURUSD,2027-12-23,FWD_OUTRIGHT,1.1688,BBG_BFXFORWARD,2026-09-21T21:50:52+08:00
2026-09-21,EURUSD,2027-12-24,FWD_OUTRIGHT,1.1688,BBG_BFXFORWARD,2026-09-22T11:44:37+08:00
2026-09-21,EURUSD,2028-03-23,FWD_OUTRIGHT,1.1731,BBG_BFXFORWARD,2026-09-21T21:50:52+08:00
2026-09-21,EURUSD,2028-03-24,FWD_OUTRIGHT,1.1731,BBG_BFXFORWARD,2026-09-22T11:44:37+08:00
2026-09-21,EURUSD,2028-09-25,FWD_OUTRIGHT,1.1817,BBG_BFXFORWARD,2026-09-22T11:44:37+08:00
2026-09-21,EURUSD,2029-09-24,FWD_OUTRIGHT,1.1982,BBG_BFXFORWARD,2026-09-22T11:44:37+08:00
2026-09-21,EURUSD,2030-09-23,FWD_OUTRIGHT,1.2144,BBG_BFXFORWARD,2026-09-21T21:50:52+08:00
2026-09-21,EURUSD,2030-09-24,FWD_OUTRIGHT,1.2146,BBG_BFXFORWARD,2026-09-22T11:44:37+08:00
2026-09-21,EURUSD,2031-09-23,FWD_OUTRIGHT,1.2304,BBG_BFXFORWARD,2026-09-21T21:50:52+08:00
2026-09-21,EURUSD,2031-09-24,FWD_OUTRIGHT,1.2305,BBG_BFXFORWARD,2026-09-22T11:44:37+08:00
2026-09-21,EURUSD092226C-197728066,2026-09-22,DELTA,8.628002610380701e-14,QL_OPTIONS_PRICER,2026-09-21T15:00:00-04:00
2026-09-21,EURUSD092226C-197728066,2026-09-22,DELTA_PA,8.624921485361432e-14,QL_OPTIONS_PRICER,2026-09-21T15:00:00-04:00
2026-09-21,EURUSD092226C-197728066,2026-09-22,GAMMA,2.0715446539109988e-10,QL_OPTIONS_PRICER,2026-09-21T15:00:00-04:00
2026-09-21,EURUSD092226C-197728066,2026-09-22,PREMIUM,3.0811250192692075e-17,QL_OPTIONS_PRICER,2026-09-21T15:00:00-04:00
2026-09-21,EURUSD092226C-197728066,2026-09-22,RHO,2.7091705432814995e-18,QL_OPTIONS_PRICER,2026-09-21T15:00:00-04:00
2026-09-21,EURUSD092226C-197728066,2026-09-22,THETA,-1.0145492997888275e-15,QL_OPTIONS_PRICER,2026-09-21T15:00:00-04:00
2026-09-21,EURUSD092226C-197728066,2026-09-22,VEGA,3.454997825078778e-16,QL_OPTIONS_PRICER,2026-09-21T15:00:00-04:00
2026-09-21,EURUSD092226C-198418644,2026-09-22,DELTA,8.628002610380701e-14,QL_OPTIONS_PRICER,2026-09-21T15:00:00-04:00
2026-09-21,EURUSD092226C-198418644,2026-09-22,DELTA_PA,8.624921485361432e-14,QL_OPTIONS_PRICER,2026-09-21T15:00:00-04:00
2026-09-21,EURUSD092226C-198418644,2026-09-22,GAMMA,2.0715446539109988e-10,QL_OPTIONS_PRICER,2026-09-21T15:00:00-04:00
2026-09-21,EURUSD092226C-198418644,2026-09-22,PREMIUM,3.0811250192692075e-17,QL_OPTIONS_PRICER,2026-09-21T15:00:00-04:00
2026-09-21,EURUSD092226C-198418644,2026-09-22,RHO,2.7091705432814995e-18,QL_OPTIONS_PRICER,2026-09-21T15:00:00-04:00
2026-09-21,EURUSD092226C-198418644,2026-09-22,THETA,-1.0145492997888275e-15,QL_OPTIONS_PRICER,2026-09-21T15:00:00-04:00
2026-09-21,EURUSD092226C-198418644,2026-09-22,VEGA,3.454997825078778e-16,QL_OPTIONS_PRICER,2026-09-21T15:00:00-04:00
2026-09-21,EURUSD092226P-197728065,2026-09-22,DELTA,-0.9999321173100015,QL_OPTIONS_PRICER,2026-09-21T15:00:00-04:00
2026-09-21,EURUSD092226P-197728065,2026-09-22,DELTA_PA,-1.0202125523066998,QL_OPTIONS_PRICER,2026-09-21T15:00:00-04:00
2026-09-21,EURUSD092226P-197728065,2026-09-22,GAMMA,2.0715446539109988e-10,QL_OPTIONS_PRICER,2026-09-21T15:00:00-04:00
2026-09-21,EURUSD092226P-197728065,2026-09-22,PREMIUM,0.02028043499669825,QL_OPTIONS_PRICER,2026-09-21T15:00:00-04:00
2026-09-21,EURUSD092226P-197728065,2026-09-22,RHO,-3.2045854553962514e-05,QL_OPTIONS_PRICER,2026-09-21T15:00:00-04:00
2026-09-21,EURUSD092226P-197728065,2026-09-22,THETA,4.847709859363997e-05,QL_OPTIONS_PRICER,2026-09-21T15:00:00-04:00
2026-09-21,EURUSD092226P-197728065,2026-09-22,VEGA,3.454997825078778e-16,QL_OPTIONS_PRICER,2026-09-21T15:00:00-04:00
2026-09-21,EURUSD092226P-198418474,2026-09-22,DELTA,-0.9999321173100015,QL_OPTIONS_PRICER,2026-09-21T15:00:00-04:00
2026-09-21,EURUSD092226P-198418474,2026-09-22,DELTA_PA,-1.0202125523066998,QL_OPTIONS_PRICER,2026-09-21T15:00:00-04:00
2026-09-21,EURUSD092226P-198418474,2026-09-22,GAMMA,2.0715446539109988e-10,QL_OPTIONS_PRICER,2026-09-21T15:00:00-04:00
2026-09-21,EURUSD092226P-198418474,2026-09-22,PREMIUM,0.02028043499669825,QL_OPTIONS_PRICER,2026-09-21T15:00:00-04:00
2026-09-21,EURUSD092226P-198418474,2026-09-22,RHO,-3.2045854553962514e-05,QL_OPTIONS_PRICER,2026-09-21T15:00:00-04:00
2026-09-21,EURUSD092226P-198418474,2026-09-22,THETA,4.847709859363997e-05,QL_OPTIONS_PRICER,2026-09-21T15:00:00-04:00
2026-09-21,EURUSD092226P-198418474,2026-09-22,VEGA,3.454997825078778e-16,QL_OPTIONS_PRICER,2026-09-21T15:00:00-04:00
2026-09-21,IRSOIS-USD-22860996,2027-02-11,CASHFLOW_USD,0.0,QL_PRICER,2026-09-21T15:00:00-04:00
2026-09-21,IRSOIS-USD-22860996,2027-02-11,DV01_USD,-15341.825191395357,QL_PRICER,2026-09-21T15:00:00-04:00
2026-09-21,IRSOIS-USD-22860996,2027-02-11,PAR_RATE,0.04215623053902561,QL_PRICER,2026-09-21T15:00:00-04:00
2026-09-21,IRSOIS-USD-22860996,2027-02-11,PV_USD,-366021.6805799203,QL_PRICER,2026-09-21T15:00:00-04:00
2026-09-21,IRSOIS-USD-22870318,2027-02-11,CASHFLOW_USD,0.0,QL_PRICER,2026-09-21T15:00:00-04:00
2026-09-21,IRSOIS-USD-22870318,2027-02-11,DV01_USD,-24420.38512057066,QL_PRICER,2026-09-21T15:00:00-04:00
2026-09-21,IRSOIS-USD-22870318,2027-02-11,PAR_RATE,0.04215623054130346,QL_PRICER,2026-09-21T15:00:00-04:00
2026-09-21,IRSOIS-USD-22870318,2027-02-11,PV_USD,-676682.2421970088,QL_PRICER,2026-09-21T15:00:00-04:00
2026-09-21,IRSOIS-USD-22907452,2027-02-11,CASHFLOW_USD,0.0,QL_PRICER,2026-09-21T15:00:00-04:00
2026-09-21,IRSOIS-USD-22907452,2027-02-11,DV01_USD,9890.702684015967,QL_PRICER,2026-09-21T15:00:00-04:00
2026-09-21,IRSOIS-USD-22907452,2027-02-11,PAR_RATE,0.04215623054130304,QL_PRICER,2026-09-21T15:00:00-04:00
2026-09-21,IRSOIS-USD-22907452,2027-02-11,PV_USD,338963.8654773687,QL_PRICER,2026-09-21T15:00:00-04:00
2026-09-21,IRSOIS-USD-22919058,2028-11-11,CASHFLOW_USD,0.0,QL_PRICER,2026-09-21T15:00:00-04:00
2026-09-21,IRSOIS-USD-22919058,2028-11-11,DV01_USD,-29501.768918368965,QL_PRICER,2026-09-21T15:00:00-04:00
2026-09-21,IRSOIS-USD-22919058,2028-11-11,PAR_RATE,0.04673689645966947,QL_PRICER,2026-09-21T15:00:00-04:00
2026-09-21,IRSOIS-USD-22919058,2028-11-11,PV_USD,-1777702.6540318,QL_PRICER,2026-09-21T15:00:00-04:00
2026-09-21,IRSOIS-USD-22919059,2027-02-11,CASHFLOW_USD,0.0,QL_PRICER,2026-09-21T15:00:00-04:00
2026-09-21,IRSOIS-USD-22919059,2027-02-11,DV01_USD,29860.628643954173,QL_PRICER,2026-09-21T15:00:00-04:00
2026-09-21,IRSOIS-USD-22919059,2027-02-11,PAR_RATE,0.04215623054130293,QL_PRICER,2026-09-21T15:00:00-04:00
2026-09-21,IRSOIS-USD-22919059,2027-02-11,PV_USD,972772.0316173844,QL_PRICER,2026-09-21T15:00:00-04:00
2026-09-21,IRSOIS-USD-22927109,2028-11-11,CASHFLOW_USD,0.0,QL_PRICER,2026-09-21T15:00:00-04:00
2026-09-21,IRSOIS-USD-22927109,2028-11-11,DV01_USD,16632.251304434612,QL_PRICER,2026-09-21T15:00:00-04:00
2026-09-21,IRSOIS-USD-22927109,2028-11-11,PAR_RATE,0.0467368964596695,QL_PRICER,2026-09-21T15:00:00-04:00
2026-09-21,IRSOIS-USD-22927109,2028-11-11,PV_USD,1026003.2295031734,QL_PRICER,2026-09-21T15:00:00-04:00
2026-09-21,IRSOIS-USD-22927110,2028-11-11,CASHFLOW_USD,0.0,QL_PRICER,2026-09-21T15:00:00-04:00
2026-09-21,IRSOIS-USD-22927110,2028-11-11,DV01_USD,12861.214509004727,QL_PRICER,2026-09-21T15:00:00-04:00
2026-09-21,IRSOIS-USD-22927110,2028-11-11,PAR_RATE,0.04673689645966942,QL_PRICER,2026-09-21T15:00:00-04:00
2026-09-21,IRSOIS-USD-22927110,2028-11-11,PV_USD,803890.8795533692,QL_PRICER,2026-09-21T15:00:00-04:00
2026-09-21,IRSOIS-USD-22931939,2027-11-24,CASHFLOW_USD,0.0,QL_PRICER,2026-09-21T15:00:00-04:00
2026-09-21,IRSOIS-USD-22931939,2027-11-24,DV01_USD,14722.01246038638,QL_PRICER,2026-09-21T15:00:00-04:00
2026-09-21,IRSOIS-USD-22931939,2027-11-24,PAR_RATE,0.046330056326962646,QL_PRICER,2026-09-21T15:00:00-04:00
2026-09-21,IRSOIS-USD-22931939,2027-11-24,PV_USD,828934.9552834239,QL_PRICER,2026-09-21T15:00:00-04:00
2026-09-21,IRSOIS-USD-22931948,2027-11-24,CASHFLOW_USD,0.0,QL_PRICER,2026-09-21T15:00:00-04:00
2026-09-21,IRSOIS-USD-22931948,2027-11-24,DV01_USD,9927.61785808485,QL_PRICER,2026-09-21T15:00:00-04:00
2026-09-21,IRSOIS-USD-22931948,2027-11-24,PAR_RATE,0.046330056326962694,QL_PRICER,2026-09-21T15:00:00-04:00
2026-09-21,IRSOIS-USD-22931948,2027-11-24,PV_USD,563552.6773578296,QL_PRICER,2026-09-21T15:00:00-04:00
2026-09-21,IRSOIS-USD-22950573,2027-11-26,CASHFLOW_USD,0.0,QL_PRICER,2026-09-21T15:00:00-04:00
2026-09-21,IRSOIS-USD-22950573,2027-11-26,DV01_USD,14666.986524211243,QL_PRICER,2026-09-21T15:00:00-04:00
2026-09-21,IRSOIS-USD-22950573,2027-11-26,PAR_RATE,0.04637355107733076,QL_PRICER,2026-09-21T15:00:00-04:00
2026-09-21,IRSOIS-USD-22950573,2027-11-26,PV_USD,793744.325575266,QL_PRICER,2026-09-21T15:00:00-04:00
2026-09-21,IRSOIS-USD-23001697,2027-11-24,CASHFLOW_USD,0.0,QL_PRICER,2026-09-21T15:00:00-04:00
2026-09-21,IRSOIS-USD-23001697,2027-11-24,DV01_USD,-24589.651557587087,QL_PRICER,2026-09-21T15:00:00-04:00
2026-09-21,IRSOIS-USD-23001697,2027-11-24,PAR_RATE,0.046330056326962805,QL_PRICER,2026-09-21T15:00:00-04:00
2026-09-21,IRSOIS-USD-23001697,2027-11-24,PV_USD,-920461.6435783226,QL_PRICER,2026-09-21T15:00:00-04:00
2026-09-21,IRSOIS-USD-23001698,2036-11-24,CASHFLOW_USD,0.0,QL_PRICER,2026-09-21T15:00:00-04:00
2026-09-21,IRSOIS-USD-23001698,2036-11-24,DV01_USD,24536.78468999639,QL_PRICER,2026-09-21T15:00:00-04:00
2026-09-21,IRSOIS-USD-23001698,2036-11-24,PAR_RATE,0.04584762523287867,QL_PRICER,2026-09-21T15:00:00-04:00
2026-09-21,IRSOIS-USD-23001698,2036-11-24,PV_USD,400549.0038841292,QL_PRICER,2026-09-21T15:00:00-04:00
2026-09-21,IRSOIS-USD-23025998,2036-12-10,CASHFLOW_USD,0.0,QL_PRICER,2026-09-21T15:00:00-04:00
2026-09-21,IRSOIS-USD-23025998,2036-12-10,DV01_USD,14742.004834735766,QL_PRICER,2026-09-21T15:00:00-04:00
2026-09-21,IRSOIS-USD-23025998,2036-12-10,PAR_RATE,0.04587464955270174,QL_PRICER,2026-09-21T15:00:00-04:00
2026-09-21,IRSOIS-USD-23025998,2036-12-10,PV_USD,205021.05421183538,QL_PRICER,2026-09-21T15:00:00-04:00
2026-09-21,IRSOIS-USD-23049992,2027-11-24,CASHFLOW_USD,0.0,QL_PRICER,2026-09-21T15:00:00-04:00
2026-09-21,IRSOIS-USD-23049992,2027-11-24,DV01_USD,-14886.946638420224,QL_PRICER,2026-09-21T15:00:00-04:00
2026-09-21,IRSOIS-USD-23049992,2027-11-24,PAR_RATE,0.046330056326962805,QL_PRICER,2026-09-21T15:00:00-04:00
2026-09-21,IRSOIS-USD-23049992,2027-11-24,PV_USD,-304387.7697932357,QL_PRICER,2026-09-21T15:00:00-04:00
2026-09-21,IRSOIS-USD-23049993,2036-12-10,CASHFLOW_USD,0.0,QL_PRICER,2026-09-21T15:00:00-04:00
2026-09-21,IRSOIS-USD-23049993,2036-12-10,DV01_USD,-9933.024782404304,QL_PRICER,2026-09-21T15:00:00-04:00
2026-09-21,IRSOIS-USD-23049993,2036-12-10,PAR_RATE,0.04587464955270175,QL_PRICER,2026-09-21T15:00:00-04:00
2026-09-21,IRSOIS-USD-23049993,2036-12-10,PV_USD,-15386.125555159524,QL_PRICER,2026-09-21T15:00:00-04:00
2026-09-21,IRSOIS-USD-23070541,2036-12-17,CASHFLOW_USD,0.0,QL_PRICER,2026-09-21T15:00:00-04:00
2026-09-21,IRSOIS-USD-23070541,2036-12-17,DV01_USD,-15794.321795893833,QL_PRICER,2026-09-21T15:00:00-04:00
2026-09-21,IRSOIS-USD-23070541,2036-12-17,PAR_RATE,0.04588568941201114,QL_PRICER,2026-09-21T15:00:00-04:00
2026-09-21,IRSOIS-USD-23070541,2036-12-17,PV_USD,55856.870637645945,QL_PRICER,2026-09-21T15:00:00-04:00
2026-09-21,IRSOIS-USD-23076944,2036-12-21,CASHFLOW_USD,0.0,QL_PRICER,2026-09-21T15:00:00-04:00
2026-09-21,IRSOIS-USD-23076944,2036-12-21,DV01_USD,15782.38451847341,QL_PRICER,2026-09-21T15:00:00-04:00
2026-09-21,IRSOIS-USD-23076944,2036-12-21,PAR_RATE,0.04589235996980079,QL_PRICER,2026-09-21T15:00:00-04:00
2026-09-21,IRSOIS-USD-23076944,2036-12-21,PV_USD,-44972.45588939451,QL_PRICER,2026-09-21T15:00:00-04:00
2026-09-21,IRSOIS-USD-23083373,2036-12-22,CASHFLOW_USD,0.0,QL_PRICER,2026-09-21T15:00:00-04:00
2026-09-21,IRSOIS-USD-23083373,2036-12-22,DV01_USD,20477.132601857185,QL_PRICER,2026-09-21T15:00:00-04:00
2026-09-21,IRSOIS-USD-23083373,2036-12-22,PAR_RATE,0.04589325343483674,QL_PRICER,2026-09-21T15:00:00-04:00
2026-09-21,IRSOIS-USD-23083373,2036-12-22,PV_USD,1773.5531689506024,QL_PRICER,2026-09-21T15:00:00-04:00
2026-09-21,IRSOIS-USD-23095299,2036-12-23,CASHFLOW_USD,0.0,QL_PRICER,2026-09-21T15:00:00-04:00
2026-09-21,IRSOIS-USD-23095299,2036-12-23,DV01_USD,-15747.30209512543,QL_PRICER,2026-09-21T15:00:00-04:00
2026-09-21,IRSOIS-USD-23095299,2036-12-23,PAR_RATE,0.045894882254487714,QL_PRICER,2026-09-21T15:00:00-04:00
2026-09-21,IRSOIS-USD-23095299,2036-12-23,PV_USD,-7595.706963795237,QL_PRICER,2026-09-21T15:00:00-04:00
2026-09-21,SPX Index,2026-09-21,SPOT,7764.7,BBG_BFXFORWARD,2026-09-22T11:44:37+08:00
2026-09-21,SPX/E261016C7615,2026-10-16,DELTA,0.7257387438780055,QL_OPTIONS_PRICER,2026-09-21T15:00:00-04:00
2026-09-21,SPX/E261016C7615,2026-10-16,FUTURE_PX,213.25,BBG_BDH,2026-09-21T15:00:00-04:00
2026-09-21,SPX/E261016C7615,2026-10-16,GAMMA,0.001166723852770218,QL_OPTIONS_PRICER,2026-09-21T15:00:00-04:00
2026-09-21,SPX/E261016C7615,2026-10-16,PREMIUM,21325.00000004634,QL_OPTIONS_PRICER,2026-09-21T15:00:00-04:00
2026-09-21,SPX/E261016C7615,2026-10-16,RHO,3.7136257702664968,QL_OPTIONS_PRICER,2026-09-21T15:00:00-04:00
2026-09-21,SPX/E261016C7615,2026-10-16,THETA,-2.313159865735496,QL_OPTIONS_PRICER,2026-09-21T15:00:00-04:00
2026-09-21,SPX/E261016C7615,2026-10-16,VEGA,6.759864959714564,QL_OPTIONS_PRICER,2026-09-21T15:00:00-04:00
2026-09-21,SPX/E261016P7615,2026-10-16,DELTA,-0.2582637139269614,QL_OPTIONS_PRICER,2026-09-21T15:00:00-04:00
2026-09-21,SPX/E261016P7615,2026-10-16,FUTURE_PX,41.75,BBG_BDH,2026-09-21T15:00:00-04:00
2026-09-21,SPX/E261016P7615,2026-10-16,GAMMA,0.0012263640937913954,QL_OPTIONS_PRICER,2026-09-21T15:00:00-04:00
2026-09-21,SPX/E261016P7615,2026-10-16,PREMIUM,4175.000004674618,QL_OPTIONS_PRICER,2026-09-21T15:00:00-04:00
2026-09-21,SPX/E261016P7615,2026-10-16,RHO,-1.402116616147542,QL_OPTIONS_PRICER,2026-09-21T15:00:00-04:00
2026-09-21,SPX/E261016P7615,2026-10-16,THETA,-1.5419265958468695,QL_OPTIONS_PRICER,2026-09-21T15:00:00-04:00
2026-09-21,SPX/E261016P7615,2026-10-16,VEGA,6.566302158276298,QL_OPTIONS_PRICER,2026-09-21T15:00:00-04:00
2026-09-21,USDBRL,2026-09-21,NDF_1M,5.1453,BBG_BFXFORWARD,2026-09-22T11:44:37+08:00
2026-09-21,USDBRL,2026-09-21,SPOT,5.10705,BBG_BFXFORWARD,2026-09-21T15:00:00-04:00
2026-09-21,USDBRL,2026-09-22,FWD_OUTRIGHT,5.1117,BBG_BFXFORWARD,2026-09-21T21:50:52+08:00
2026-09-21,USDBRL,2026-09-23,FWD_OUTRIGHT,5.109,BBG_BFXFORWARD,2026-09-22T11:44:37+08:00
2026-09-21,USDBRL,2026-09-24,FWD_OUTRIGHT,5.109,BBG_BFXFORWARD,2026-09-22T11:44:37+08:00
2026-09-21,USDCAD,2026-09-21,FWD_OUTRIGHT,1.4038499999999998,BBG_BFXFORWARD,2026-09-21T15:00:00-04:00
2026-09-21,USDCAD,2026-09-21,SPOT,1.4038499999999998,BBG_BFXFORWARD,2026-09-21T15:00:00-04:00
2026-09-21,USDCAD,2026-09-22,FWD_OUTRIGHT,1.4038499999999998,BBG_INTERP,2026-09-21T15:00:00-04:00
2026-09-21,USDCAD,2026-09-23,FWD_OUTRIGHT,1.4037807142857142,BBG_INTERP,2026-09-21T15:00:00-04:00
2026-09-21,USDCAD,2026-09-24,FWD_OUTRIGHT,1.4029,BBG_BFXFORWARD,2026-09-22T11:44:37+08:00
2026-09-21,USDCAD,2026-09-29,FWD_OUTRIGHT,1.4,BBG_BFXFORWARD,2026-09-21T21:50:52+08:00
2026-09-21,USDCAD,2026-10-01,FWD_OUTRIGHT,1.4024,BBG_BFXFORWARD,2026-09-22T11:44:37+08:00
2026-09-21,USDCAD,2026-10-22,FWD_OUTRIGHT,1.3984,BBG_BFXFORWARD,2026-09-21T21:50:52+08:00
2026-09-21,USDCAD,2026-10-23,FWD_OUTRIGHT,1.4009,BBG_BFXFORWARD,2026-09-22T11:44:37+08:00
2026-09-21,USDCAD,2026-11-23,FWD_OUTRIGHT,1.3987,BBG_BFXFORWARD,2026-09-22T11:44:37+08:00
2026-09-21,USDCAD,2026-12-22,FWD_OUTRIGHT,1.3942,BBG_BFXFORWARD,2026-09-21T21:50:52+08:00
2026-09-21,USDCAD,2026-12-23,FWD_OUTRIGHT,1.3967,BBG_BFXFORWARD,2026-09-22T11:44:37+08:00
2026-09-21,USDCAD,2027-01-22,FWD_OUTRIGHT,1.392,BBG_BFXFORWARD,2026-09-21T21:50:52+08:00
2026-09-21,USDCAD,2027-01-25,FWD_OUTRIGHT,1.3943,BBG_BFXFORWARD,2026-09-22T11:44:37+08:00
2026-09-21,USDCAD,2027-02-22,FWD_OUTRIGHT,1.39,BBG_BFXFORWARD,2026-09-21T21:50:52+08:00
2026-09-21,USDCAD,2027-02-23,FWD_OUTRIGHT,1.3924,BBG_BFXFORWARD,2026-09-22T11:44:37+08:00
2026-09-21,USDCAD,2027-03-22,FWD_OUTRIGHT,1.3883,BBG_BFXFORWARD,2026-09-21T21:50:52+08:00
2026-09-21,USDCAD,2027-03-23,FWD_OUTRIGHT,1.3906,BBG_BFXFORWARD,2026-09-22T11:44:37+08:00
2026-09-21,USDCAD,2027-06-22,FWD_OUTRIGHT,1.3827,BBG_BFXFORWARD,2026-09-21T21:50:52+08:00
2026-09-21,USDCAD,2027-06-23,FWD_OUTRIGHT,1.3849,BBG_BFXFORWARD,2026-09-22T11:44:37+08:00
2026-09-21,USDCAD,2027-09-22,FWD_OUTRIGHT,1.3775,BBG_BFXFORWARD,2026-09-21T21:50:52+08:00
2026-09-21,USDCAD,2027-09-23,FWD_OUTRIGHT,1.3796,BBG_BFXFORWARD,2026-09-22T11:44:37+08:00
2026-09-21,USDCAD,2027-12-22,FWD_OUTRIGHT,1.3728,BBG_BFXFORWARD,2026-09-21T21:50:52+08:00
2026-09-21,USDCAD,2027-12-23,FWD_OUTRIGHT,1.3748,BBG_BFXFORWARD,2026-09-22T11:44:37+08:00
2026-09-21,USDCAD,2028-03-22,FWD_OUTRIGHT,1.3684,BBG_BFXFORWARD,2026-09-21T21:50:52+08:00
2026-09-21,USDCAD,2028-03-23,FWD_OUTRIGHT,1.3703,BBG_BFXFORWARD,2026-09-22T11:44:37+08:00
2026-09-21,USDCAD,2028-09-22,FWD_OUTRIGHT,1.3607,BBG_BFXFORWARD,2026-09-21T21:50:52+08:00
2026-09-21,USDCAD,2028-09-25,FWD_OUTRIGHT,1.3622,BBG_BFXFORWARD,2026-09-22T11:44:37+08:00
2026-09-21,USDCAD,2029-09-24,FWD_OUTRIGHT,1.3482,BBG_BFXFORWARD,2026-09-22T11:44:37+08:00
2026-09-21,USDCAD,2030-09-23,FWD_OUTRIGHT,1.3355,BBG_BFXFORWARD,2026-09-22T11:44:37+08:00
2026-09-21,USDCAD,2031-09-22,FWD_OUTRIGHT,1.3221,BBG_BFXFORWARD,2026-09-21T21:50:52+08:00
2026-09-21,USDCAD,2031-09-23,FWD_OUTRIGHT,1.3242,BBG_BFXFORWARD,2026-09-22T11:44:37+08:00
2026-09-21,USDCHF,2026-09-21,FWD_OUTRIGHT,0.82125,BBG_BFXFORWARD,2026-09-21T15:00:00-04:00
2026-09-21,USDCHF,2026-09-21,SPOT,0.82125,BBG_BFXFORWARD,2026-09-21T15:00:00-04:00
2026-09-21,USDCHF,2026-09-22,FWD_OUTRIGHT,0.82125,BBG_INTERP,2026-09-21T15:00:00-04:00
2026-09-21,USDCHF,2026-09-23,FWD_OUTRIGHT,0.82125,BBG_INTERP,2026-09-21T15:00:00-04:00
2026-09-21,USDCHF,2026-09-24,FWD_OUTRIGHT,0.8205,BBG_BFXFORWARD,2026-09-22T11:44:37+08:00
2026-09-21,USDCHF,2026-09-25,FWD_OUTRIGHT,0.8204,BBG_BFXFORWARD,2026-09-22T11:44:37+08:00
2026-09-21,USDCHF,2026-09-30,FWD_OUTRIGHT,0.8213,BBG_BFXFORWARD,2026-09-21T21:50:52+08:00
2026-09-21,USDCHF,2026-10-01,FWD_OUTRIGHT,0.8198,BBG_BFXFORWARD,2026-09-22T11:44:37+08:00
2026-09-21,USDCHF,2026-10-15,FWD_OUTRIGHT,0.818512,BBG_INTERP,2026-09-22T11:44:37+08:00
2026-09-21,USDCHF,2026-10-19,FWD_OUTRIGHT,0.818805625,BBG_INTERP,2026-09-21T15:00:00-04:00
2026-09-21,USDCHF,2026-10-23,FWD_OUTRIGHT,0.8192,BBG_BFXFORWARD,2026-09-21T21:50:52+08:00
2026-09-21,USDCHF,2026-10-26,FWD_OUTRIGHT,0.8175,BBG_BFXFORWARD,2026-09-22T11:44:37+08:00
2026-09-21,USDCHF,2026-11-23,FWD_OUTRIGHT,0.8162,BBG_BFXFORWARD,2026-09-21T21:50:52+08:00
2026-09-21,USDCHF,2026-11-24,FWD_OUTRIGHT,0.8147,BBG_BFXFORWARD,2026-09-22T11:44:37+08:00
2026-09-21,USDCHF,2026-12-23,FWD_OUTRIGHT,0.8133,BBG_BFXFORWARD,2026-09-21T21:50:52+08:00
2026-09-21,USDCHF,2026-12-24,FWD_OUTRIGHT,0.8118,BBG_BFXFORWARD,2026-09-22T11:44:37+08:00
2026-09-21,USDCHF,2027-01-25,FWD_OUTRIGHT,0.8085,BBG_BFXFORWARD,2026-09-22T11:44:37+08:00
2026-09-21,USDCHF,2027-02-23,FWD_OUTRIGHT,0.8071,BBG_BFXFORWARD,2026-09-21T21:50:52+08:00
2026-09-21,USDCHF,2027-02-24,FWD_OUTRIGHT,0.8055,BBG_BFXFORWARD,2026-09-22T11:44:37+08:00
2026-09-21,USDCHF,2027-03-23,FWD_OUTRIGHT,0.8043,BBG_BFXFORWARD,2026-09-21T21:50:52+08:00
2026-09-21,USDCHF,2027-03-24,FWD_OUTRIGHT,0.8028,BBG_BFXFORWARD,2026-09-22T11:44:37+08:00
2026-09-21,USDCHF,2027-06-23,FWD_OUTRIGHT,0.7953,BBG_BFXFORWARD,2026-09-21T21:50:52+08:00
2026-09-21,USDCHF,2027-06-24,FWD_OUTRIGHT,0.7937,BBG_BFXFORWARD,2026-09-22T11:44:37+08:00
2026-09-21,USDCHF,2027-09-23,FWD_OUTRIGHT,0.7865,BBG_BFXFORWARD,2026-09-21T21:50:52+08:00
2026-09-21,USDCHF,2027-09-24,FWD_OUTRIGHT,0.7849,BBG_BFXFORWARD,2026-09-22T11:44:37+08:00
2026-09-21,USDCHF,2027-12-23,FWD_OUTRIGHT,0.778,BBG_BFXFORWARD,2026-09-21T21:50:52+08:00
2026-09-21,USDCHF,2027-12-24,FWD_OUTRIGHT,0.7765,BBG_BFXFORWARD,2026-09-22T11:44:37+08:00
2026-09-21,USDCHF,2028-03-23,FWD_OUTRIGHT,0.77,BBG_BFXFORWARD,2026-09-21T21:50:52+08:00
2026-09-21,USDCHF,2028-03-24,FWD_OUTRIGHT,0.7683,BBG_BFXFORWARD,2026-09-22T11:44:37+08:00
2026-09-21,USDCHF,2028-09-25,FWD_OUTRIGHT,0.7526,BBG_BFXFORWARD,2026-09-22T11:44:37+08:00
2026-09-21,USDCHF,2029-09-24,FWD_OUTRIGHT,0.7237,BBG_BFXFORWARD,2026-09-22T11:44:37+08:00
2026-09-21,USDCHF,2030-09-23,FWD_OUTRIGHT,0.6981,BBG_BFXFORWARD,2026-09-21T21:50:52+08:00
2026-09-21,USDCHF,2030-09-24,FWD_OUTRIGHT,0.6967,BBG_BFXFORWARD,2026-09-22T11:44:37+08:00
2026-09-21,USDCHF,2031-09-23,FWD_OUTRIGHT,0.6723,BBG_BFXFORWARD,2026-09-21T21:50:52+08:00
2026-09-21,USDCHF,2031-09-24,FWD_OUTRIGHT,0.6712,BBG_BFXFORWARD,2026-09-22T11:44:37+08:00
2026-09-21,USDCHF101526C-199336383,2026-10-15,DELTA,0.6627414733693965,QL_OPTIONS_PRICER,2026-09-21T15:00:00-04:00
2026-09-21,USDCHF101526C-199336383,2026-10-15,GAMMA,27.140285785967787,QL_OPTIONS_PRICER,2026-09-21T15:00:00-04:00
2026-09-21,USDCHF101526C-199336383,2026-10-15,PREMIUM,0.01037483987146707,QL_OPTIONS_PRICER,2026-09-21T15:00:00-04:00
2026-09-21,USDCHF101526C-199336383,2026-10-15,RHO,0.0003531144412244355,QL_OPTIONS_PRICER,2026-09-21T15:00:00-04:00
2026-09-21,USDCHF101526C-199336383,2026-10-15,THETA,-4.195709410649311e-05,QL_OPTIONS_PRICER,2026-09-21T15:00:00-04:00
2026-09-21,USDCHF101526C-199336383,2026-10-15,VEGA,0.0007707288512945094,QL_OPTIONS_PRICER,2026-09-21T15:00:00-04:00
2026-09-21,USDCHF101526C-199401160,2026-10-15,DELTA,0.6099470155498767,QL_OPTIONS_PRICER,2026-09-21T15:00:00-04:00
2026-09-21,USDCHF101526C-199401160,2026-10-15,GAMMA,29.06433909931842,QL_OPTIONS_PRICER,2026-09-21T15:00:00-04:00
2026-09-21,USDCHF101526C-199401160,2026-10-15,PREMIUM,0.008791654393107315,QL_OPTIONS_PRICER,2026-09-21T15:00:00-04:00
2026-09-21,USDCHF101526C-199401160,2026-10-15,RHO,0.00032462389502465607,QL_OPTIONS_PRICER,2026-09-21T15:00:00-04:00
2026-09-21,USDCHF101526C-199401160,2026-10-15,THETA,-5.0120003620527375e-05,QL_OPTIONS_PRICER,2026-09-21T15:00:00-04:00
2026-09-21,USDCHF101526C-199401160,2026-10-15,VEGA,0.0008014868058377547,QL_OPTIONS_PRICER,2026-09-21T15:00:00-04:00
2026-09-21,USDCHF101526P-199336382,2026-10-15,DELTA,-0.3346683986102652,QL_OPTIONS_PRICER,2026-09-21T15:00:00-04:00
2026-09-21,USDCHF101526P-199336382,2026-10-15,GAMMA,27.140285785967787,QL_OPTIONS_PRICER,2026-09-21T15:00:00-04:00
2026-09-21,USDCHF101526P-199336382,2026-10-15,PREMIUM,0.0036364355890450995,QL_OPTIONS_PRICER,2026-09-21T15:00:00-04:00
2026-09-21,USDCHF101526P-199336382,2026-10-15,RHO,-0.00018311838214544866,QL_OPTIONS_PRICER,2026-09-21T15:00:00-04:00
2026-09-21,USDCHF101526P-199336382,2026-10-15,THETA,-0.00013154801680140624,QL_OPTIONS_PRICER,2026-09-21T15:00:00-04:00
2026-09-21,USDCHF101526P-199336382,2026-10-15,VEGA,0.0007707288512945094,QL_OPTIONS_PRICER,2026-09-21T15:00:00-04:00
2026-09-21,USDCHF101526P-199401210,2026-10-15,DELTA,-0.387463922262043,QL_OPTIONS_PRICER,2026-09-21T15:00:00-04:00
2026-09-21,USDCHF101526P-199401210,2026-10-15,GAMMA,29.06433909931842,QL_OPTIONS_PRICER,2026-09-21T15:00:00-04:00
2026-09-21,USDCHF101526P-199401210,2026-10-15,PREMIUM,0.004403859912637044,QL_OPTIONS_PRICER,2026-09-21T15:00:00-04:00
2026-09-21,USDCHF101526P-199401210,2026-10-15,RHO,-0.000211608602374329,QL_OPTIONS_PRICER,2026-09-21T15:00:00-04:00
2026-09-21,USDCHF101526P-199401210,2026-10-15,THETA,-0.000139443717652463,QL_OPTIONS_PRICER,2026-09-21T15:00:00-04:00
2026-09-21,USDCHF101526P-199401210,2026-10-15,VEGA,0.0008014868058377547,QL_OPTIONS_PRICER,2026-09-21T15:00:00-04:00
2026-09-21,USDCHF101926C-199095096,2026-10-15,DELTA,0.6099470155498767,QL_OPTIONS_PRICER,2026-09-21T15:00:00-04:00
2026-09-21,USDCHF101926C-199095096,2026-10-15,GAMMA,29.06433909931842,QL_OPTIONS_PRICER,2026-09-21T15:00:00-04:00
2026-09-21,USDCHF101926C-199095096,2026-10-15,PREMIUM,0.008791654393107315,QL_OPTIONS_PRICER,2026-09-21T15:00:00-04:00
2026-09-21,USDCHF101926C-199095096,2026-10-15,RHO,0.00032462389502465607,QL_OPTIONS_PRICER,2026-09-21T15:00:00-04:00
2026-09-21,USDCHF101926C-199095096,2026-10-15,THETA,-5.0120003620527375e-05,QL_OPTIONS_PRICER,2026-09-21T15:00:00-04:00
2026-09-21,USDCHF101926C-199095096,2026-10-15,VEGA,0.0008014868058377547,QL_OPTIONS_PRICER,2026-09-21T15:00:00-04:00
2026-09-21,USDCHF101926P-199095154,2026-10-15,DELTA,-0.387463922262043,QL_OPTIONS_PRICER,2026-09-21T15:00:00-04:00
2026-09-21,USDCHF101926P-199095154,2026-10-15,GAMMA,29.06433909931842,QL_OPTIONS_PRICER,2026-09-21T15:00:00-04:00
2026-09-21,USDCHF101926P-199095154,2026-10-15,PREMIUM,0.004403859912637044,QL_OPTIONS_PRICER,2026-09-21T15:00:00-04:00
2026-09-21,USDCHF101926P-199095154,2026-10-15,RHO,-0.000211608602374329,QL_OPTIONS_PRICER,2026-09-21T15:00:00-04:00
2026-09-21,USDCHF101926P-199095154,2026-10-15,THETA,-0.000139443717652463,QL_OPTIONS_PRICER,2026-09-21T15:00:00-04:00
2026-09-21,USDCHF101926P-199095154,2026-10-15,VEGA,0.0008014868058377547,QL_OPTIONS_PRICER,2026-09-21T15:00:00-04:00
2026-09-21,USDCNH,2026-09-21,SPOT,6.69285,BBG_BFXFORWARD,2026-09-21T15:00:00-04:00
2026-09-21,USDCNH,2026-09-22,FWD_OUTRIGHT,6.6937,BBG_BFXFORWARD,2026-09-21T21:50:52+08:00
2026-09-21,USDCNH,2026-09-23,FWD_OUTRIGHT,6.69285,BBG_INTERP,2026-09-21T15:00:00-04:00
2026-09-21,USDCNH,2026-09-24,FWD_OUTRIGHT,6.6957,BBG_BFXFORWARD,2026-09-22T11:44:37+08:00
2026-09-21,USDCNH,2026-09-28,FWD_OUTRIGHT,6.6929,BBG_BFXFORWARD,2026-09-22T11:44:37+08:00
2026-09-21,USDCNH,2026-09-30,FWD_OUTRIGHT,6.689,BBG_BFXFORWARD,2026-09-21T21:50:52+08:00
2026-09-21,USDCNH,2026-10-08,FWD_OUTRIGHT,6.6874,BBG_BFXFORWARD,2026-09-22T11:44:37+08:00
2026-09-21,USDCNH,2026-10-23,FWD_OUTRIGHT,6.6771,BBG_BFXFORWARD,2026-09-21T21:50:52+08:00
2026-09-21,USDCNH,2026-10-26,FWD_OUTRIGHT,6.678,BBG_BFXFORWARD,2026-09-22T11:44:37+08:00
2026-09-21,USDCNH,2026-11-23,FWD_OUTRIGHT,6.6609,BBG_BFXFORWARD,2026-09-21T21:50:52+08:00
2026-09-21,USDCNH,2026-11-24,FWD_OUTRIGHT,6.6627,BBG_BFXFORWARD,2026-09-22T11:44:37+08:00
2026-09-21,USDCNH,2026-12-23,FWD_OUTRIGHT,6.6451,BBG_BFXFORWARD,2026-09-21T21:50:52+08:00
2026-09-21,USDCNH,2026-12-24,FWD_OUTRIGHT,6.6465,BBG_BFXFORWARD,2026-09-22T11:44:37+08:00
2026-09-21,USDCNH,2027-01-25,FWD_OUTRIGHT,6.6287,BBG_BFXFORWARD,2026-09-22T11:44:37+08:00
2026-09-21,USDCNH,2027-02-23,FWD_OUTRIGHT,6.611,BBG_BFXFORWARD,2026-09-21T21:50:52+08:00
2026-09-21,USDCNH,2027-02-24,FWD_OUTRIGHT,6.612,BBG_BFXFORWARD,2026-09-22T11:44:37+08:00
2026-09-21,USDCNH,2027-03-23,FWD_OUTRIGHT,6.5953,BBG_BFXFORWARD,2026-09-21T21:50:52+08:00
2026-09-21,USDCNH,2027-03-24,FWD_OUTRIGHT,6.5963,BBG_BFXFORWARD,2026-09-22T11:44:37+08:00
2026-09-21,USDCNH,2027-06-23,FWD_OUTRIGHT,6.5418,BBG_BFXFORWARD,2026-09-21T21:50:52+08:00
2026-09-21,USDCNH,2027-06-24,FWD_OUTRIGHT,6.5423,BBG_BFXFORWARD,2026-09-22T11:44:37+08:00
2026-09-21,USDCNH,2027-09-23,FWD_OUTRIGHT,6.4863,BBG_BFXFORWARD,2026-09-21T21:50:52+08:00
2026-09-21,USDCNH,2027-09-24,FWD_OUTRIGHT,6.4868,BBG_BFXFORWARD,2026-09-22T11:44:37+08:00
2026-09-21,USDCNH,2027-12-23,FWD_OUTRIGHT,6.431,BBG_BFXFORWARD,2026-09-21T21:50:52+08:00
2026-09-21,USDCNH,2027-12-24,FWD_OUTRIGHT,6.4333,BBG_BFXFORWARD,2026-09-22T11:44:37+08:00
2026-09-21,USDCNH,2028-03-23,FWD_OUTRIGHT,6.3759,BBG_BFXFORWARD,2026-09-21T21:50:52+08:00
2026-09-21,USDCNH,2028-03-24,FWD_OUTRIGHT,6.3759,BBG_BFXFORWARD,2026-09-22T11:44:37+08:00
2026-09-21,USDCNH,2028-09-25,FWD_OUTRIGHT,6.2654,BBG_BFXFORWARD,2026-09-22T11:44:37+08:00
2026-09-21,USDCNH,2029-09-25,FWD_OUTRIGHT,6.0596,BBG_BFXFORWARD,2026-09-22T11:44:37+08:00
2026-09-21,USDCNH,2030-09-23,FWD_OUTRIGHT,5.8672,BBG_BFXFORWARD,2026-09-21T21:50:52+08:00
2026-09-21,USDCNH,2030-09-24,FWD_OUTRIGHT,5.8683,BBG_BFXFORWARD,2026-09-22T11:44:37+08:00
2026-09-21,USDCNH,2031-09-23,FWD_OUTRIGHT,5.6766,BBG_BFXFORWARD,2026-09-21T21:50:52+08:00
2026-09-21,USDCNH,2031-09-24,FWD_OUTRIGHT,5.6797,BBG_BFXFORWARD,2026-09-22T11:44:37+08:00
2026-09-21,USDIDR,2026-09-21,FWD_OUTRIGHT,17837.5,BBG_BFXFORWARD,2026-09-21T15:00:00-04:00
2026-09-21,USDIDR,2026-09-21,NDF_1M,17906.0,BBG_BFXFORWARD,2026-09-22T11:44:37+08:00
2026-09-21,USDIDR,2026-09-21,SPOT,17837.5,BBG_BFXFORWARD,2026-09-21T15:00:00-04:00
2026-09-21,USDIDR,2026-09-22,FWD_OUTRIGHT,17837.5,BBG_BFXFORWARD,2026-09-21T21:50:52+08:00
2026-09-21,USDIDR,2026-09-23,FWD_OUTRIGHT,17874.0,BBG_BFXFORWARD,2026-09-22T11:44:37+08:00
2026-09-21,USDIDR,2026-09-24,FWD_OUTRIGHT,17874.0,BBG_BFXFORWARD,2026-09-22T11:44:37+08:00
2026-09-21,USDIDR,2026-09-25,FWD_OUTRIGHT,17875.269,BBG_BFXFORWARD,2026-09-22T11:44:37+08:00
2026-09-21,USDIDR,2026-09-30,FWD_OUTRIGHT,17846.38,BBG_BFXFORWARD,2026-09-21T21:50:52+08:00
2026-09-21,USDIDR,2026-10-01,FWD_OUTRIGHT,17882.88,BBG_BFXFORWARD,2026-09-22T11:44:37+08:00
2026-09-21,USDIDR,2026-10-23,FWD_OUTRIGHT,17869.0,BBG_BFXFORWARD,2026-09-21T21:50:52+08:00
2026-09-21,USDIDR,2026-10-26,FWD_OUTRIGHT,17905.5,BBG_BFXFORWARD,2026-09-22T11:44:37+08:00
2026-09-21,USDIDR,2026-11-23,FWD_OUTRIGHT,17896.75,BBG_BFXFORWARD,2026-09-21T21:50:52+08:00
2026-09-21,USDIDR,2026-11-24,FWD_OUTRIGHT,17933.25,BBG_BFXFORWARD,2026-09-22T11:44:37+08:00
2026-09-21,USDIDR,2026-12-23,FWD_OUTRIGHT,17923.75,BBG_BFXFORWARD,2026-09-21T21:50:52+08:00
2026-09-21,USDIDR,2026-12-28,FWD_OUTRIGHT,17960.25,BBG_BFXFORWARD,2026-09-22T11:44:37+08:00
2026-09-21,USDIDR,2027-01-25,FWD_OUTRIGHT,17990.366,BBG_BFXFORWARD,2026-09-22T11:44:37+08:00
2026-09-21,USDIDR,2027-02-23,FWD_OUTRIGHT,17987.472,BBG_BFXFORWARD,2026-09-21T21:50:52+08:00
2026-09-21,USDIDR,2027-02-24,FWD_OUTRIGHT,18022.634,BBG_BFXFORWARD,2026-09-22T11:44:37+08:00
2026-09-21,USDIDR,2027-03-23,FWD_OUTRIGHT,18016.25,BBG_BFXFORWARD,2026-09-21T21:50:52+08:00
2026-09-21,USDIDR,2027-03-24,FWD_OUTRIGHT,18052.75,BBG_BFXFORWARD,2026-09-22T11:44:37+08:00
2026-09-21,USDIDR,2027-06-23,FWD_OUTRIGHT,18085.625,BBG_BFXFORWARD,2026-09-21T21:50:52+08:00
2026-09-21,USDIDR,2027-06-24,FWD_OUTRIGHT,18122.125,BBG_BFXFORWARD,2026-09-22T11:44:37+08:00
2026-09-21,USDIDR,2027-09-23,FWD_OUTRIGHT,18155.0,BBG_BFXFORWARD,2026-09-21T21:50:52+08:00
2026-09-21,USDIDR,2027-09-24,FWD_OUTRIGHT,18191.5,BBG_BFXFORWARD,2026-09-22T11:44:37+08:00
2026-09-21,USDJPY,2026-09-21,SPOT,157.45,BBG_BFXFORWARD,2026-09-21T15:00:00-04:00
2026-09-21,USDJPY,2026-09-24,FWD_OUTRIGHT,157.43702857142856,BBG_INTERP,2026-09-21T15:00:00-04:00
2026-09-21,USDJPY,2026-09-25,FWD_OUTRIGHT,157.42405714285712,BBG_INTERP,2026-09-21T15:00:00-04:00
2026-09-21,USDJPY,2026-09-28,FWD_OUTRIGHT,157.4284,BBG_BFXFORWARD,2026-09-22T11:44:37+08:00
2026-09-21,USDJPY,2026-10-02,FWD_OUTRIGHT,157.3742,BBG_BFXFORWARD,2026-09-22T11:44:37+08:00
2026-09-21,USDJPY,2026-10-26,FWD_OUTRIGHT,157.0799,BBG_BFXFORWARD,2026-09-22T11:44:37+08:00
2026-09-21,USDJPY,2026-11-19,FWD_OUTRIGHT,156.7735,BBG_INTERP,2026-09-22T11:44:37+08:00
2026-09-21,USDJPY,2026-11-25,FWD_OUTRIGHT,156.6969,BBG_BFXFORWARD,2026-09-22T11:44:37+08:00
2026-09-21,USDJPY,2026-12-28,FWD_OUTRIGHT,156.2649,BBG_BFXFORWARD,2026-09-22T11:44:37+08:00
2026-09-21,USDJPY,2027-01-25,FWD_OUTRIGHT,155.879,BBG_BFXFORWARD,2026-09-22T11:44:37+08:00
2026-09-21,USDJPY,2027-02-25,FWD_OUTRIGHT,155.4805,BBG_BFXFORWARD,2026-09-22T11:44:37+08:00
2026-09-21,USDJPY,2027-03-01,FWD_OUTRIGHT,155.38351666666665,BBG_INTERP,2026-09-21T15:00:00-04:00
2026-09-21,USDJPY,2027-03-03,FWD_OUTRIGHT,155.3580333333333,BBG_INTERP,2026-09-21T15:00:00-04:00
2026-09-21,USDJPY,2027-03-25,FWD_OUTRIGHT,155.1162,BBG_BFXFORWARD,2026-09-22T11:44:37+08:00
2026-09-21,USDJPY,2027-06-25,FWD_OUTRIGHT,153.9026,BBG_BFXFORWARD,2026-09-22T11:44:37+08:00
2026-09-21,USDJPY,2027-09-27,FWD_OUTRIGHT,152.6968,BBG_BFXFORWARD,2026-09-22T11:44:37+08:00
2026-09-21,USDJPY,2027-12-27,FWD_OUTRIGHT,151.5807,BBG_BFXFORWARD,2026-09-22T11:44:37+08:00
2026-09-21,USDJPY,2028-03-27,FWD_OUTRIGHT,150.4966,BBG_BFXFORWARD,2026-09-22T11:44:37+08:00
2026-09-21,USDJPY,2028-09-25,FWD_OUTRIGHT,148.5098,BBG_BFXFORWARD,2026-09-22T11:44:37+08:00
2026-09-21,USDJPY,2029-09-25,FWD_OUTRIGHT,144.9051,BBG_BFXFORWARD,2026-09-22T11:44:37+08:00
2026-09-21,USDJPY,2030-09-25,FWD_OUTRIGHT,141.8631,BBG_BFXFORWARD,2026-09-22T11:44:37+08:00
2026-09-21,USDJPY,2031-09-25,FWD_OUTRIGHT,139.2015,BBG_BFXFORWARD,2026-09-22T11:44:37+08:00
2026-09-21,USDJPY030127P-198153212,2027-03-01,DELTA,-3.2450533114075326,QL_OPTIONS_PRICER,2026-09-21T15:00:00-04:00
2026-09-21,USDJPY030127P-198153212,2027-03-01,GAMMA,0.35306754003043417,QL_OPTIONS_PRICER,2026-09-21T15:00:00-04:00
2026-09-21,USDJPY030127P-198153212,2027-03-01,PREMIUM,0.13204494999394556,QL_OPTIONS_PRICER,2026-09-21T15:00:00-04:00
2026-09-21,USDJPY030127P-198153212,2027-03-01,RHO,-2.34541324719393,QL_OPTIONS_PRICER,2026-09-21T15:00:00-04:00
2026-09-21,USDJPY030127P-198153212,2027-03-01,THETA,-0.1051617474377519,QL_OPTIONS_PRICER,2026-09-21T15:00:00-04:00
2026-09-21,USDJPY030127P-198153212,2027-03-01,VEGA,2.9669448723309353,QL_OPTIONS_PRICER,2026-09-21T15:00:00-04:00
2026-09-21,USDJPY030127P-198891128,2027-03-01,DELTA,-3.2450533114075326,QL_OPTIONS_PRICER,2026-09-21T15:00:00-04:00
2026-09-21,USDJPY030127P-198891128,2027-03-01,GAMMA,0.35306754003043417,QL_OPTIONS_PRICER,2026-09-21T15:00:00-04:00
2026-09-21,USDJPY030127P-198891128,2027-03-01,PREMIUM,0.13204494999394556,QL_OPTIONS_PRICER,2026-09-21T15:00:00-04:00
2026-09-21,USDJPY030127P-198891128,2027-03-01,RHO,-2.34541324719393,QL_OPTIONS_PRICER,2026-09-21T15:00:00-04:00
2026-09-21,USDJPY030127P-198891128,2027-03-01,THETA,-0.1051617474377519,QL_OPTIONS_PRICER,2026-09-21T15:00:00-04:00
2026-09-21,USDJPY030127P-198891128,2027-03-01,VEGA,2.9669448723309353,QL_OPTIONS_PRICER,2026-09-21T15:00:00-04:00
2026-09-21,USDJPY030127P-199202828,2027-03-01,DELTA,-3.2450533114075326,QL_OPTIONS_PRICER,2026-09-21T15:00:00-04:00
2026-09-21,USDJPY030127P-199202828,2027-03-01,GAMMA,0.35306754003043417,QL_OPTIONS_PRICER,2026-09-21T15:00:00-04:00
2026-09-21,USDJPY030127P-199202828,2027-03-01,PREMIUM,0.13204494999394556,QL_OPTIONS_PRICER,2026-09-21T15:00:00-04:00
2026-09-21,USDJPY030127P-199202828,2027-03-01,RHO,-2.34541324719393,QL_OPTIONS_PRICER,2026-09-21T15:00:00-04:00
2026-09-21,USDJPY030127P-199202828,2027-03-01,THETA,-0.1051617474377519,QL_OPTIONS_PRICER,2026-09-21T15:00:00-04:00
2026-09-21,USDJPY030127P-199202828,2027-03-01,VEGA,2.9669448723309353,QL_OPTIONS_PRICER,2026-09-21T15:00:00-04:00
2026-09-21,USDJPY111926P-197571137,2026-11-19,DELTA,-6.085316090346349,QL_OPTIONS_PRICER,2026-09-21T15:00:00-04:00
2026-09-21,USDJPY111926P-197571137,2026-11-19,GAMMA,1.053146228016854,QL_OPTIONS_PRICER,2026-09-21T15:00:00-04:00
2026-09-21,USDJPY111926P-197571137,2026-11-19,PREMIUM,0.1495254864286806,QL_OPTIONS_PRICER,2026-09-21T15:00:00-04:00
2026-09-21,USDJPY111926P-197571137,2026-11-19,RHO,-1.5868184265636749,QL_OPTIONS_PRICER,2026-09-21T15:00:00-04:00
2026-09-21,USDJPY111926P-197571137,2026-11-19,THETA,-0.25026508277725323,QL_OPTIONS_PRICER,2026-09-21T15:00:00-04:00
2026-09-21,USDJPY111926P-197571137,2026-11-19,VEGA,3.1044881294966524,QL_OPTIONS_PRICER,2026-09-21T15:00:00-04:00
2026-09-21,USDJPY111926P-197957397,2026-11-19,DELTA,-6.085316090346349,QL_OPTIONS_PRICER,2026-09-21T15:00:00-04:00
2026-09-21,USDJPY111926P-197957397,2026-11-19,GAMMA,1.053146228016854,QL_OPTIONS_PRICER,2026-09-21T15:00:00-04:00
2026-09-21,USDJPY111926P-197957397,2026-11-19,PREMIUM,0.1495254864286806,QL_OPTIONS_PRICER,2026-09-21T15:00:00-04:00
2026-09-21,USDJPY111926P-197957397,2026-11-19,RHO,-1.5868184265636749,QL_OPTIONS_PRICER,2026-09-21T15:00:00-04:00
2026-09-21,USDJPY111926P-197957397,2026-11-19,THETA,-0.25026508277725323,QL_OPTIONS_PRICER,2026-09-21T15:00:00-04:00
2026-09-21,USDJPY111926P-197957397,2026-11-19,VEGA,3.1044881294966524,QL_OPTIONS_PRICER,2026-09-21T15:00:00-04:00
2026-09-21,USDJPY111926P-198890493,2026-11-19,DELTA,-6.085316090346349,QL_OPTIONS_PRICER,2026-09-21T15:00:00-04:00
2026-09-21,USDJPY111926P-198890493,2026-11-19,GAMMA,1.053146228016854,QL_OPTIONS_PRICER,2026-09-21T15:00:00-04:00
2026-09-21,USDJPY111926P-198890493,2026-11-19,PREMIUM,0.1495254864286806,QL_OPTIONS_PRICER,2026-09-21T15:00:00-04:00
2026-09-21,USDJPY111926P-198890493,2026-11-19,RHO,-1.5868184265636749,QL_OPTIONS_PRICER,2026-09-21T15:00:00-04:00
2026-09-21,USDJPY111926P-198890493,2026-11-19,THETA,-0.25026508277725323,QL_OPTIONS_PRICER,2026-09-21T15:00:00-04:00
2026-09-21,USDJPY111926P-198890493,2026-11-19,VEGA,3.1044881294966524,QL_OPTIONS_PRICER,2026-09-21T15:00:00-04:00
2026-09-21,USDKRW,2026-09-21,FWD_OUTRIGHT,1374.65,BBG_BFXFORWARD,2026-09-21T15:00:00-04:00
2026-09-21,USDKRW,2026-09-21,NDF_1M,1358.55,BBG_BFXFORWARD,2026-09-22T11:44:37+08:00
2026-09-21,USDKRW,2026-09-21,SPOT,1374.65,BBG_BFXFORWARD,2026-09-21T15:00:00-04:00
2026-09-21,USDKRW,2026-09-22,FWD_OUTRIGHT,1373.35,BBG_BFXFORWARD,2026-09-21T21:50:52+08:00
2026-09-21,USDKRW,2026-09-23,FWD_OUTRIGHT,1358.55,BBG_BFXFORWARD,2026-09-22T11:44:37+08:00
2026-09-21,USDKRW,2026-09-28,FWD_OUTRIGHT,1374.525,BBG_INTERP,2026-09-21T15:00:00-04:00
2026-09-21,USDKRW,2026-09-29,FWD_OUTRIGHT,1358.542,BBG_BFXFORWARD,2026-09-22T11:44:37+08:00
2026-09-21,USDKRW,2026-09-30,FWD_OUTRIGHT,1373.292,BBG_BFXFORWARD,2026-09-21T21:50:52+08:00
2026-09-21,USDKRW,2026-10-06,FWD_OUTRIGHT,1358.483,BBG_BFXFORWARD,2026-09-22T11:44:37+08:00
2026-09-21,USDKRW,2026-10-13,FWD_OUTRIGHT,1374.4326086956523,BBG_INTERP,2026-09-21T15:00:00-04:00
2026-09-21,USDKRW,2026-10-23,FWD_OUTRIGHT,1373.1,BBG_BFXFORWARD,2026-09-21T21:50:52+08:00
2026-09-21,USDKRW,2026-10-28,FWD_OUTRIGHT,1358.3,BBG_BFXFORWARD,2026-09-22T11:44:37+08:00
2026-09-21,USDKRW,2026-11-23,FWD_OUTRIGHT,1372.35,BBG_BFXFORWARD,2026-09-21T21:50:52+08:00
2026-09-21,USDKRW,2026-11-30,FWD_OUTRIGHT,1357.65,BBG_BFXFORWARD,2026-09-22T11:44:37+08:00
2026-09-21,USDKRW,2026-12-23,FWD_OUTRIGHT,1370.65,BBG_BFXFORWARD,2026-09-21T21:50:52+08:00
2026-09-21,USDKRW,2026-12-28,FWD_OUTRIGHT,1355.85,BBG_BFXFORWARD,2026-09-22T11:44:37+08:00
2026-09-21,USDKRW,2027-01-25,FWD_OUTRIGHT,1369.733,BBG_BFXFORWARD,2026-09-21T21:50:52+08:00
2026-09-21,USDKRW,2027-01-28,FWD_OUTRIGHT,1355.084,BBG_BFXFORWARD,2026-09-22T11:44:37+08:00
2026-09-21,USDKRW,2027-02-23,FWD_OUTRIGHT,1368.928,BBG_BFXFORWARD,2026-09-21T21:50:52+08:00
2026-09-21,USDKRW,2027-02-26,FWD_OUTRIGHT,1354.366,BBG_BFXFORWARD,2026-09-22T11:44:37+08:00
2026-09-21,USDKRW,2027-03-23,FWD_OUTRIGHT,1368.15,BBG_BFXFORWARD,2026-09-21T21:50:52+08:00
2026-09-21,USDKRW,2027-03-29,FWD_OUTRIGHT,1353.6,BBG_BFXFORWARD,2026-09-22T11:44:37+08:00
2026-09-21,USDKRW,2027-06-23,FWD_OUTRIGHT,1363.75,BBG_BFXFORWARD,2026-09-21T21:50:52+08:00
2026-09-21,USDKRW,2027-06-28,FWD_OUTRIGHT,1349.1,BBG_BFXFORWARD,2026-09-22T11:44:37+08:00
2026-09-21,USDKRW,2027-09-23,FWD_OUTRIGHT,1359.35,BBG_BFXFORWARD,2026-09-21T21:50:52+08:00
2026-09-21,USDKRW,2027-09-28,FWD_OUTRIGHT,1344.55,BBG_BFXFORWARD,2026-09-22T11:44:37+08:00
2026-09-21,USDMXN,2026-09-21,FWD_OUTRIGHT,17.2267,BBG_BFXFORWARD,2026-09-21T15:00:00-04:00
2026-09-21,USDMXN,2026-09-21,SPOT,17.2267,BBG_BFXFORWARD,2026-09-21T15:00:00-04:00
2026-09-21,USDMXN,2026-09-22,FWD_OUTRIGHT,17.2267,BBG_INTERP,2026-09-21T15:00:00-04:00
2026-09-21,USDMXN,2026-09-23,FWD_OUTRIGHT,17.2267,BBG_INTERP,2026-09-21T15:00:00-04:00
2026-09-21,USDMXN,2026-09-24,FWD_OUTRIGHT,17.2105,BBG_BFXFORWARD,2026-09-22T11:44:37+08:00
2026-09-21,USDMXN,2026-09-25,FWD_OUTRIGHT,17.2131,BBG_BFXFORWARD,2026-09-22T11:44:37+08:00
2026-09-21,USDMXN,2026-09-30,FWD_OUTRIGHT,17.2175,BBG_BFXFORWARD,2026-09-21T21:50:52+08:00
2026-09-21,USDMXN,2026-10-01,FWD_OUTRIGHT,17.221,BBG_BFXFORWARD,2026-09-22T11:44:37+08:00
2026-09-21,USDMXN,2026-10-23,FWD_OUTRIGHT,17.2478,BBG_BFXFORWARD,2026-09-21T21:50:52+08:00
2026-09-21,USDMXN,2026-10-26,FWD_OUTRIGHT,17.2512,BBG_BFXFORWARD,2026-09-22T11:44:37+08:00
2026-09-21,USDMXN,2026-11-23,FWD_OUTRIGHT,17.2885,BBG_BFXFORWARD,2026-09-21T21:50:52+08:00
2026-09-21,USDMXN,2026-11-24,FWD_OUTRIGHT,17.2917,BBG_BFXFORWARD,2026-09-22T11:44:37+08:00
2026-09-21,USDMXN,2026-12-23,FWD_OUTRIGHT,17.3273,BBG_BFXFORWARD,2026-09-21T21:50:52+08:00
2026-09-21,USDMXN,2026-12-24,FWD_OUTRIGHT,17.3303,BBG_BFXFORWARD,2026-09-22T11:44:37+08:00
2026-09-21,USDMXN,2027-01-25,FWD_OUTRIGHT,17.3725,BBG_BFXFORWARD,2026-09-22T11:44:37+08:00
2026-09-21,USDMXN,2027-02-23,FWD_OUTRIGHT,17.4058,BBG_BFXFORWARD,2026-09-21T21:50:52+08:00
2026-09-21,USDMXN,2027-02-24,FWD_OUTRIGHT,17.4087,BBG_BFXFORWARD,2026-09-22T11:44:37+08:00
2026-09-21,USDMXN,2027-03-23,FWD_OUTRIGHT,17.4413,BBG_BFXFORWARD,2026-09-21T21:50:52+08:00
2026-09-21,USDMXN,2027-03-24,FWD_OUTRIGHT,17.4433,BBG_BFXFORWARD,2026-09-22T11:44:37+08:00
2026-09-21,USDMXN,2027-06-23,FWD_OUTRIGHT,17.5588,BBG_BFXFORWARD,2026-09-21T21:50:52+08:00
2026-09-21,USDMXN,2027-06-24,FWD_OUTRIGHT,17.5608,BBG_BFXFORWARD,2026-09-22T11:44:37+08:00
2026-09-21,USDMXN,2027-09-23,FWD_OUTRIGHT,17.6823,BBG_BFXFORWARD,2026-09-21T21:50:52+08:00
2026-09-21,USDMXN,2027-09-24,FWD_OUTRIGHT,17.6859,BBG_BFXFORWARD,2026-09-22T11:44:37+08:00
2026-09-21,USDMXN,2027-12-23,FWD_OUTRIGHT,17.8246,BBG_BFXFORWARD,2026-09-21T21:50:52+08:00
2026-09-21,USDMXN,2027-12-24,FWD_OUTRIGHT,17.8332,BBG_BFXFORWARD,2026-09-22T11:44:37+08:00
2026-09-21,USDMXN,2028-03-23,FWD_OUTRIGHT,17.9669,BBG_BFXFORWARD,2026-09-21T21:50:52+08:00
2026-09-21,USDMXN,2028-03-24,FWD_OUTRIGHT,17.9805,BBG_BFXFORWARD,2026-09-22T11:44:37+08:00
2026-09-21,USDMXN,2028-09-25,FWD_OUTRIGHT,18.316,BBG_BFXFORWARD,2026-09-22T11:44:37+08:00
2026-09-21,USDMXN,2029-09-24,FWD_OUTRIGHT,19.0638,BBG_BFXFORWARD,2026-09-22T11:44:37+08:00
2026-09-21,USDMXN,2030-09-23,FWD_OUTRIGHT,19.9594,BBG_BFXFORWARD,2026-09-21T21:50:52+08:00
2026-09-21,USDMXN,2030-09-24,FWD_OUTRIGHT,19.9318,BBG_BFXFORWARD,2026-09-22T11:44:37+08:00
2026-09-21,USDMXN,2031-09-23,FWD_OUTRIGHT,21.2447,BBG_BFXFORWARD,2026-09-21T21:50:52+08:00
2026-09-21,USDMXN,2031-09-24,FWD_OUTRIGHT,21.0075,BBG_BFXFORWARD,2026-09-22T11:44:37+08:00
2026-09-21,USDNOK,2026-09-21,FWD_OUTRIGHT,9.443249999999999,BBG_BFXFORWARD,2026-09-21T15:00:00-04:00
2026-09-21,USDNOK,2026-09-21,SPOT,9.443249999999999,BBG_BFXFORWARD,2026-09-21T15:00:00-04:00
2026-09-21,USDNOK,2026-09-22,FWD_OUTRIGHT,9.443249999999999,BBG_INTERP,2026-09-21T15:00:00-04:00
2026-09-21,USDNOK,2026-09-23,FWD_OUTRIGHT,9.443249999999999,BBG_INTERP,2026-09-21T15:00:00-04:00
2026-09-21,USDNOK,2026-09-24,FWD_OUTRIGHT,9.4292,BBG_BFXFORWARD,2026-09-22T11:44:37+08:00
2026-09-21,USDNOK,2026-09-25,FWD_OUTRIGHT,9.4293,BBG_BFXFORWARD,2026-09-22T11:44:37+08:00
2026-09-21,USDNOK,2026-09-30,FWD_OUTRIGHT,9.4212,BBG_BFXFORWARD,2026-09-21T21:50:52+08:00
2026-09-21,USDNOK,2026-10-01,FWD_OUTRIGHT,9.4299,BBG_BFXFORWARD,2026-09-22T11:44:37+08:00
2026-09-21,USDNOK,2026-10-23,FWD_OUTRIGHT,9.4238,BBG_BFXFORWARD,2026-09-21T21:50:52+08:00
2026-09-21,USDNOK,2026-10-26,FWD_OUTRIGHT,9.4327,BBG_BFXFORWARD,2026-09-22T11:44:37+08:00
2026-09-21,USDNOK,2026-11-23,FWD_OUTRIGHT,9.4267,BBG_BFXFORWARD,2026-09-21T21:50:52+08:00
2026-09-21,USDNOK,2026-11-24,FWD_OUTRIGHT,9.4353,BBG_BFXFORWARD,2026-09-22T11:44:37+08:00
2026-09-21,USDNOK,2026-12-23,FWD_OUTRIGHT,9.4291,BBG_BFXFORWARD,2026-09-21T21:50:52+08:00
2026-09-21,USDNOK,2026-12-28,FWD_OUTRIGHT,9.4379,BBG_BFXFORWARD,2026-09-22T11:44:37+08:00
2026-09-21,USDNOK,2027-01-25,FWD_OUTRIGHT,9.4393,BBG_BFXFORWARD,2026-09-22T11:44:37+08:00
2026-09-21,USDNOK,2027-02-23,FWD_OUTRIGHT,9.4327,BBG_BFXFORWARD,2026-09-21T21:50:52+08:00
2026-09-21,USDNOK,2027-02-24,FWD_OUTRIGHT,9.4411,BBG_BFXFORWARD,2026-09-22T11:44:37+08:00
2026-09-21,USDNOK,2027-03-23,FWD_OUTRIGHT,9.4345,BBG_BFXFORWARD,2026-09-21T21:50:52+08:00
2026-09-21,USDNOK,2027-03-24,FWD_OUTRIGHT,9.4427,BBG_BFXFORWARD,2026-09-22T11:44:37+08:00
2026-09-21,USDNOK,2027-06-23,FWD_OUTRIGHT,9.436,BBG_BFXFORWARD,2026-09-21T21:50:52+08:00
2026-09-21,USDNOK,2027-06-24,FWD_OUTRIGHT,9.4438,BBG_BFXFORWARD,2026-09-22T11:44:37+08:00
2026-09-21,USDNOK,2027-09-23,FWD_OUTRIGHT,9.435,BBG_BFXFORWARD,2026-09-21T21:50:52+08:00
2026-09-21,USDNOK,2027-09-24,FWD_OUTRIGHT,9.4422,BBG_BFXFORWARD,2026-09-22T11:44:37+08:00
2026-09-21,USDNOK,2027-12-23,FWD_OUTRIGHT,9.433,BBG_BFXFORWARD,2026-09-21T21:50:52+08:00
2026-09-21,USDNOK,2027-12-27,FWD_OUTRIGHT,9.4396,BBG_BFXFORWARD,2026-09-22T11:44:37+08:00
2026-09-21,USDNOK,2028-03-23,FWD_OUTRIGHT,9.4309,BBG_BFXFORWARD,2026-09-21T21:50:52+08:00
2026-09-21,USDNOK,2028-03-24,FWD_OUTRIGHT,9.4372,BBG_BFXFORWARD,2026-09-22T11:44:37+08:00
2026-09-21,USDNOK,2028-09-25,FWD_OUTRIGHT,9.4316,BBG_BFXFORWARD,2026-09-22T11:44:37+08:00
2026-09-21,USDNOK,2029-09-24,FWD_OUTRIGHT,9.4082,BBG_BFXFORWARD,2026-09-22T11:44:37+08:00
2026-09-21,USDNOK,2030-09-23,FWD_OUTRIGHT,9.3605,BBG_BFXFORWARD,2026-09-21T21:50:52+08:00
2026-09-21,USDNOK,2030-09-24,FWD_OUTRIGHT,9.3675,BBG_BFXFORWARD,2026-09-22T11:44:37+08:00
2026-09-21,USDNOK,2031-09-23,FWD_OUTRIGHT,9.3082,BBG_BFXFORWARD,2026-09-21T21:50:52+08:00
2026-09-21,USDNOK,2031-09-24,FWD_OUTRIGHT,9.3164,BBG_BFXFORWARD,2026-09-22T11:44:37+08:00
2026-09-21,USDSEK,2026-09-21,FWD_OUTRIGHT,9.83955,BBG_BFXFORWARD,2026-09-21T15:00:00-04:00
2026-09-21,USDSEK,2026-09-21,SPOT,9.83955,BBG_BFXFORWARD,2026-09-21T15:00:00-04:00
2026-09-21,USDSEK,2026-09-22,FWD_OUTRIGHT,9.83955,BBG_INTERP,2026-09-21T15:00:00-04:00
2026-09-21,USDSEK,2026-09-23,FWD_OUTRIGHT,9.83955,BBG_INTERP,2026-09-21T15:00:00-04:00
2026-09-21,USDSEK,2026-09-24,FWD_OUTRIGHT,9.8295,BBG_BFXFORWARD,2026-09-22T11:44:37+08:00
2026-09-21,USDSEK,2026-09-25,FWD_OUTRIGHT,9.8282,BBG_BFXFORWARD,2026-09-22T11:44:37+08:00
2026-09-21,USDSEK,2026-09-30,FWD_OUTRIGHT,9.8276,BBG_BFXFORWARD,2026-09-21T21:50:52+08:00
2026-09-21,USDSEK,2026-10-01,FWD_OUTRIGHT,9.8246,BBG_BFXFORWARD,2026-09-22T11:44:37+08:00
2026-09-21,USDSEK,2026-10-23,FWD_OUTRIGHT,9.8139,BBG_BFXFORWARD,2026-09-21T21:50:52+08:00
2026-09-21,USDSEK,2026-10-26,FWD_OUTRIGHT,9.8098,BBG_BFXFORWARD,2026-09-22T11:44:37+08:00
2026-09-21,USDSEK,2026-11-23,FWD_OUTRIGHT,9.7954,BBG_BFXFORWARD,2026-09-21T21:50:52+08:00
2026-09-21,USDSEK,2026-11-24,FWD_OUTRIGHT,9.7924,BBG_BFXFORWARD,2026-09-22T11:44:37+08:00
2026-09-21,USDSEK,2026-12-23,FWD_OUTRIGHT,9.7777,BBG_BFXFORWARD,2026-09-21T21:50:52+08:00
2026-09-21,USDSEK,2026-12-28,FWD_OUTRIGHT,9.7725,BBG_BFXFORWARD,2026-09-22T11:44:37+08:00
2026-09-21,USDSEK,2027-01-25,FWD_OUTRIGHT,9.7542,BBG_BFXFORWARD,2026-09-22T11:44:37+08:00
2026-09-21,USDSEK,2027-02-23,FWD_OUTRIGHT,9.7406,BBG_BFXFORWARD,2026-09-21T21:50:52+08:00
2026-09-21,USDSEK,2027-02-24,FWD_OUTRIGHT,9.7375,BBG_BFXFORWARD,2026-09-22T11:44:37+08:00
2026-09-21,USDSEK,2027-03-23,FWD_OUTRIGHT,9.7254,BBG_BFXFORWARD,2026-09-21T21:50:52+08:00
2026-09-21,USDSEK,2027-03-24,FWD_OUTRIGHT,9.7223,BBG_BFXFORWARD,2026-09-22T11:44:37+08:00
2026-09-21,USDSEK,2027-06-23,FWD_OUTRIGHT,9.6777,BBG_BFXFORWARD,2026-09-21T21:50:52+08:00
2026-09-21,USDSEK,2027-06-24,FWD_OUTRIGHT,9.6737,BBG_BFXFORWARD,2026-09-22T11:44:37+08:00
2026-09-21,USDSEK,2027-09-23,FWD_OUTRIGHT,9.6323,BBG_BFXFORWARD,2026-09-21T21:50:52+08:00
2026-09-21,USDSEK,2027-09-24,FWD_OUTRIGHT,9.6277,BBG_BFXFORWARD,2026-09-22T11:44:37+08:00
2026-09-21,USDSEK,2027-12-23,FWD_OUTRIGHT,9.5897,BBG_BFXFORWARD,2026-09-21T21:50:52+08:00
2026-09-21,USDSEK,2027-12-27,FWD_OUTRIGHT,9.5835,BBG_BFXFORWARD,2026-09-22T11:44:37+08:00
2026-09-21,USDSEK,2028-03-23,FWD_OUTRIGHT,9.5473,BBG_BFXFORWARD,2026-09-21T21:50:52+08:00
2026-09-21,USDSEK,2028-03-24,FWD_OUTRIGHT,9.5419,BBG_BFXFORWARD,2026-09-22T11:44:37+08:00
2026-09-21,USDSEK,2028-09-25,FWD_OUTRIGHT,9.4621,BBG_BFXFORWARD,2026-09-22T11:44:37+08:00
2026-09-21,USDSEK,2029-09-24,FWD_OUTRIGHT,9.3176,BBG_BFXFORWARD,2026-09-22T11:44:37+08:00
2026-09-21,USDSEK,2030-09-23,FWD_OUTRIGHT,9.1923,BBG_BFXFORWARD,2026-09-21T21:50:52+08:00
2026-09-21,USDSEK,2030-09-24,FWD_OUTRIGHT,9.189,BBG_BFXFORWARD,2026-09-22T11:44:37+08:00
2026-09-21,USDSEK,2031-09-23,FWD_OUTRIGHT,9.0725,BBG_BFXFORWARD,2026-09-21T21:50:52+08:00
2026-09-21,USDSEK,2031-09-24,FWD_OUTRIGHT,9.0762,BBG_BFXFORWARD,2026-09-22T11:44:37+08:00
2026-09-21,USDTRY,2026-09-21,SPOT,48.80125,BBG_BFXFORWARD,2026-09-21T15:00:00-04:00
2026-09-21,USDTRY,2026-09-22,FWD_OUTRIGHT,48.7655,BBG_BFXFORWARD,2026-09-21T21:50:52+08:00
2026-09-21,USDTRY,2026-09-23,FWD_OUTRIGHT,48.83807735714286,BBG_INTERP,2026-09-21T15:00:00-04:00
2026-09-21,USDTRY,2026-09-24,FWD_OUTRIGHT,48.8548,BBG_BFXFORWARD,2026-09-22T11:44:37+08:00
2026-09-21,USDTRY,2026-09-29,FWD_OUTRIGHT,49.0627,BBG_BFXFORWARD,2026-09-21T21:50:52+08:00
2026-09-21,USDTRY,2026-09-30,FWD_OUTRIGHT,49.074,BBG_BFXFORWARD,2026-09-22T11:44:37+08:00
2026-09-21,USDTRY,2026-10-22,FWD_OUTRIGHT,50.0006,BBG_BFXFORWARD,2026-09-21T21:50:52+08:00
2026-09-21,USDTRY,2026-10-23,FWD_OUTRIGHT,50.0099,BBG_BFXFORWARD,2026-09-22T11:44:37+08:00
2026-09-21,USDTRY,2026-11-23,FWD_OUTRIGHT,51.3325,BBG_BFXFORWARD,2026-09-22T11:44:37+08:00
2026-09-21,USDTRY,2026-12-22,FWD_OUTRIGHT,52.5476,BBG_BFXFORWARD,2026-09-21T21:50:52+08:00
2026-09-21,USDTRY,2026-12-23,FWD_OUTRIGHT,52.5474,BBG_BFXFORWARD,2026-09-22T11:44:37+08:00
2026-09-21,USDTRY,2027-01-22,FWD_OUTRIGHT,53.8727,BBG_BFXFORWARD,2026-09-21T21:50:52+08:00
2026-09-21,USDTRY,2027-01-25,FWD_OUTRIGHT,53.9153,BBG_BFXFORWARD,2026-09-22T11:44:37+08:00
2026-09-21,USDTRY,2027-02-22,FWD_OUTRIGHT,55.223,BBG_BFXFORWARD,2026-09-21T21:50:52+08:00
2026-09-21,USDTRY,2027-02-23,FWD_OUTRIGHT,55.2152,BBG_BFXFORWARD,2026-09-22T11:44:37+08:00
2026-09-21,USDTRY,2027-03-22,FWD_OUTRIGHT,56.4652,BBG_BFXFORWARD,2026-09-21T21:50:52+08:00
2026-09-21,USDTRY,2027-03-23,FWD_OUTRIGHT,56.4613,BBG_BFXFORWARD,2026-09-22T11:44:37+08:00
2026-09-21,USDTRY,2027-06-22,FWD_OUTRIGHT,60.7634,BBG_BFXFORWARD,2026-09-21T21:50:52+08:00
2026-09-21,USDTRY,2027-06-23,FWD_OUTRIGHT,60.7497,BBG_BFXFORWARD,2026-09-22T11:44:37+08:00
2026-09-21,USDTRY,2027-09-22,FWD_OUTRIGHT,65.387,BBG_BFXFORWARD,2026-09-21T21:50:52+08:00
2026-09-21,USDTRY,2027-09-23,FWD_OUTRIGHT,65.3617,BBG_BFXFORWARD,2026-09-22T11:44:37+08:00
2026-09-21,USDTRY,2027-12-22,FWD_OUTRIGHT,70.6655,BBG_BFXFORWARD,2026-09-21T21:50:52+08:00
2026-09-21,USDTRY,2027-12-23,FWD_OUTRIGHT,70.6796,BBG_BFXFORWARD,2026-09-22T11:44:37+08:00
2026-09-21,USDTRY,2028-03-22,FWD_OUTRIGHT,75.8897,BBG_BFXFORWARD,2026-09-21T21:50:52+08:00
2026-09-21,USDTRY,2028-03-23,FWD_OUTRIGHT,75.927,BBG_BFXFORWARD,2026-09-22T11:44:37+08:00
2026-09-21,USDTRY,2028-09-22,FWD_OUTRIGHT,89.1733,BBG_BFXFORWARD,2026-09-21T21:50:52+08:00
2026-09-21,USDTRY,2028-09-25,FWD_OUTRIGHT,89.2678,BBG_BFXFORWARD,2026-09-22T11:44:37+08:00
2026-09-21,USDTRY,2029-09-24,FWD_OUTRIGHT,117.3127,BBG_BFXFORWARD,2026-09-22T11:44:37+08:00
2026-09-21,USDTRY,2030-09-23,FWD_OUTRIGHT,151.1128,BBG_BFXFORWARD,2026-09-22T11:44:37+08:00
2026-09-21,USDTRY,2031-09-22,FWD_OUTRIGHT,168.295,BBG_BFXFORWARD,2026-09-21T21:50:52+08:00
2026-09-21,USDTRY,2031-09-23,FWD_OUTRIGHT,169.3236,BBG_BFXFORWARD,2026-09-22T11:44:37+08:00
2026-09-21,USDTWD,2026-09-21,FWD_OUTRIGHT,31.7675,BBG_BFXFORWARD,2026-09-21T15:00:00-04:00
2026-09-21,USDTWD,2026-09-21,NDF_1M,31.688,BBG_BFXFORWARD,2026-09-22T11:44:37+08:00
2026-09-21,USDTWD,2026-09-21,SPOT,31.7675,BBG_BFXFORWARD,2026-09-21T15:00:00-04:00
2026-09-21,USDTWD,2026-09-22,FWD_OUTRIGHT,31.7675,BBG_BFXFORWARD,2026-09-21T21:50:52+08:00
2026-09-21,USDTWD,2026-09-23,FWD_OUTRIGHT,31.6965,BBG_BFXFORWARD,2026-09-22T11:44:37+08:00
2026-09-21,USDTWD,2026-09-24,FWD_OUTRIGHT,31.6965,BBG_BFXFORWARD,2026-09-22T11:44:37+08:00
2026-09-21,USDZAR,2026-09-21,FWD_OUTRIGHT,16.24775,BBG_BFXFORWARD,2026-09-21T15:00:00-04:00
2026-09-21,USDZAR,2026-09-21,SPOT,16.24775,BBG_BFXFORWARD,2026-09-21T15:00:00-04:00
2026-09-21,USDZAR,2026-09-22,FWD_OUTRIGHT,16.24775,BBG_INTERP,2026-09-21T15:00:00-04:00
2026-09-21,USDZAR,2026-09-23,FWD_OUTRIGHT,16.24775,BBG_INTERP,2026-09-21T15:00:00-04:00
2026-09-21,USDZAR,2026-09-25,FWD_OUTRIGHT,16.2429,BBG_BFXFORWARD,2026-09-22T11:44:37+08:00
2026-09-21,USDZAR,2026-09-28,FWD_OUTRIGHT,16.2474,BBG_BFXFORWARD,2026-09-22T11:44:37+08:00
2026-09-21,USDZAR,2026-09-30,FWD_OUTRIGHT,16.2822,BBG_BFXFORWARD,2026-09-21T21:50:52+08:00
2026-09-21,USDZAR,2026-10-02,FWD_OUTRIGHT,16.2513,BBG_BFXFORWARD,2026-09-22T11:44:37+08:00
2026-09-21,USDZAR,2026-10-09,FWD_OUTRIGHT,16.258970833333333,BBG_INTERP,2026-09-22T11:44:37+08:00
2026-09-21,USDZAR,2026-10-13,FWD_OUTRIGHT,16.2682375,BBG_INTERP,2026-09-21T15:00:00-04:00
2026-09-21,USDZAR,2026-10-23,FWD_OUTRIGHT,16.3072,BBG_BFXFORWARD,2026-09-21T21:50:52+08:00
2026-09-21,USDZAR,2026-10-26,FWD_OUTRIGHT,16.2776,BBG_BFXFORWARD,2026-09-22T11:44:37+08:00
2026-09-21,USDZAR,2026-11-23,FWD_OUTRIGHT,16.3404,BBG_BFXFORWARD,2026-09-21T21:50:52+08:00
2026-09-21,USDZAR,2026-11-25,FWD_OUTRIGHT,16.3094,BBG_BFXFORWARD,2026-09-22T11:44:37+08:00
2026-09-21,USDZAR,2026-12-23,FWD_OUTRIGHT,16.3717,BBG_BFXFORWARD,2026-09-21T21:50:52+08:00
2026-09-21,USDZAR,2026-12-28,FWD_OUTRIGHT,16.343,BBG_BFXFORWARD,2026-09-22T11:44:37+08:00
2026-09-21,USDZAR,2027-01-25,FWD_OUTRIGHT,16.3724,BBG_BFXFORWARD,2026-09-22T11:44:37+08:00
2026-09-21,USDZAR,2027-02-23,FWD_OUTRIGHT,16.4385,BBG_BFXFORWARD,2026-09-21T21:50:52+08:00
2026-09-21,USDZAR,2027-02-25,FWD_OUTRIGHT,16.4068,BBG_BFXFORWARD,2026-09-22T11:44:37+08:00
2026-09-21,USDZAR,2027-03-23,FWD_OUTRIGHT,16.4687,BBG_BFXFORWARD,2026-09-21T21:50:52+08:00
2026-09-21,USDZAR,2027-03-25,FWD_OUTRIGHT,16.4365,BBG_BFXFORWARD,2026-09-22T11:44:37+08:00
2026-09-21,USDZAR,2027-06-23,FWD_OUTRIGHT,16.5705,BBG_BFXFORWARD,2026-09-21T21:50:52+08:00
2026-09-21,USDZAR,2027-06-25,FWD_OUTRIGHT,16.5378,BBG_BFXFORWARD,2026-09-22T11:44:37+08:00
2026-09-21,USDZAR,2027-09-23,FWD_OUTRIGHT,16.6703,BBG_BFXFORWARD,2026-09-21T21:50:52+08:00
2026-09-21,USDZAR,2027-09-27,FWD_OUTRIGHT,16.6386,BBG_BFXFORWARD,2026-09-22T11:44:37+08:00
2026-09-21,USDZAR,2027-12-23,FWD_OUTRIGHT,16.7709,BBG_BFXFORWARD,2026-09-21T21:50:52+08:00
2026-09-21,USDZAR,2027-12-28,FWD_OUTRIGHT,16.7326,BBG_BFXFORWARD,2026-09-22T11:44:37+08:00
2026-09-21,USDZAR,2028-03-23,FWD_OUTRIGHT,16.8873,BBG_BFXFORWARD,2026-09-21T21:50:52+08:00
2026-09-21,USDZAR,2028-03-27,FWD_OUTRIGHT,16.8497,BBG_BFXFORWARD,2026-09-22T11:44:37+08:00
2026-09-21,USDZAR,2028-09-26,FWD_OUTRIGHT,17.0952,BBG_BFXFORWARD,2026-09-22T11:44:37+08:00
2026-09-21,USDZAR,2029-09-25,FWD_OUTRIGHT,17.5501,BBG_BFXFORWARD,2026-09-22T11:44:37+08:00
2026-09-21,USDZAR,2030-09-23,FWD_OUTRIGHT,18.101,BBG_BFXFORWARD,2026-09-21T21:50:52+08:00
2026-09-21,USDZAR,2030-09-25,FWD_OUTRIGHT,18.0779,BBG_BFXFORWARD,2026-09-22T11:44:37+08:00
2026-09-21,USDZAR,2031-09-23,FWD_OUTRIGHT,18.7122,BBG_BFXFORWARD,2026-09-21T21:50:52+08:00
2026-09-21,USDZAR,2031-09-25,FWD_OUTRIGHT,18.6931,BBG_BFXFORWARD,2026-09-22T11:44:37+08:00
2026-09-21,USDZAR101326C-198564638,2026-10-09,DELTA,0.409810587428334,QL_OPTIONS_PRICER,2026-09-21T15:00:00-04:00
2026-09-21,USDZAR101326C-198564638,2026-10-09,GAMMA,1.0171342579600067,QL_OPTIONS_PRICER,2026-09-21T15:00:00-04:00
2026-09-21,USDZAR101326C-198564638,2026-10-09,PREMIUM,0.006847009842555211,QL_OPTIONS_PRICER,2026-09-21T15:00:00-04:00
2026-09-21,USDZAR101326C-198564638,2026-10-09,RHO,0.003228781545724599,QL_OPTIONS_PRICER,2026-09-21T15:00:00-04:00
2026-09-21,USDZAR101326C-198564638,2026-10-09,THETA,-0.004353155353193106,QL_OPTIONS_PRICER,2026-09-21T15:00:00-04:00
2026-09-21,USDZAR101326C-198564638,2026-10-09,VEGA,0.013922948392470814,QL_OPTIONS_PRICER,2026-09-21T15:00:00-04:00
2026-09-21,XAUUSD,2026-09-21,FWD_OUTRIGHT,4346.1,BBG_BFXFORWARD,2026-09-21T15:00:00-04:00
2026-09-21,XAUUSD,2026-09-21,SPOT,4346.1,BBG_BFXFORWARD,2026-09-21T15:00:00-04:00
2026-09-21,XAUUSD,2026-09-22,FWD_OUTRIGHT,4342.78886,BBG_INTERP,2026-09-22T11:44:37+08:00
2026-09-21,XAUUSD,2026-09-23,FWD_OUTRIGHT,4343.15772,BBG_INTERP,2026-09-22T11:44:37+08:00
2026-09-21,XAUUSD,2026-09-30,FWD_OUTRIGHT,4357.2136,BBG_BFXFORWARD,2026-09-21T21:50:52+08:00
2026-09-21,XAUUSD,2026-10-01,FWD_OUTRIGHT,4346.1086,BBG_BFXFORWARD,2026-09-22T11:44:37+08:00
2026-09-21,XAUUSD,2026-10-15,FWD_OUTRIGHT,4353.026672,BBG_INTERP,2026-09-22T11:44:37+08:00
2026-09-21,XAUUSD,2026-10-23,FWD_OUTRIGHT,4368.9507,BBG_BFXFORWARD,2026-09-21T21:50:52+08:00
2026-09-21,XAUUSD,2026-10-26,FWD_OUTRIGHT,4358.4623,BBG_BFXFORWARD,2026-09-22T11:44:37+08:00
2026-09-21,XAUUSD,2026-11-23,FWD_OUTRIGHT,4384.585,BBG_BFXFORWARD,2026-09-21T21:50:52+08:00
2026-09-21,XAUUSD,2026-11-24,FWD_OUTRIGHT,4373.7442,BBG_BFXFORWARD,2026-09-22T11:44:37+08:00
2026-09-21,XAUUSD,2026-12-23,FWD_OUTRIGHT,4400.7781,BBG_BFXFORWARD,2026-09-21T21:50:52+08:00
2026-09-21,XAUUSD,2026-12-24,FWD_OUTRIGHT,4387.8813,BBG_BFXFORWARD,2026-09-22T11:44:37+08:00
2026-09-21,XAUUSD,2027-01-25,FWD_OUTRIGHT,4404.3786,BBG_BFXFORWARD,2026-09-22T11:44:37+08:00
2026-09-21,XAUUSD,2027-02-23,FWD_OUTRIGHT,4435.6634,BBG_BFXFORWARD,2026-09-21T21:50:52+08:00
2026-09-21,XAUUSD,2027-02-24,FWD_OUTRIGHT,4419.8023,BBG_BFXFORWARD,2026-09-22T11:44:37+08:00
2026-09-21,XAUUSD,2027-03-23,FWD_OUTRIGHT,4452.2894,BBG_BFXFORWARD,2026-09-21T21:50:52+08:00
2026-09-21,XAUUSD,2027-03-24,FWD_OUTRIGHT,4433.7024,BBG_BFXFORWARD,2026-09-22T11:44:37+08:00
2026-09-21,XAUUSD,2027-06-23,FWD_OUTRIGHT,4505.6595,BBG_BFXFORWARD,2026-09-21T21:50:52+08:00
2026-09-21,XAUUSD,2027-06-24,FWD_OUTRIGHT,4495.1292,BBG_BFXFORWARD,2026-09-22T11:44:37+08:00
2026-09-21,XAUUSD,2027-09-23,FWD_OUTRIGHT,4560.5928,BBG_BFXFORWARD,2026-09-21T21:50:52+08:00
2026-09-21,XAUUSD,2027-09-24,FWD_OUTRIGHT,4549.1543,BBG_BFXFORWARD,2026-09-22T11:44:37+08:00
2026-09-21,XAUUSD,2028-03-23,FWD_OUTRIGHT,4664.7057,BBG_BFXFORWARD,2026-09-21T21:50:52+08:00
2026-09-21,XAUUSD,2028-03-24,FWD_OUTRIGHT,4605.6022,BBG_BFXFORWARD,2026-09-22T11:44:37+08:00
2026-09-21,XAUUSD,2028-09-25,FWD_OUTRIGHT,4684.82,BBG_BFXFORWARD,2026-09-22T11:44:37+08:00
2026-09-21,XAUUSD,2029-09-24,FWD_OUTRIGHT,4839.1025,BBG_BFXFORWARD,2026-09-22T11:44:37+08:00
2026-09-21,XAUUSD,2030-09-23,FWD_OUTRIGHT,5175.3987,BBG_BFXFORWARD,2026-09-21T21:50:52+08:00
2026-09-21,XAUUSD,2030-09-24,FWD_OUTRIGHT,5000.9092,BBG_BFXFORWARD,2026-09-22T11:44:37+08:00
2026-09-21,XAUUSD,2031-09-23,FWD_OUTRIGHT,5380.6615,BBG_BFXFORWARD,2026-09-21T21:50:52+08:00
2026-09-21,XAUUSD,2031-09-24,FWD_OUTRIGHT,5379.0212,BBG_BFXFORWARD,2026-09-22T11:44:37+08:00
2026-09-21,XAUUSD101526C-199095048,2026-10-15,DELTA,0.5771229477608052,QL_OPTIONS_PRICER,2026-09-21T15:00:00-04:00
2026-09-21,XAUUSD101526C-199095048,2026-10-15,GAMMA,0.0017265984815513513,QL_OPTIONS_PRICER,2026-09-21T15:00:00-04:00
2026-09-21,XAUUSD101526C-199095048,2026-10-15,PREMIUM,0.0253718515320836,QL_OPTIONS_PRICER,2026-09-21T15:00:00-04:00
2026-09-21,XAUUSD101526C-199095048,2026-10-15,RHO,1.5767443984567464,QL_OPTIONS_PRICER,2026-09-21T15:00:00-04:00
2026-09-21,XAUUSD101526C-199095048,2026-10-15,THETA,-1.9988259966726667,QL_OPTIONS_PRICER,2026-09-21T15:00:00-04:00
2026-09-21,XAUUSD101526C-199095048,2026-10-15,VEGA,4.338088615528799,QL_OPTIONS_PRICER,2026-09-21T15:00:00-04:00
2026-09-21,XAUUSD101526C-199343748,2026-10-15,DELTA,0.5771229477608052,QL_OPTIONS_PRICER,2026-09-21T15:00:00-04:00
2026-09-21,XAUUSD101526C-199343748,2026-10-15,GAMMA,0.0017265984815513513,QL_OPTIONS_PRICER,2026-09-21T15:00:00-04:00
2026-09-21,XAUUSD101526C-199343748,2026-10-15,PREMIUM,0.0253718515320836,QL_OPTIONS_PRICER,2026-09-21T15:00:00-04:00
2026-09-21,XAUUSD101526C-199343748,2026-10-15,RHO,1.5767443984567464,QL_OPTIONS_PRICER,2026-09-21T15:00:00-04:00
2026-09-21,XAUUSD101526C-199343748,2026-10-15,THETA,-1.9988259966726667,QL_OPTIONS_PRICER,2026-09-21T15:00:00-04:00
2026-09-21,XAUUSD101526C-199343748,2026-10-15,VEGA,4.338088615528799,QL_OPTIONS_PRICER,2026-09-21T15:00:00-04:00
2026-09-21,XAUUSD101526P-199095036,2026-10-15,DELTA,-0.4218776309741129,QL_OPTIONS_PRICER,2026-09-21T15:00:00-04:00
2026-09-21,XAUUSD101526P-199095036,2026-10-15,GAMMA,0.0017265984815513513,QL_OPTIONS_PRICER,2026-09-21T15:00:00-04:00
2026-09-21,XAUUSD101526P-199095036,2026-10-15,PREMIUM,0.016564573188368306,QL_OPTIONS_PRICER,2026-09-21T15:00:00-04:00
2026-09-21,XAUUSD101526P-199095036,2026-10-15,RHO,-1.252940491075441,QL_OPTIONS_PRICER,2026-09-21T15:00:00-04:00
2026-09-21,XAUUSD101526P-199095036,2026-10-15,THETA,-1.714867242570968,QL_OPTIONS_PRICER,2026-09-21T15:00:00-04:00
2026-09-21,XAUUSD101526P-199095036,2026-10-15,VEGA,4.338088615528799,QL_OPTIONS_PRICER,2026-09-21T15:00:00-04:00
2026-09-21,XAUUSD101526P-199343700,2026-10-15,DELTA,-0.4218776309741129,QL_OPTIONS_PRICER,2026-09-21T15:00:00-04:00
2026-09-21,XAUUSD101526P-199343700,2026-10-15,GAMMA,0.0017265984815513513,QL_OPTIONS_PRICER,2026-09-21T15:00:00-04:00
2026-09-21,XAUUSD101526P-199343700,2026-10-15,PREMIUM,0.016564573188368306,QL_OPTIONS_PRICER,2026-09-21T15:00:00-04:00
2026-09-21,XAUUSD101526P-199343700,2026-10-15,RHO,-1.252940491075441,QL_OPTIONS_PRICER,2026-09-21T15:00:00-04:00
2026-09-21,XAUUSD101526P-199343700,2026-10-15,THETA,-1.714867242570968,QL_OPTIONS_PRICER,2026-09-21T15:00:00-04:00
2026-09-21,XAUUSD101526P-199343700,2026-10-15,VEGA,4.338088615528799,QL_OPTIONS_PRICER,2026-09-21T15:00:00-04:00
2026-09-22,AUDUSD,2026-09-22,FWD_OUTRIGHT,0.71,BBG_BFXFORWARD,2026-09-22T16:19:40+08:00
2026-09-22,AUDUSD,2026-09-22,SPOT,0.71,BBG_BFXFORWARD,2026-09-22T16:19:40+08:00
2026-09-22,AUDUSD,2026-09-23,FWD_OUTRIGHT,0.71,BBG_BFXFORWARD,2026-09-22T16:19:40+08:00
2026-09-22,AUDUSD,2026-09-24,FWD_OUTRIGHT,0.71,BBG_BFXFORWARD,2026-09-22T16:19:40+08:00
2026-09-22,AUDUSD,2026-09-25,FWD_OUTRIGHT,0.71,BBG_BFXFORWARD,2026-09-22T16:19:40+08:00
2026-09-22,AUDUSD,2026-09-28,FWD_OUTRIGHT,0.71,BBG_INTERP,2026-09-22T16:19:40+08:00
2026-09-22,AUDUSD,2026-10-01,FWD_OUTRIGHT,0.71,BBG_BFXFORWARD,2026-09-22T16:19:40+08:00
2026-09-22,AUDUSD,2026-10-26,FWD_OUTRIGHT,0.7097,BBG_BFXFORWARD,2026-09-22T16:19:40+08:00
2026-09-22,AUDUSD,2026-11-24,FWD_OUTRIGHT,0.7094,BBG_BFXFORWARD,2026-09-22T16:19:40+08:00
2026-09-22,AUDUSD,2026-12-24,FWD_OUTRIGHT,0.7091,BBG_BFXFORWARD,2026-09-22T16:19:40+08:00
2026-09-22,AUDUSD,2027-01-25,FWD_OUTRIGHT,0.7088,BBG_BFXFORWARD,2026-09-22T16:19:40+08:00
2026-09-22,AUDUSD,2027-02-24,FWD_OUTRIGHT,0.7086,BBG_BFXFORWARD,2026-09-22T16:19:40+08:00
2026-09-22,AUDUSD,2027-03-24,FWD_OUTRIGHT,0.7084,BBG_BFXFORWARD,2026-09-22T16:19:40+08:00
2026-09-22,AUDUSD,2027-06-24,FWD_OUTRIGHT,0.7078,BBG_BFXFORWARD,2026-09-22T16:19:40+08:00
2026-09-22,AUDUSD,2027-09-24,FWD_OUTRIGHT,0.7073,BBG_BFXFORWARD,2026-09-22T16:19:40+08:00
2026-09-22,AUDUSD,2027-12-24,FWD_OUTRIGHT,0.7069,BBG_BFXFORWARD,2026-09-22T16:19:40+08:00
2026-09-22,AUDUSD,2028-03-24,FWD_OUTRIGHT,0.7065,BBG_BFXFORWARD,2026-09-22T16:19:40+08:00
2026-09-22,AUDUSD,2028-09-25,FWD_OUTRIGHT,0.7056,BBG_BFXFORWARD,2026-09-22T16:19:40+08:00
2026-09-22,AUDUSD,2029-09-24,FWD_OUTRIGHT,0.7031,BBG_BFXFORWARD,2026-09-22T16:19:40+08:00
2026-09-22,AUDUSD,2030-09-24,FWD_OUTRIGHT,0.6998,BBG_BFXFORWARD,2026-09-22T16:19:40+08:00
2026-09-22,AUDUSD,2031-09-24,FWD_OUTRIGHT,0.6957,BBG_BFXFORWARD,2026-09-22T16:19:40+08:00
2026-09-22,ESZ6 Index,2026-12-18,FUTURE_PX,7822.75,BBG_BDH,2026-09-22T15:00:00-04:00
2026-09-22,EURSEK,2026-09-22,SPOT,11.278,BBG_BFXFORWARD,2026-09-22T16:19:40+08:00
2026-09-22,EURSEK,2026-09-23,FWD_OUTRIGHT,11.2785,BBG_BFXFORWARD,2026-09-22T16:19:40+08:00
2026-09-22,EURSEK,2026-09-24,FWD_OUTRIGHT,11.2783,BBG_BFXFORWARD,2026-09-22T16:19:40+08:00
2026-09-22,EURSEK,2026-09-25,FWD_OUTRIGHT,11.2778,BBG_BFXFORWARD,2026-09-22T16:19:40+08:00
2026-09-22,EURSEK,2026-10-01,FWD_OUTRIGHT,11.2765,BBG_BFXFORWARD,2026-09-22T16:19:40+08:00
2026-09-22,EURSEK,2026-10-26,FWD_OUTRIGHT,11.2709,BBG_BFXFORWARD,2026-09-22T16:19:40+08:00
2026-09-22,EURSEK,2026-11-24,FWD_OUTRIGHT,11.2644,BBG_BFXFORWARD,2026-09-22T16:19:40+08:00
2026-09-22,EURSEK,2026-11-25,FWD_OUTRIGHT,11.264205882352941,BBG_INTERP,2026-09-22T16:19:40+08:00
2026-09-22,EURSEK,2026-11-27,FWD_OUTRIGHT,11.263817647058824,BBG_INTERP,2026-09-22T16:19:40+08:00
2026-09-22,EURSEK,2026-12-28,FWD_OUTRIGHT,11.2578,BBG_BFXFORWARD,2026-09-22T16:19:40+08:00
2026-09-22,EURSEK,2027-01-25,FWD_OUTRIGHT,11.2504,BBG_BFXFORWARD,2026-09-22T16:19:40+08:00
2026-09-22,EURSEK,2027-02-24,FWD_OUTRIGHT,11.2446,BBG_BFXFORWARD,2026-09-22T16:19:40+08:00
2026-09-22,EURSEK,2027-03-24,FWD_OUTRIGHT,11.2393,BBG_BFXFORWARD,2026-09-22T16:19:40+08:00
2026-09-22,EURSEK,2027-06-24,FWD_OUTRIGHT,11.2246,BBG_BFXFORWARD,2026-09-22T16:19:40+08:00
2026-09-22,EURSEK,2027-09-24,FWD_OUTRIGHT,11.2124,BBG_BFXFORWARD,2026-09-22T16:19:40+08:00
2026-09-22,EURSEK,2027-12-27,FWD_OUTRIGHT,11.2033,BBG_BFXFORWARD,2026-09-22T16:19:40+08:00
2026-09-22,EURSEK,2028-03-24,FWD_OUTRIGHT,11.1933,BBG_BFXFORWARD,2026-09-22T16:19:40+08:00
2026-09-22,EURSEK,2028-09-25,FWD_OUTRIGHT,11.18,BBG_BFXFORWARD,2026-09-22T16:19:40+08:00
2026-09-22,EURSEK,2029-09-24,FWD_OUTRIGHT,11.1621,BBG_BFXFORWARD,2026-09-22T16:19:40+08:00
2026-09-22,EURSEK,2030-09-24,FWD_OUTRIGHT,11.1554,BBG_BFXFORWARD,2026-09-22T16:19:40+08:00
2026-09-22,EURSEK,2031-09-24,FWD_OUTRIGHT,11.1549,BBG_BFXFORWARD,2026-09-22T16:19:40+08:00
2026-09-22,EURSEK092326C-197727826,2026-09-23,DELTA,0.9999311144978617,QL_OPTIONS_PRICER,2026-09-22T04:19:53-04:00
2026-09-22,EURSEK092326C-197727826,2026-09-23,DELTA_PA,0.9804174320081753,QL_OPTIONS_PRICER,2026-09-22T04:19:53-04:00
2026-09-22,EURSEK092326C-197727826,2026-09-23,GAMMA,0.00010596230287942808,QL_OPTIONS_PRICER,2026-09-22T04:19:53-04:00
2026-09-22,EURSEK092326C-197727826,2026-09-23,PREMIUM,0.01951368248968632,QL_OPTIONS_PRICER,2026-09-22T04:19:53-04:00
2026-09-22,EURSEK092326C-197727826,2026-09-23,RHO,0.0003029355561147453,QL_OPTIONS_PRICER,2026-09-22T04:19:53-04:00
2026-09-22,EURSEK092326C-197727826,2026-09-23,THETA,-0.0004753737941514189,QL_OPTIONS_PRICER,2026-09-22T04:19:53-04:00
2026-09-22,EURSEK092326C-197727826,2026-09-23,VEGA,3.25385923811321e-08,QL_OPTIONS_PRICER,2026-09-22T04:19:53-04:00
2026-09-22,EURSEK092326P-197728105,2026-09-23,DELTA,-1.0018857181844198e-06,QL_OPTIONS_PRICER,2026-09-22T04:19:53-04:00
2026-09-22,EURSEK092326P-197728105,2026-09-23,DELTA_PA,-1.0026964554334097e-06,QL_OPTIONS_PRICER,2026-09-22T04:19:53-04:00
2026-09-22,EURSEK092326P-197728105,2026-09-23,GAMMA,0.00010596230287942808,QL_OPTIONS_PRICER,2026-09-22T04:19:53-04:00
2026-09-22,EURSEK092326P-197728105,2026-09-23,PREMIUM,8.107372489899101e-10,QL_OPTIONS_PRICER,2026-09-22T04:19:53-04:00
2026-09-22,EURSEK092326P-197728105,2026-09-23,RHO,-3.0981946916107253e-10,QL_OPTIONS_PRICER,2026-09-22T04:19:53-04:00
2026-09-22,EURSEK092326P-197728105,2026-09-23,THETA,-1.1545745076909288e-07,QL_OPTIONS_PRICER,2026-09-22T04:19:53-04:00
2026-09-22,EURSEK092326P-197728105,2026-09-23,VEGA,3.25385923811321e-08,QL_OPTIONS_PRICER,2026-09-22T04:19:53-04:00
2026-09-22,EURSEK092326P-197838147,2026-09-23,DELTA,-1.0018857181844198e-06,QL_OPTIONS_PRICER,2026-09-22T04:19:53-04:00
2026-09-22,EURSEK092326P-197838147,2026-09-23,DELTA_PA,-1.0026964554334097e-06,QL_OPTIONS_PRICER,2026-09-22T04:19:53-04:00
2026-09-22,EURSEK092326P-197838147,2026-09-23,GAMMA,0.00010596230287942808,QL_OPTIONS_PRICER,2026-09-22T04:19:53-04:00
2026-09-22,EURSEK092326P-197838147,2026-09-23,PREMIUM,8.107372489899101e-10,QL_OPTIONS_PRICER,2026-09-22T04:19:53-04:00
2026-09-22,EURSEK092326P-197838147,2026-09-23,RHO,-3.0981946916107253e-10,QL_OPTIONS_PRICER,2026-09-22T04:19:53-04:00
2026-09-22,EURSEK092326P-197838147,2026-09-23,THETA,-1.1545745076909288e-07,QL_OPTIONS_PRICER,2026-09-22T04:19:53-04:00
2026-09-22,EURSEK092326P-197838147,2026-09-23,VEGA,3.25385923811321e-08,QL_OPTIONS_PRICER,2026-09-22T04:19:53-04:00
2026-09-22,EURSEK092526C-198565102,2026-09-23,DELTA,0.9999311144978617,QL_OPTIONS_PRICER,2026-09-22T04:19:53-04:00
2026-09-22,EURSEK092526C-198565102,2026-09-23,DELTA_PA,0.9804174320081753,QL_OPTIONS_PRICER,2026-09-22T04:19:53-04:00
2026-09-22,EURSEK092526C-198565102,2026-09-23,GAMMA,0.00010596230287942808,QL_OPTIONS_PRICER,2026-09-22T04:19:53-04:00
2026-09-22,EURSEK092526C-198565102,2026-09-23,PREMIUM,0.01951368248968632,QL_OPTIONS_PRICER,2026-09-22T04:19:53-04:00
2026-09-22,EURSEK092526C-198565102,2026-09-23,RHO,0.0003029355561147453,QL_OPTIONS_PRICER,2026-09-22T04:19:53-04:00
2026-09-22,EURSEK092526C-198565102,2026-09-23,THETA,-0.0004753737941514189,QL_OPTIONS_PRICER,2026-09-22T04:19:53-04:00
2026-09-22,EURSEK092526C-198565102,2026-09-23,VEGA,3.25385923811321e-08,QL_OPTIONS_PRICER,2026-09-22T04:19:53-04:00
2026-09-22,EURSEK112526C-197906813,2026-11-25,DELTA,14.525474747465777,QL_OPTIONS_PRICER,2026-09-22T04:19:53-04:00
2026-09-22,EURSEK112526C-197906813,2026-11-25,DELTA_PA,14.247783716900226,QL_OPTIONS_PRICER,2026-09-22T04:19:53-04:00
2026-09-22,EURSEK112526C-197906813,2026-11-25,GAMMA,32.7720586396408,QL_OPTIONS_PRICER,2026-09-22T04:19:53-04:00
2026-09-22,EURSEK112526C-197906813,2026-11-25,PREMIUM,0.2776910305655517,QL_OPTIONS_PRICER,2026-09-22T04:19:53-04:00
2026-09-22,EURSEK112526C-197906813,2026-11-25,RHO,0.281751679578031,QL_OPTIONS_PRICER,2026-09-22T04:19:53-04:00
2026-09-22,EURSEK112526C-197906813,2026-11-25,THETA,-0.009398562411464374,QL_OPTIONS_PRICER,2026-09-22T04:19:53-04:00
2026-09-22,EURSEK112526C-197906813,2026-11-25,VEGA,0.3506029450448735,QL_OPTIONS_PRICER,2026-09-22T04:19:53-04:00
2026-09-22,EURUSD,2026-09-22,FWD_OUTRIGHT,1.1439,BBG_BFXFORWARD,2026-09-22T16:19:40+08:00
2026-09-22,EURUSD,2026-09-22,SPOT,1.1439,BBG_BFXFORWARD,2026-09-22T16:19:40+08:00
2026-09-22,EURUSD,2026-09-23,FWD_OUTRIGHT,1.1439,BBG_BFXFORWARD,2026-09-22T16:19:40+08:00
2026-09-22,EURUSD,2026-09-24,FWD_OUTRIGHT,1.1439,BBG_BFXFORWARD,2026-09-22T16:19:40+08:00
2026-09-22,EURUSD,2026-09-25,FWD_OUTRIGHT,1.144,BBG_BFXFORWARD,2026-09-22T16:19:40+08:00
2026-09-22,EURUSD,2026-10-01,FWD_OUTRIGHT,1.1443,BBG_BFXFORWARD,2026-09-22T16:19:40+08:00
2026-09-22,EURUSD,2026-10-26,FWD_OUTRIGHT,1.1454,BBG_BFXFORWARD,2026-09-22T16:19:40+08:00
2026-09-22,EURUSD,2026-11-24,FWD_OUTRIGHT,1.1468,BBG_BFXFORWARD,2026-09-22T16:19:40+08:00
2026-09-22,EURUSD,2026-12-24,FWD_OUTRIGHT,1.1483,BBG_BFXFORWARD,2026-09-22T16:19:40+08:00
2026-09-22,EURUSD,2027-01-25,FWD_OUTRIGHT,1.1499,BBG_BFXFORWARD,2026-09-22T16:19:40+08:00
2026-09-22,EURUSD,2027-02-24,FWD_OUTRIGHT,1.1513,BBG_BFXFORWARD,2026-09-22T16:19:40+08:00
2026-09-22,EURUSD,2027-03-24,FWD_OUTRIGHT,1.1526,BBG_BFXFORWARD,2026-09-22T16:19:40+08:00
2026-09-22,EURUSD,2027-06-24,FWD_OUTRIGHT,1.1569,BBG_BFXFORWARD,2026-09-22T16:19:40+08:00
2026-09-22,EURUSD,2027-09-24,FWD_OUTRIGHT,1.1612,BBG_BFXFORWARD,2026-09-22T16:19:40+08:00
2026-09-22,EURUSD,2027-12-24,FWD_OUTRIGHT,1.1654,BBG_BFXFORWARD,2026-09-22T16:19:40+08:00
2026-09-22,EURUSD,2028-03-24,FWD_OUTRIGHT,1.1696,BBG_BFXFORWARD,2026-09-22T16:19:40+08:00
2026-09-22,EURUSD,2028-09-25,FWD_OUTRIGHT,1.1782,BBG_BFXFORWARD,2026-09-22T16:19:40+08:00
2026-09-22,EURUSD,2029-09-24,FWD_OUTRIGHT,1.1946,BBG_BFXFORWARD,2026-09-22T16:19:40+08:00
2026-09-22,EURUSD,2030-09-24,FWD_OUTRIGHT,1.2106,BBG_BFXFORWARD,2026-09-22T16:19:40+08:00
2026-09-22,EURUSD,2031-09-24,FWD_OUTRIGHT,1.2265,BBG_BFXFORWARD,2026-09-22T16:19:40+08:00
2026-09-22,EURUSD092226C-197728066,2026-09-22,DELTA,0.0,QL_OPTIONS_PRICER,2026-09-22T04:19:53-04:00
2026-09-22,EURUSD092226C-197728066,2026-09-22,DELTA_PA,0.0,QL_OPTIONS_PRICER,2026-09-22T04:19:53-04:00
2026-09-22,EURUSD092226C-197728066,2026-09-22,GAMMA,0.0,QL_OPTIONS_PRICER,2026-09-22T04:19:53-04:00
2026-09-22,EURUSD092226C-197728066,2026-09-22,PREMIUM,0.0,QL_OPTIONS_PRICER,2026-09-22T04:19:53-04:00
2026-09-22,EURUSD092226C-197728066,2026-09-22,RHO,0.0,QL_OPTIONS_PRICER,2026-09-22T04:19:53-04:00
2026-09-22,EURUSD092226C-197728066,2026-09-22,THETA,0.0,QL_OPTIONS_PRICER,2026-09-22T04:19:53-04:00
2026-09-22,EURUSD092226C-197728066,2026-09-22,VEGA,0.0,QL_OPTIONS_PRICER,2026-09-22T04:19:53-04:00
2026-09-22,EURUSD092226C-198418644,2026-09-22,DELTA,0.0,QL_OPTIONS_PRICER,2026-09-22T04:19:53-04:00
2026-09-22,EURUSD092226C-198418644,2026-09-22,DELTA_PA,0.0,QL_OPTIONS_PRICER,2026-09-22T04:19:53-04:00
2026-09-22,EURUSD092226C-198418644,2026-09-22,GAMMA,0.0,QL_OPTIONS_PRICER,2026-09-22T04:19:53-04:00
2026-09-22,EURUSD092226C-198418644,2026-09-22,PREMIUM,0.0,QL_OPTIONS_PRICER,2026-09-22T04:19:53-04:00
2026-09-22,EURUSD092226C-198418644,2026-09-22,RHO,0.0,QL_OPTIONS_PRICER,2026-09-22T04:19:53-04:00
2026-09-22,EURUSD092226C-198418644,2026-09-22,THETA,0.0,QL_OPTIONS_PRICER,2026-09-22T04:19:53-04:00
2026-09-22,EURUSD092226C-198418644,2026-09-22,VEGA,0.0,QL_OPTIONS_PRICER,2026-09-22T04:19:53-04:00
2026-09-22,EURUSD092226P-197728065,2026-09-22,DELTA,-1.0,QL_OPTIONS_PRICER,2026-09-22T04:19:53-04:00
2026-09-22,EURUSD092226P-197728065,2026-09-22,DELTA_PA,-1.022641839321619,QL_OPTIONS_PRICER,2026-09-22T04:19:53-04:00
2026-09-22,EURUSD092226P-197728065,2026-09-22,GAMMA,0.0,QL_OPTIONS_PRICER,2026-09-22T04:19:53-04:00
2026-09-22,EURUSD092226P-197728065,2026-09-22,PREMIUM,0.022641839321619055,QL_OPTIONS_PRICER,2026-09-22T04:19:53-04:00
2026-09-22,EURUSD092226P-197728065,2026-09-22,RHO,0.0,QL_OPTIONS_PRICER,2026-09-22T04:19:53-04:00
2026-09-22,EURUSD092226P-197728065,2026-09-22,THETA,0.0,QL_OPTIONS_PRICER,2026-09-22T04:19:53-04:00
2026-09-22,EURUSD092226P-197728065,2026-09-22,VEGA,0.0,QL_OPTIONS_PRICER,2026-09-22T04:19:53-04:00
2026-09-22,EURUSD092226P-198418474,2026-09-22,DELTA,-1.0,QL_OPTIONS_PRICER,2026-09-22T04:19:53-04:00
2026-09-22,EURUSD092226P-198418474,2026-09-22,DELTA_PA,-1.022641839321619,QL_OPTIONS_PRICER,2026-09-22T04:19:53-04:00
2026-09-22,EURUSD092226P-198418474,2026-09-22,GAMMA,0.0,QL_OPTIONS_PRICER,2026-09-22T04:19:53-04:00
2026-09-22,EURUSD092226P-198418474,2026-09-22,PREMIUM,0.022641839321619055,QL_OPTIONS_PRICER,2026-09-22T04:19:53-04:00
2026-09-22,EURUSD092226P-198418474,2026-09-22,RHO,0.0,QL_OPTIONS_PRICER,2026-09-22T04:19:53-04:00
2026-09-22,EURUSD092226P-198418474,2026-09-22,THETA,0.0,QL_OPTIONS_PRICER,2026-09-22T04:19:53-04:00
2026-09-22,EURUSD092226P-198418474,2026-09-22,VEGA,0.0,QL_OPTIONS_PRICER,2026-09-22T04:19:53-04:00
2026-09-22,SPX Index,2026-09-22,SPOT,7764.7,BBG_BFXFORWARD,2026-09-22T16:19:40+08:00
2026-09-22,SPX/E261016C7615,2026-10-16,FUTURE_PX,202.75,BBG_BDH,2026-09-22T15:00:00-04:00
2026-09-22,SPX/E261016P7615,2026-10-16,FUTURE_PX,42.8,BBG_BDH,2026-09-22T15:00:00-04:00
2026-09-22,USDBRL,2026-09-22,NDF_1M,5.1453,BBG_BFXFORWARD,2026-09-22T16:19:40+08:00
2026-09-22,USDBRL,2026-09-22,SPOT,5.1089,BBG_BFXFORWARD,2026-09-22T16:19:40+08:00
2026-09-22,USDBRL,2026-09-23,FWD_OUTRIGHT,5.109,BBG_BFXFORWARD,2026-09-22T16:19:40+08:00
2026-09-22,USDBRL,2026-09-24,FWD_OUTRIGHT,5.109,BBG_BFXFORWARD,2026-09-22T16:19:40+08:00
2026-09-22,USDCAD,2026-09-22,FWD_OUTRIGHT,1.4043,BBG_BFXFORWARD,2026-09-22T16:19:40+08:00
2026-09-22,USDCAD,2026-09-22,SPOT,1.4043,BBG_BFXFORWARD,2026-09-22T16:19:40+08:00
2026-09-22,USDCAD,2026-09-23,FWD_OUTRIGHT,1.4044,BBG_BFXFORWARD,2026-09-22T16:19:40+08:00
2026-09-22,USDCAD,2026-09-24,FWD_OUTRIGHT,1.4043,BBG_BFXFORWARD,2026-09-22T16:19:40+08:00
2026-09-22,USDCAD,2026-10-01,FWD_OUTRIGHT,1.4038,BBG_BFXFORWARD,2026-09-22T16:19:40+08:00
2026-09-22,USDCAD,2026-10-23,FWD_OUTRIGHT,1.4023,BBG_BFXFORWARD,2026-09-22T16:19:40+08:00
2026-09-22,USDCAD,2026-11-23,FWD_OUTRIGHT,1.4001,BBG_BFXFORWARD,2026-09-22T16:19:40+08:00
2026-09-22,USDCAD,2026-12-23,FWD_OUTRIGHT,1.3981,BBG_BFXFORWARD,2026-09-22T16:19:40+08:00
2026-09-22,USDCAD,2027-01-25,FWD_OUTRIGHT,1.3957,BBG_BFXFORWARD,2026-09-22T16:19:40+08:00
2026-09-22,USDCAD,2027-02-23,FWD_OUTRIGHT,1.3937,BBG_BFXFORWARD,2026-09-22T16:19:40+08:00
2026-09-22,USDCAD,2027-03-23,FWD_OUTRIGHT,1.392,BBG_BFXFORWARD,2026-09-22T16:19:40+08:00
2026-09-22,USDCAD,2027-06-23,FWD_OUTRIGHT,1.3863,BBG_BFXFORWARD,2026-09-22T16:19:40+08:00
2026-09-22,USDCAD,2027-09-23,FWD_OUTRIGHT,1.3809,BBG_BFXFORWARD,2026-09-22T16:19:40+08:00
2026-09-22,USDCAD,2027-12-23,FWD_OUTRIGHT,1.3761,BBG_BFXFORWARD,2026-09-22T16:19:40+08:00
2026-09-22,USDCAD,2028-03-23,FWD_OUTRIGHT,1.3716,BBG_BFXFORWARD,2026-09-22T16:19:40+08:00
2026-09-22,USDCAD,2028-09-25,FWD_OUTRIGHT,1.3634,BBG_BFXFORWARD,2026-09-22T16:19:40+08:00
2026-09-22,USDCAD,2029-09-24,FWD_OUTRIGHT,1.3485,BBG_BFXFORWARD,2026-09-22T16:19:40+08:00
2026-09-22,USDCAD,2030-09-23,FWD_OUTRIGHT,1.3356,BBG_BFXFORWARD,2026-09-22T16:19:40+08:00
2026-09-22,USDCAD,2031-09-23,FWD_OUTRIGHT,1.3238,BBG_BFXFORWARD,2026-09-22T16:19:40+08:00
2026-09-22,USDCHF,2026-09-22,FWD_OUTRIGHT,0.8218,BBG_BFXFORWARD,2026-09-22T16:19:40+08:00
2026-09-22,USDCHF,2026-09-22,SPOT,0.8218,BBG_BFXFORWARD,2026-09-22T16:19:40+08:00
2026-09-22,USDCHF,2026-09-23,FWD_OUTRIGHT,0.822,BBG_BFXFORWARD,2026-09-22T16:19:40+08:00
2026-09-22,USDCHF,2026-09-24,FWD_OUTRIGHT,0.8219,BBG_BFXFORWARD,2026-09-22T16:19:40+08:00
2026-09-22,USDCHF,2026-09-25,FWD_OUTRIGHT,0.8217,BBG_BFXFORWARD,2026-09-22T16:19:40+08:00
2026-09-22,USDCHF,2026-10-01,FWD_OUTRIGHT,0.8211,BBG_BFXFORWARD,2026-09-22T16:19:40+08:00
2026-09-22,USDCHF,2026-10-15,FWD_OUTRIGHT,0.819812,BBG_INTERP,2026-09-22T16:19:40+08:00
2026-09-22,USDCHF,2026-10-19,FWD_OUTRIGHT,0.819444,BBG_INTERP,2026-09-22T16:19:40+08:00
2026-09-22,USDCHF,2026-10-26,FWD_OUTRIGHT,0.8188,BBG_BFXFORWARD,2026-09-22T16:19:40+08:00
2026-09-22,USDCHF,2026-11-24,FWD_OUTRIGHT,0.816,BBG_BFXFORWARD,2026-09-22T16:19:40+08:00
2026-09-22,USDCHF,2026-12-24,FWD_OUTRIGHT,0.8131,BBG_BFXFORWARD,2026-09-22T16:19:40+08:00
2026-09-22,USDCHF,2027-01-25,FWD_OUTRIGHT,0.8098,BBG_BFXFORWARD,2026-09-22T16:19:40+08:00
2026-09-22,USDCHF,2027-02-24,FWD_OUTRIGHT,0.8068,BBG_BFXFORWARD,2026-09-22T16:19:40+08:00
2026-09-22,USDCHF,2027-03-24,FWD_OUTRIGHT,0.8041,BBG_BFXFORWARD,2026-09-22T16:19:40+08:00
2026-09-22,USDCHF,2027-06-24,FWD_OUTRIGHT,0.795,BBG_BFXFORWARD,2026-09-22T16:19:40+08:00
2026-09-22,USDCHF,2027-09-24,FWD_OUTRIGHT,0.7861,BBG_BFXFORWARD,2026-09-22T16:19:40+08:00
2026-09-22,USDCHF,2027-12-24,FWD_OUTRIGHT,0.7776,BBG_BFXFORWARD,2026-09-22T16:19:40+08:00
2026-09-22,USDCHF,2028-03-24,FWD_OUTRIGHT,0.7695,BBG_BFXFORWARD,2026-09-22T16:19:40+08:00
2026-09-22,USDCHF,2028-09-25,FWD_OUTRIGHT,0.7537,BBG_BFXFORWARD,2026-09-22T16:19:40+08:00
2026-09-22,USDCHF,2029-09-24,FWD_OUTRIGHT,0.7246,BBG_BFXFORWARD,2026-09-22T16:19:40+08:00
2026-09-22,USDCHF,2030-09-24,FWD_OUTRIGHT,0.6976,BBG_BFXFORWARD,2026-09-22T16:19:40+08:00
2026-09-22,USDCHF,2031-09-24,FWD_OUTRIGHT,0.6719,BBG_BFXFORWARD,2026-09-22T16:19:40+08:00
2026-09-22,USDCNH,2026-09-22,SPOT,6.7013,BBG_BFXFORWARD,2026-09-22T16:19:40+08:00
2026-09-22,USDCNH,2026-09-23,FWD_OUTRIGHT,6.7026,BBG_BFXFORWARD,2026-09-22T16:19:40+08:00
2026-09-22,USDCNH,2026-09-24,FWD_OUTRIGHT,6.702,BBG_BFXFORWARD,2026-09-22T16:19:40+08:00
2026-09-22,USDCNH,2026-09-28,FWD_OUTRIGHT,6.6989,BBG_BFXFORWARD,2026-09-22T16:19:40+08:00
2026-09-22,USDCNH,2026-10-08,FWD_OUTRIGHT,6.6929,BBG_BFXFORWARD,2026-09-22T16:19:40+08:00
2026-09-22,USDCNH,2026-10-26,FWD_OUTRIGHT,6.6837,BBG_BFXFORWARD,2026-09-22T16:19:40+08:00
2026-09-22,USDCNH,2026-11-24,FWD_OUTRIGHT,6.6682,BBG_BFXFORWARD,2026-09-22T16:19:40+08:00
2026-09-22,USDCNH,2026-12-24,FWD_OUTRIGHT,6.652,BBG_BFXFORWARD,2026-09-22T16:19:40+08:00
2026-09-22,USDCNH,2027-01-25,FWD_OUTRIGHT,6.6342,BBG_BFXFORWARD,2026-09-22T16:19:40+08:00
2026-09-22,USDCNH,2027-02-24,FWD_OUTRIGHT,6.6176,BBG_BFXFORWARD,2026-09-22T16:19:40+08:00
2026-09-22,USDCNH,2027-03-24,FWD_OUTRIGHT,6.6019,BBG_BFXFORWARD,2026-09-22T16:19:40+08:00
2026-09-22,USDCNH,2027-06-24,FWD_OUTRIGHT,6.5476,BBG_BFXFORWARD,2026-09-22T16:19:40+08:00
2026-09-22,USDCNH,2027-09-24,FWD_OUTRIGHT,6.4916,BBG_BFXFORWARD,2026-09-22T16:19:40+08:00
2026-09-22,USDCNH,2027-12-24,FWD_OUTRIGHT,6.4356,BBG_BFXFORWARD,2026-09-22T16:19:40+08:00
2026-09-22,USDCNH,2028-03-24,FWD_OUTRIGHT,6.3796,BBG_BFXFORWARD,2026-09-22T16:19:40+08:00
2026-09-22,USDCNH,2028-09-25,FWD_OUTRIGHT,6.2683,BBG_BFXFORWARD,2026-09-22T16:19:40+08:00
2026-09-22,USDCNH,2029-09-25,FWD_OUTRIGHT,6.0614,BBG_BFXFORWARD,2026-09-22T16:19:40+08:00
2026-09-22,USDCNH,2030-09-24,FWD_OUTRIGHT,5.8691,BBG_BFXFORWARD,2026-09-22T16:19:40+08:00
2026-09-22,USDCNH,2031-09-24,FWD_OUTRIGHT,5.6813,BBG_BFXFORWARD,2026-09-22T16:19:40+08:00
2026-09-22,USDIDR,2026-09-22,NDF_1M,17927.0,BBG_BFXFORWARD,2026-09-22T16:19:40+08:00
2026-09-22,USDIDR,2026-09-22,NDF_FIX,17883.0,BBG_BDH,2026-09-22T16:19:40+08:00
2026-09-22,USDIDR,2026-09-22,SPOT,17872.0,BBG_BFXFORWARD,2026-09-22T16:19:40+08:00
2026-09-22,USDIDR,2026-09-23,FWD_OUTRIGHT,17871.5,BBG_BFXFORWARD,2026-09-22T16:19:40+08:00
2026-09-22,USDIDR,2026-09-24,FWD_OUTRIGHT,17871.5,BBG_BFXFORWARD,2026-09-22T16:19:40+08:00
2026-09-22,USDIDR,2026-09-25,FWD_OUTRIGHT,17872.571,BBG_BFXFORWARD,2026-09-22T16:19:40+08:00
2026-09-22,USDIDR,2026-10-01,FWD_OUTRIGHT,17879.0,BBG_BFXFORWARD,2026-09-22T16:19:40+08:00
2026-09-22,USDIDR,2026-10-26,FWD_OUTRIGHT,17903.0,BBG_BFXFORWARD,2026-09-22T16:19:40+08:00
2026-09-22,USDIDR,2026-11-24,FWD_OUTRIGHT,17930.75,BBG_BFXFORWARD,2026-09-22T16:19:40+08:00
2026-09-22,USDIDR,2026-12-28,FWD_OUTRIGHT,17965.5,BBG_BFXFORWARD,2026-09-22T16:19:40+08:00
2026-09-22,USDIDR,2027-01-25,FWD_OUTRIGHT,17990.244,BBG_BFXFORWARD,2026-09-22T16:19:40+08:00
2026-09-22,USDIDR,2027-02-24,FWD_OUTRIGHT,18016.756,BBG_BFXFORWARD,2026-09-22T16:19:40+08:00
2026-09-22,USDIDR,2027-03-24,FWD_OUTRIGHT,18041.5,BBG_BFXFORWARD,2026-09-22T16:19:40+08:00
2026-09-22,USDIDR,2027-06-24,FWD_OUTRIGHT,18099.0,BBG_BFXFORWARD,2026-09-22T16:19:40+08:00
2026-09-22,USDIDR,2027-09-24,FWD_OUTRIGHT,18156.5,BBG_BFXFORWARD,2026-09-22T16:19:40+08:00
2026-09-22,USDJPY,2026-09-22,SPOT,157.73,BBG_BFXFORWARD,2026-09-22T16:19:40+08:00
2026-09-22,USDJPY,2026-09-24,FWD_OUTRIGHT,157.7763,BBG_BFXFORWARD,2026-09-22T16:19:40+08:00
2026-09-22,USDJPY,2026-09-25,FWD_OUTRIGHT,157.7373,BBG_BFXFORWARD,2026-09-22T16:19:40+08:00
2026-09-22,USDJPY,2026-09-28,FWD_OUTRIGHT,157.6884,BBG_BFXFORWARD,2026-09-22T16:19:40+08:00
2026-09-22,USDJPY,2026-10-02,FWD_OUTRIGHT,157.6339,BBG_BFXFORWARD,2026-09-22T16:19:40+08:00
2026-09-22,USDJPY,2026-10-26,FWD_OUTRIGHT,157.3393,BBG_BFXFORWARD,2026-09-22T16:19:40+08:00
2026-09-22,USDJPY,2026-11-19,FWD_OUTRIGHT,157.03186000000002,BBG_INTERP,2026-09-22T16:19:40+08:00
2026-09-22,USDJPY,2026-11-25,FWD_OUTRIGHT,156.955,BBG_BFXFORWARD,2026-09-22T16:19:40+08:00
2026-09-22,USDJPY,2026-12-28,FWD_OUTRIGHT,156.5209,BBG_BFXFORWARD,2026-09-22T16:19:40+08:00
2026-09-22,USDJPY,2027-01-25,FWD_OUTRIGHT,156.1325,BBG_BFXFORWARD,2026-09-22T16:19:40+08:00
2026-09-22,USDJPY,2027-02-25,FWD_OUTRIGHT,155.7299,BBG_BFXFORWARD,2026-09-22T16:19:40+08:00
2026-09-22,USDJPY,2027-03-01,FWD_OUTRIGHT,155.67764285714284,BBG_INTERP,2026-09-22T16:19:40+08:00
2026-09-22,USDJPY,2027-03-03,FWD_OUTRIGHT,155.65151428571428,BBG_INTERP,2026-09-22T16:19:40+08:00
2026-09-22,USDJPY,2027-03-25,FWD_OUTRIGHT,155.3641,BBG_BFXFORWARD,2026-09-22T16:19:40+08:00
2026-09-22,USDJPY,2027-06-25,FWD_OUTRIGHT,154.1365,BBG_BFXFORWARD,2026-09-22T16:19:40+08:00
2026-09-22,USDJPY,2027-09-27,FWD_OUTRIGHT,152.9185,BBG_BFXFORWARD,2026-09-22T16:19:40+08:00
2026-09-22,USDJPY,2027-12-27,FWD_OUTRIGHT,151.7818,BBG_BFXFORWARD,2026-09-22T16:19:40+08:00
2026-09-22,USDJPY,2028-03-27,FWD_OUTRIGHT,150.695,BBG_BFXFORWARD,2026-09-22T16:19:40+08:00
2026-09-22,USDJPY,2028-09-25,FWD_OUTRIGHT,148.675,BBG_BFXFORWARD,2026-09-22T16:19:40+08:00
2026-09-22,USDJPY,2029-09-25,FWD_OUTRIGHT,145.055,BBG_BFXFORWARD,2026-09-22T16:19:40+08:00
2026-09-22,USDJPY,2030-09-25,FWD_OUTRIGHT,141.96,BBG_BFXFORWARD,2026-09-22T16:19:40+08:00
2026-09-22,USDJPY,2031-09-25,FWD_OUTRIGHT,139.2814,BBG_BFXFORWARD,2026-09-22T16:19:40+08:00
2026-09-22,USDKRW,2026-09-22,NDF_1M,1362.8,BBG_BFXFORWARD,2026-09-22T16:19:40+08:00
2026-09-22,USDKRW,2026-09-22,SPOT,1362.85,BBG_BFXFORWARD,2026-09-22T16:19:40+08:00
2026-09-22,USDKRW,2026-09-23,FWD_OUTRIGHT,1362.85,BBG_BFXFORWARD,2026-09-22T16:19:40+08:00
2026-09-22,USDKRW,2026-09-28,FWD_OUTRIGHT,1362.85,BBG_BFXFORWARD,2026-09-22T16:19:40+08:00
2026-09-22,USDKRW,2026-09-29,FWD_OUTRIGHT,1362.842,BBG_BFXFORWARD,2026-09-22T16:19:40+08:00
2026-09-22,USDKRW,2026-10-06,FWD_OUTRIGHT,1362.783,BBG_BFXFORWARD,2026-09-22T16:19:40+08:00
2026-09-22,USDKRW,2026-10-13,FWD_OUTRIGHT,1362.7247727272727,BBG_INTERP,2026-09-22T16:19:40+08:00
2026-09-22,USDKRW,2026-10-28,FWD_OUTRIGHT,1362.6,BBG_BFXFORWARD,2026-09-22T16:19:40+08:00
2026-09-22,USDKRW,2026-11-30,FWD_OUTRIGHT,1361.95,BBG_BFXFORWARD,2026-09-22T16:19:40+08:00
2026-09-22,USDKRW,2026-12-28,FWD_OUTRIGHT,1360.15,BBG_BFXFORWARD,2026-09-22T16:19:40+08:00
2026-09-22,USDKRW,2027-01-28,FWD_OUTRIGHT,1359.384,BBG_BFXFORWARD,2026-09-22T16:19:40+08:00
2026-09-22,USDKRW,2027-02-26,FWD_OUTRIGHT,1358.666,BBG_BFXFORWARD,2026-09-22T16:19:40+08:00
2026-09-22,USDKRW,2027-03-29,FWD_OUTRIGHT,1357.9,BBG_BFXFORWARD,2026-09-22T16:19:40+08:00
2026-09-22,USDKRW,2027-06-28,FWD_OUTRIGHT,1353.4,BBG_BFXFORWARD,2026-09-22T16:19:40+08:00
2026-09-22,USDKRW,2027-09-28,FWD_OUTRIGHT,1348.85,BBG_BFXFORWARD,2026-09-22T16:19:40+08:00
2026-09-22,USDMXN,2026-09-22,FWD_OUTRIGHT,17.2693,BBG_BFXFORWARD,2026-09-22T16:19:40+08:00
2026-09-22,USDMXN,2026-09-22,SPOT,17.2693,BBG_BFXFORWARD,2026-09-22T16:19:40+08:00
2026-09-22,USDMXN,2026-09-23,FWD_OUTRIGHT,17.2667,BBG_BFXFORWARD,2026-09-22T16:19:40+08:00
2026-09-22,USDMXN,2026-09-24,FWD_OUTRIGHT,17.268,BBG_BFXFORWARD,2026-09-22T16:19:40+08:00
2026-09-22,USDMXN,2026-09-25,FWD_OUTRIGHT,17.2706,BBG_BFXFORWARD,2026-09-22T16:19:40+08:00
2026-09-22,USDMXN,2026-10-01,FWD_OUTRIGHT,17.2784,BBG_BFXFORWARD,2026-09-22T16:19:40+08:00
2026-09-22,USDMXN,2026-10-26,FWD_OUTRIGHT,17.3112,BBG_BFXFORWARD,2026-09-22T16:19:40+08:00
2026-09-22,USDMXN,2026-11-24,FWD_OUTRIGHT,17.3493,BBG_BFXFORWARD,2026-09-22T16:19:40+08:00
2026-09-22,USDMXN,2026-12-24,FWD_OUTRIGHT,17.3876,BBG_BFXFORWARD,2026-09-22T16:19:40+08:00
2026-09-22,USDMXN,2027-01-25,FWD_OUTRIGHT,17.43,BBG_BFXFORWARD,2026-09-22T16:19:40+08:00
2026-09-22,USDMXN,2027-02-24,FWD_OUTRIGHT,17.4662,BBG_BFXFORWARD,2026-09-22T16:19:40+08:00
2026-09-22,USDMXN,2027-03-24,FWD_OUTRIGHT,17.5017,BBG_BFXFORWARD,2026-09-22T16:19:40+08:00
2026-09-22,USDMXN,2027-06-24,FWD_OUTRIGHT,17.6193,BBG_BFXFORWARD,2026-09-22T16:19:40+08:00
2026-09-22,USDMXN,2027-09-24,FWD_OUTRIGHT,17.7455,BBG_BFXFORWARD,2026-09-22T16:19:40+08:00
2026-09-22,USDMXN,2027-12-24,FWD_OUTRIGHT,17.8917,BBG_BFXFORWARD,2026-09-22T16:19:40+08:00
2026-09-22,USDMXN,2028-03-24,FWD_OUTRIGHT,18.0379,BBG_BFXFORWARD,2026-09-22T16:19:40+08:00
2026-09-22,USDMXN,2028-09-25,FWD_OUTRIGHT,18.3734,BBG_BFXFORWARD,2026-09-22T16:19:40+08:00
2026-09-22,USDMXN,2029-09-24,FWD_OUTRIGHT,19.1212,BBG_BFXFORWARD,2026-09-22T16:19:40+08:00
2026-09-22,USDMXN,2030-09-24,FWD_OUTRIGHT,19.9892,BBG_BFXFORWARD,2026-09-22T16:19:40+08:00
2026-09-22,USDMXN,2031-09-24,FWD_OUTRIGHT,21.065,BBG_BFXFORWARD,2026-09-22T16:19:40+08:00
2026-09-22,USDNOK,2026-09-22,FWD_OUTRIGHT,9.4348,BBG_BFXFORWARD,2026-09-22T16:19:40+08:00
2026-09-22,USDNOK,2026-09-22,SPOT,9.4348,BBG_BFXFORWARD,2026-09-22T16:19:40+08:00
2026-09-22,USDNOK,2026-09-23,FWD_OUTRIGHT,9.4346,BBG_BFXFORWARD,2026-09-22T16:19:40+08:00
2026-09-22,USDNOK,2026-09-24,FWD_OUTRIGHT,9.4347,BBG_BFXFORWARD,2026-09-22T16:19:40+08:00
2026-09-22,USDNOK,2026-09-25,FWD_OUTRIGHT,9.4349,BBG_BFXFORWARD,2026-09-22T16:19:40+08:00
2026-09-22,USDNOK,2026-10-01,FWD_OUTRIGHT,9.4355,BBG_BFXFORWARD,2026-09-22T16:19:40+08:00
2026-09-22,USDNOK,2026-10-26,FWD_OUTRIGHT,9.4384,BBG_BFXFORWARD,2026-09-22T16:19:40+08:00
2026-09-22,USDNOK,2026-11-24,FWD_OUTRIGHT,9.4411,BBG_BFXFORWARD,2026-09-22T16:19:40+08:00
2026-09-22,USDNOK,2026-12-28,FWD_OUTRIGHT,9.4438,BBG_BFXFORWARD,2026-09-22T16:19:40+08:00
2026-09-22,USDNOK,2027-01-25,FWD_OUTRIGHT,9.4451,BBG_BFXFORWARD,2026-09-22T16:19:40+08:00
2026-09-22,USDNOK,2027-02-24,FWD_OUTRIGHT,9.4473,BBG_BFXFORWARD,2026-09-22T16:19:40+08:00
2026-09-22,USDNOK,2027-03-24,FWD_OUTRIGHT,9.4489,BBG_BFXFORWARD,2026-09-22T16:19:40+08:00
2026-09-22,USDNOK,2027-06-24,FWD_OUTRIGHT,9.4501,BBG_BFXFORWARD,2026-09-22T16:19:40+08:00
2026-09-22,USDNOK,2027-09-24,FWD_OUTRIGHT,9.4483,BBG_BFXFORWARD,2026-09-22T16:19:40+08:00
2026-09-22,USDNOK,2027-12-27,FWD_OUTRIGHT,9.4457,BBG_BFXFORWARD,2026-09-22T16:19:40+08:00
2026-09-22,USDNOK,2028-03-24,FWD_OUTRIGHT,9.4439,BBG_BFXFORWARD,2026-09-22T16:19:40+08:00
2026-09-22,USDNOK,2028-09-25,FWD_OUTRIGHT,9.4388,BBG_BFXFORWARD,2026-09-22T16:19:40+08:00
2026-09-22,USDNOK,2029-09-24,FWD_OUTRIGHT,9.4172,BBG_BFXFORWARD,2026-09-22T16:19:40+08:00
2026-09-22,USDNOK,2030-09-24,FWD_OUTRIGHT,9.3779,BBG_BFXFORWARD,2026-09-22T16:19:40+08:00
2026-09-22,USDNOK,2031-09-24,FWD_OUTRIGHT,9.3267,BBG_BFXFORWARD,2026-09-22T16:19:40+08:00
2026-09-22,USDSEK,2026-09-22,FWD_OUTRIGHT,9.8589,BBG_BFXFORWARD,2026-09-22T16:19:40+08:00
2026-09-22,USDSEK,2026-09-22,SPOT,9.8589,BBG_BFXFORWARD,2026-09-22T16:19:40+08:00
2026-09-22,USDSEK,2026-09-23,FWD_OUTRIGHT,9.8601,BBG_BFXFORWARD,2026-09-22T16:19:40+08:00
2026-09-22,USDSEK,2026-09-24,FWD_OUTRIGHT,9.8594,BBG_BFXFORWARD,2026-09-22T16:19:40+08:00
2026-09-22,USDSEK,2026-09-25,FWD_OUTRIGHT,9.8582,BBG_BFXFORWARD,2026-09-22T16:19:40+08:00
2026-09-22,USDSEK,2026-10-01,FWD_OUTRIGHT,9.8546,BBG_BFXFORWARD,2026-09-22T16:19:40+08:00
2026-09-22,USDSEK,2026-10-26,FWD_OUTRIGHT,9.8398,BBG_BFXFORWARD,2026-09-22T16:19:40+08:00
2026-09-22,USDSEK,2026-11-24,FWD_OUTRIGHT,9.8223,BBG_BFXFORWARD,2026-09-22T16:19:40+08:00
2026-09-22,USDSEK,2026-12-28,FWD_OUTRIGHT,9.8022,BBG_BFXFORWARD,2026-09-22T16:19:40+08:00
2026-09-22,USDSEK,2027-01-25,FWD_OUTRIGHT,9.784,BBG_BFXFORWARD,2026-09-22T16:19:40+08:00
2026-09-22,USDSEK,2027-02-24,FWD_OUTRIGHT,9.7668,BBG_BFXFORWARD,2026-09-22T16:19:40+08:00
2026-09-22,USDSEK,2027-03-24,FWD_OUTRIGHT,9.7512,BBG_BFXFORWARD,2026-09-22T16:19:40+08:00
2026-09-22,USDSEK,2027-06-24,FWD_OUTRIGHT,9.7023,BBG_BFXFORWARD,2026-09-22T16:19:40+08:00
2026-09-22,USDSEK,2027-09-24,FWD_OUTRIGHT,9.6561,BBG_BFXFORWARD,2026-09-22T16:19:40+08:00
2026-09-22,USDSEK,2027-12-27,FWD_OUTRIGHT,9.6121,BBG_BFXFORWARD,2026-09-22T16:19:40+08:00
2026-09-22,USDSEK,2028-03-24,FWD_OUTRIGHT,9.5699,BBG_BFXFORWARD,2026-09-22T16:19:40+08:00
2026-09-22,USDSEK,2028-09-25,FWD_OUTRIGHT,9.489,BBG_BFXFORWARD,2026-09-22T16:19:40+08:00
2026-09-22,USDSEK,2029-09-24,FWD_OUTRIGHT,9.3437,BBG_BFXFORWARD,2026-09-22T16:19:40+08:00
2026-09-22,USDSEK,2030-09-24,FWD_OUTRIGHT,9.2148,BBG_BFXFORWARD,2026-09-22T16:19:40+08:00
2026-09-22,USDSEK,2031-09-24,FWD_OUTRIGHT,9.0952,BBG_BFXFORWARD,2026-09-22T16:19:40+08:00
2026-09-22,USDTRY,2026-09-22,SPOT,48.82,BBG_BFXFORWARD,2026-09-22T16:19:40+08:00
2026-09-22,USDTRY,2026-09-23,FWD_OUTRIGHT,48.7855,BBG_BFXFORWARD,2026-09-22T16:19:40+08:00
2026-09-22,USDTRY,2026-09-24,FWD_OUTRIGHT,48.8555,BBG_BFXFORWARD,2026-09-22T16:19:40+08:00
2026-09-22,USDTRY,2026-09-30,FWD_OUTRIGHT,49.074,BBG_BFXFORWARD,2026-09-22T16:19:40+08:00
2026-09-22,USDTRY,2026-10-23,FWD_OUTRIGHT,49.9993,BBG_BFXFORWARD,2026-09-22T16:19:40+08:00
2026-09-22,USDTRY,2026-11-23,FWD_OUTRIGHT,51.2815,BBG_BFXFORWARD,2026-09-22T16:19:40+08:00
2026-09-22,USDTRY,2026-12-23,FWD_OUTRIGHT,52.5407,BBG_BFXFORWARD,2026-09-22T16:19:40+08:00
2026-09-22,USDTRY,2027-01-25,FWD_OUTRIGHT,53.9481,BBG_BFXFORWARD,2026-09-22T16:19:40+08:00
2026-09-22,USDTRY,2027-02-23,FWD_OUTRIGHT,55.2108,BBG_BFXFORWARD,2026-09-22T16:19:40+08:00
2026-09-22,USDTRY,2027-03-23,FWD_OUTRIGHT,56.4504,BBG_BFXFORWARD,2026-09-22T16:19:40+08:00
2026-09-22,USDTRY,2027-06-23,FWD_OUTRIGHT,60.7329,BBG_BFXFORWARD,2026-09-22T16:19:40+08:00
2026-09-22,USDTRY,2027-09-23,FWD_OUTRIGHT,65.3933,BBG_BFXFORWARD,2026-09-22T16:19:40+08:00
2026-09-22,USDTRY,2027-12-23,FWD_OUTRIGHT,70.6839,BBG_BFXFORWARD,2026-09-22T16:19:40+08:00
2026-09-22,USDTRY,2028-03-23,FWD_OUTRIGHT,75.9406,BBG_BFXFORWARD,2026-09-22T16:19:40+08:00
2026-09-22,USDTRY,2028-09-25,FWD_OUTRIGHT,89.5125,BBG_BFXFORWARD,2026-09-22T16:19:40+08:00
2026-09-22,USDTRY,2029-09-24,FWD_OUTRIGHT,116.7685,BBG_BFXFORWARD,2026-09-22T16:19:40+08:00
2026-09-22,USDTRY,2030-09-23,FWD_OUTRIGHT,152.2132,BBG_BFXFORWARD,2026-09-22T16:19:40+08:00
2026-09-22,USDTRY,2031-09-23,FWD_OUTRIGHT,169.6473,BBG_BFXFORWARD,2026-09-22T16:19:40+08:00
2026-09-22,USDTWD,2026-09-22,NDF_1M,31.771,BBG_BFXFORWARD,2026-09-22T16:19:40+08:00
2026-09-22,USDTWD,2026-09-22,SPOT,31.698,BBG_BFXFORWARD,2026-09-22T16:19:40+08:00
2026-09-22,USDTWD,2026-09-23,FWD_OUTRIGHT,31.6975,BBG_BFXFORWARD,2026-09-22T16:19:40+08:00
2026-09-22,USDTWD,2026-09-24,FWD_OUTRIGHT,31.6975,BBG_BFXFORWARD,2026-09-22T16:19:40+08:00
2026-09-22,USDZAR,2026-09-22,FWD_OUTRIGHT,16.3144,BBG_BFXFORWARD,2026-09-22T16:19:40+08:00
2026-09-22,USDZAR,2026-09-22,SPOT,16.3144,BBG_BFXFORWARD,2026-09-22T16:19:40+08:00
2026-09-22,USDZAR,2026-09-23,FWD_OUTRIGHT,16.3123,BBG_BFXFORWARD,2026-09-22T16:19:40+08:00
2026-09-22,USDZAR,2026-09-25,FWD_OUTRIGHT,16.3128,BBG_BFXFORWARD,2026-09-22T16:19:40+08:00
2026-09-22,USDZAR,2026-09-28,FWD_OUTRIGHT,16.3165,BBG_BFXFORWARD,2026-09-22T16:19:40+08:00
2026-09-22,USDZAR,2026-10-02,FWD_OUTRIGHT,16.3208,BBG_BFXFORWARD,2026-09-22T16:19:40+08:00
2026-09-22,USDZAR,2026-10-09,FWD_OUTRIGHT,16.3284125,BBG_INTERP,2026-09-22T16:19:40+08:00
2026-09-22,USDZAR,2026-10-13,FWD_OUTRIGHT,16.3327625,BBG_INTERP,2026-09-22T16:19:40+08:00
2026-09-22,USDZAR,2026-10-26,FWD_OUTRIGHT,16.3469,BBG_BFXFORWARD,2026-09-22T16:19:40+08:00
2026-09-22,USDZAR,2026-11-25,FWD_OUTRIGHT,16.3789,BBG_BFXFORWARD,2026-09-22T16:19:40+08:00
2026-09-22,USDZAR,2026-12-28,FWD_OUTRIGHT,16.4133,BBG_BFXFORWARD,2026-09-22T16:19:40+08:00
2026-09-22,USDZAR,2027-01-25,FWD_OUTRIGHT,16.4427,BBG_BFXFORWARD,2026-09-22T16:19:40+08:00
2026-09-22,USDZAR,2027-02-25,FWD_OUTRIGHT,16.4761,BBG_BFXFORWARD,2026-09-22T16:19:40+08:00
2026-09-22,USDZAR,2027-03-25,FWD_OUTRIGHT,16.5063,BBG_BFXFORWARD,2026-09-22T16:19:40+08:00
2026-09-22,USDZAR,2027-06-25,FWD_OUTRIGHT,16.6083,BBG_BFXFORWARD,2026-09-22T16:19:40+08:00
2026-09-22,USDZAR,2027-09-27,FWD_OUTRIGHT,16.7068,BBG_BFXFORWARD,2026-09-22T16:19:40+08:00
2026-09-22,USDZAR,2027-12-28,FWD_OUTRIGHT,16.8066,BBG_BFXFORWARD,2026-09-22T16:19:40+08:00
2026-09-22,USDZAR,2028-03-27,FWD_OUTRIGHT,16.9139,BBG_BFXFORWARD,2026-09-22T16:19:40+08:00
2026-09-22,USDZAR,2028-09-26,FWD_OUTRIGHT,17.1608,BBG_BFXFORWARD,2026-09-22T16:19:40+08:00
2026-09-22,USDZAR,2029-09-25,FWD_OUTRIGHT,17.6079,BBG_BFXFORWARD,2026-09-22T16:19:40+08:00
2026-09-22,USDZAR,2030-09-25,FWD_OUTRIGHT,18.1399,BBG_BFXFORWARD,2026-09-22T16:19:40+08:00
2026-09-22,USDZAR,2031-09-25,FWD_OUTRIGHT,18.7436,BBG_BFXFORWARD,2026-09-22T16:19:40+08:00
2026-09-22,XAUUSD,2026-09-22,FWD_OUTRIGHT,4303.83,BBG_BFXFORWARD,2026-09-22T16:19:40+08:00
2026-09-22,XAUUSD,2026-09-22,SPOT,4303.83,BBG_BFXFORWARD,2026-09-22T16:19:40+08:00
2026-09-22,XAUUSD,2026-09-23,FWD_OUTRIGHT,4304.200855555556,BBG_INTERP,2026-09-22T16:19:40+08:00
2026-09-22,XAUUSD,2026-10-01,FWD_OUTRIGHT,4307.1677,BBG_BFXFORWARD,2026-09-22T16:19:40+08:00
2026-09-22,XAUUSD,2026-10-15,FWD_OUTRIGHT,4314.184388,BBG_INTERP,2026-09-22T16:19:40+08:00
2026-09-22,XAUUSD,2026-10-26,FWD_OUTRIGHT,4319.6975,BBG_BFXFORWARD,2026-09-22T16:19:40+08:00
2026-09-22,XAUUSD,2026-11-24,FWD_OUTRIGHT,4334.5556,BBG_BFXFORWARD,2026-09-22T16:19:40+08:00
2026-09-22,XAUUSD,2026-12-24,FWD_OUTRIGHT,4350.3067,BBG_BFXFORWARD,2026-09-22T16:19:40+08:00
2026-09-22,XAUUSD,2027-01-25,FWD_OUTRIGHT,4364.9156,BBG_BFXFORWARD,2026-09-22T16:19:40+08:00
2026-09-22,XAUUSD,2027-02-24,FWD_OUTRIGHT,4380.201,BBG_BFXFORWARD,2026-09-22T16:19:40+08:00
2026-09-22,XAUUSD,2027-03-24,FWD_OUTRIGHT,4401.1172,BBG_BFXFORWARD,2026-09-22T16:19:40+08:00
2026-09-22,XAUUSD,2027-06-24,FWD_OUTRIGHT,4454.5267,BBG_BFXFORWARD,2026-09-22T16:19:40+08:00
2026-09-22,XAUUSD,2027-09-24,FWD_OUTRIGHT,4508.394,BBG_BFXFORWARD,2026-09-22T16:19:40+08:00
2026-09-22,XAUUSD,2028-03-24,FWD_OUTRIGHT,4611.4191,BBG_BFXFORWARD,2026-09-22T16:19:40+08:00
2026-09-22,XAUUSD,2028-09-25,FWD_OUTRIGHT,4719.415,BBG_BFXFORWARD,2026-09-22T16:19:40+08:00
2026-09-22,XAUUSD,2029-09-24,FWD_OUTRIGHT,4913.0118,BBG_BFXFORWARD,2026-09-22T16:19:40+08:00
2026-09-22,XAUUSD,2030-09-24,FWD_OUTRIGHT,5112.4223,BBG_BFXFORWARD,2026-09-22T16:19:40+08:00
2026-09-22,XAUUSD,2031-09-24,FWD_OUTRIGHT,5330.8254,BBG_BFXFORWARD,2026-09-22T16:19:40+08:00
