as_of_date,pair,tenor,quote_type,value,ticker,field,source,snapped_at
2026-09-17,EURSEK,1M,ATM,5.275,EURSEKV1M BGN Curncy,PX_LAST,BBG_BDP,2026-09-17T17:00:00-04:00
2026-09-17,EURSEK,1M,BF10,0.3625,EURSEK10B1M BGN Curncy,PX_LAST,BBG_BDP,2026-09-17T17:00:00-04:00
2026-09-17,EURSEK,1M,BF25,0.115,EURSEK25B1M BGN Curncy,PX_LAST,BBG_BDP,2026-09-17T17:00:00-04:00
2026-09-17,EURSEK,1M,RR10,0.615,EURSEK10R1M BGN Curncy,PX_LAST,BBG_BDP,2026-09-17T17:00:00-04:00
2026-09-17,EURSEK,1M,RR25,0.33,EURSEK25R1M BGN Curncy,PX_LAST,BBG_BDP,2026-09-17T17:00:00-04:00
2026-09-17,EURSEK,1W,ATM,5.7025,EURSEKV1W BGN Curncy,PX_LAST,BBG_BDP,2026-09-17T17:00:00-04:00
2026-09-17,EURSEK,1W,BF10,0.3275,EURSEK10B1W BGN Curncy,PX_LAST,BBG_BDP,2026-09-17T17:00:00-04:00
2026-09-17,EURSEK,1W,BF25,0.0975,EURSEK25B1W BGN Curncy,PX_LAST,BBG_BDP,2026-09-17T17:00:00-04:00
2026-09-17,EURSEK,1W,RR10,0.425,EURSEK10R1W BGN Curncy,PX_LAST,BBG_BDP,2026-09-17T17:00:00-04:00
2026-09-17,EURSEK,1W,RR25,0.2275,EURSEK25R1W BGN Curncy,PX_LAST,BBG_BDP,2026-09-17T17:00:00-04:00
2026-09-17,EURSEK,1Y,ATM,5.775,EURSEKV1Y BGN Curncy,PX_LAST,BBG_BDP,2026-09-17T17:00:00-04:00
2026-09-17,EURSEK,1Y,BF10,0.8,EURSEK10B1Y BGN Curncy,PX_LAST,BBG_BDP,2026-09-17T17:00:00-04:00
2026-09-17,EURSEK,1Y,BF25,0.2425,EURSEK25B1Y BGN Curncy,PX_LAST,BBG_BDP,2026-09-17T17:00:00-04:00
2026-09-17,EURSEK,1Y,RR10,1.275,EURSEK10R1Y BGN Curncy,PX_LAST,BBG_BDP,2026-09-17T17:00:00-04:00
2026-09-17,EURSEK,1Y,RR25,0.6625,EURSEK25R1Y BGN Curncy,PX_LAST,BBG_BDP,2026-09-17T17:00:00-04:00
2026-09-17,EURSEK,2M,ATM,5.37,EURSEKV2M BGN Curncy,PX_LAST,BBG_BDP,2026-09-17T17:00:00-04:00
2026-09-17,EURSEK,2M,BF10,0.4025,EURSEK10B2M BGN Curncy,PX_LAST,BBG_BDP,2026-09-17T17:00:00-04:00
2026-09-17,EURSEK,2M,BF25,0.1275,EURSEK25B2M BGN Curncy,PX_LAST,BBG_BDP,2026-09-17T17:00:00-04:00
2026-09-17,EURSEK,2M,RR10,0.73,EURSEK10R2M BGN Curncy,PX_LAST,BBG_BDP,2026-09-17T17:00:00-04:00
2026-09-17,EURSEK,2M,RR25,0.3925,EURSEK25R2M BGN Curncy,PX_LAST,BBG_BDP,2026-09-17T17:00:00-04:00
2026-09-17,EURSEK,2W,ATM,5.46,EURSEKV2W BGN Curncy,PX_LAST,BBG_BDP,2026-09-17T17:00:00-04:00
2026-09-17,EURSEK,2W,BF10,0.3325,EURSEK10B2W BGN Curncy,PX_LAST,BBG_BDP,2026-09-17T17:00:00-04:00
2026-09-17,EURSEK,2W,BF25,0.0975,EURSEK25B2W BGN Curncy,PX_LAST,BBG_BDP,2026-09-17T17:00:00-04:00
2026-09-17,EURSEK,2W,RR10,0.4875,EURSEK10R2W BGN Curncy,PX_LAST,BBG_BDP,2026-09-17T17:00:00-04:00
2026-09-17,EURSEK,2W,RR25,0.2625,EURSEK25R2W BGN Curncy,PX_LAST,BBG_BDP,2026-09-17T17:00:00-04:00
2026-09-17,EURSEK,3M,ATM,5.47,EURSEKV3M BGN Curncy,PX_LAST,BBG_BDP,2026-09-17T17:00:00-04:00
2026-09-17,EURSEK,3M,BF10,0.45,EURSEK10B3M BGN Curncy,PX_LAST,BBG_BDP,2026-09-17T17:00:00-04:00
2026-09-17,EURSEK,3M,BF25,0.1375,EURSEK25B3M BGN Curncy,PX_LAST,BBG_BDP,2026-09-17T17:00:00-04:00
2026-09-17,EURSEK,3M,RR10,0.885,EURSEK10R3M BGN Curncy,PX_LAST,BBG_BDP,2026-09-17T17:00:00-04:00
2026-09-17,EURSEK,3M,RR25,0.4775,EURSEK25R3M BGN Curncy,PX_LAST,BBG_BDP,2026-09-17T17:00:00-04:00
2026-09-17,EURSEK,6M,ATM,5.53,EURSEKV6M BGN Curncy,PX_LAST,BBG_BDP,2026-09-17T17:00:00-04:00
2026-09-17,EURSEK,6M,BF10,0.5575,EURSEK10B6M BGN Curncy,PX_LAST,BBG_BDP,2026-09-17T17:00:00-04:00
2026-09-17,EURSEK,6M,BF25,0.175,EURSEK25B6M BGN Curncy,PX_LAST,BBG_BDP,2026-09-17T17:00:00-04:00
2026-09-17,EURSEK,6M,RR10,1.0375,EURSEK10R6M BGN Curncy,PX_LAST,BBG_BDP,2026-09-17T17:00:00-04:00
2026-09-17,EURSEK,6M,RR25,0.5475,EURSEK25R6M BGN Curncy,PX_LAST,BBG_BDP,2026-09-17T17:00:00-04:00
2026-09-17,EURSEK,9M,ATM,5.695,EURSEKV9M BGN Curncy,PX_LAST,BBG_BDP,2026-09-17T17:00:00-04:00
2026-09-17,EURSEK,9M,BF10,0.68,EURSEK10B9M BGN Curncy,PX_LAST,BBG_BDP,2026-09-17T17:00:00-04:00
2026-09-17,EURSEK,9M,BF25,0.2025,EURSEK25B9M BGN Curncy,PX_LAST,BBG_BDP,2026-09-17T17:00:00-04:00
2026-09-17,EURSEK,9M,RR10,1.16,EURSEK10R9M BGN Curncy,PX_LAST,BBG_BDP,2026-09-17T17:00:00-04:00
2026-09-17,EURSEK,9M,RR25,0.5975,EURSEK25R9M BGN Curncy,PX_LAST,BBG_BDP,2026-09-17T17:00:00-04:00
2026-09-17,EURSEK,ON,ATM,4.5825,EURSEKVON BGN Curncy,PX_LAST,BBG_BDP,2026-09-17T17:00:00-04:00
2026-09-17,EURSEK,ON,BF10,0.2975,EURSEK10BON BGN Curncy,PX_LAST,BBG_BDP,2026-09-17T17:00:00-04:00
2026-09-17,EURSEK,ON,BF25,0.09,EURSEK25BON BGN Curncy,PX_LAST,BBG_BDP,2026-09-17T17:00:00-04:00
2026-09-17,EURSEK,ON,RR10,0.34,EURSEK10RON BGN Curncy,PX_LAST,BBG_BDP,2026-09-17T17:00:00-04:00
2026-09-17,EURSEK,ON,RR25,0.19,EURSEK25RON BGN Curncy,PX_LAST,BBG_BDP,2026-09-17T17:00:00-04:00
2026-09-17,EURUSD,1M,ATM,4.6025,EURUSDV1M BGN Curncy,PX_LAST,BBG_BDP,2026-09-17T17:00:00-04:00
2026-09-17,EURUSD,1M,BF10,0.44,EURUSD10B1M BGN Curncy,PX_LAST,BBG_BDP,2026-09-17T17:00:00-04:00
2026-09-17,EURUSD,1M,BF25,0.125,EURUSD25B1M BGN Curncy,PX_LAST,BBG_BDP,2026-09-17T17:00:00-04:00
2026-09-17,EURUSD,1M,RR10,-0.365,EURUSD10R1M BGN Curncy,PX_LAST,BBG_BDP,2026-09-17T17:00:00-04:00
2026-09-17,EURUSD,1M,RR25,-0.195,EURUSD25R1M BGN Curncy,PX_LAST,BBG_BDP,2026-09-17T17:00:00-04:00
2026-09-17,EURUSD,1W,ATM,4.475,EURUSDV1W BGN Curncy,PX_LAST,BBG_BDP,2026-09-17T17:00:00-04:00
2026-09-17,EURUSD,1W,BF10,0.42,EURUSD10B1W BGN Curncy,PX_LAST,BBG_BDP,2026-09-17T17:00:00-04:00
2026-09-17,EURUSD,1W,BF25,0.12,EURUSD25B1W BGN Curncy,PX_LAST,BBG_BDP,2026-09-17T17:00:00-04:00
2026-09-17,EURUSD,1W,RR10,-0.43,EURUSD10R1W BGN Curncy,PX_LAST,BBG_BDP,2026-09-17T17:00:00-04:00
2026-09-17,EURUSD,1W,RR25,-0.2375,EURUSD25R1W BGN Curncy,PX_LAST,BBG_BDP,2026-09-17T17:00:00-04:00
2026-09-17,EURUSD,1Y,ATM,6.16,EURUSDV1Y BGN Curncy,PX_LAST,BBG_BDP,2026-09-17T17:00:00-04:00
2026-09-17,EURUSD,1Y,BF10,1.1225,EURUSD10B1Y BGN Curncy,PX_LAST,BBG_BDP,2026-09-17T17:00:00-04:00
2026-09-17,EURUSD,1Y,BF25,0.31,EURUSD25B1Y BGN Curncy,PX_LAST,BBG_BDP,2026-09-17T17:00:00-04:00
2026-09-17,EURUSD,1Y,RR10,-0.25,EURUSD10R1Y BGN Curncy,PX_LAST,BBG_BDP,2026-09-17T17:00:00-04:00
2026-09-17,EURUSD,1Y,RR25,-0.1375,EURUSD25R1Y BGN Curncy,PX_LAST,BBG_BDP,2026-09-17T17:00:00-04:00
2026-09-17,EURUSD,2M,ATM,5.06,EURUSDV2M BGN Curncy,PX_LAST,BBG_BDP,2026-09-17T17:00:00-04:00
2026-09-17,EURUSD,2M,BF10,0.5175,EURUSD10B2M BGN Curncy,PX_LAST,BBG_BDP,2026-09-17T17:00:00-04:00
2026-09-17,EURUSD,2M,BF25,0.145,EURUSD25B2M BGN Curncy,PX_LAST,BBG_BDP,2026-09-17T17:00:00-04:00
2026-09-17,EURUSD,2M,RR10,-0.3375,EURUSD10R2M BGN Curncy,PX_LAST,BBG_BDP,2026-09-17T17:00:00-04:00
2026-09-17,EURUSD,2M,RR25,-0.1825,EURUSD25R2M BGN Curncy,PX_LAST,BBG_BDP,2026-09-17T17:00:00-04:00
2026-09-17,EURUSD,2W,ATM,4.6525,EURUSDV2W BGN Curncy,PX_LAST,BBG_BDP,2026-09-17T17:00:00-04:00
2026-09-17,EURUSD,2W,BF10,0.425,EURUSD10B2W BGN Curncy,PX_LAST,BBG_BDP,2026-09-17T17:00:00-04:00
2026-09-17,EURUSD,2W,BF25,0.1225,EURUSD25B2W BGN Curncy,PX_LAST,BBG_BDP,2026-09-17T17:00:00-04:00
2026-09-17,EURUSD,2W,RR10,-0.4125,EURUSD10R2W BGN Curncy,PX_LAST,BBG_BDP,2026-09-17T17:00:00-04:00
2026-09-17,EURUSD,2W,RR25,-0.2225,EURUSD25R2W BGN Curncy,PX_LAST,BBG_BDP,2026-09-17T17:00:00-04:00
2026-09-17,EURUSD,3M,ATM,5.2725,EURUSDV3M BGN Curncy,PX_LAST,BBG_BDP,2026-09-17T17:00:00-04:00
2026-09-17,EURUSD,3M,BF10,0.6125,EURUSD10B3M BGN Curncy,PX_LAST,BBG_BDP,2026-09-17T17:00:00-04:00
2026-09-17,EURUSD,3M,BF25,0.1675,EURUSD25B3M BGN Curncy,PX_LAST,BBG_BDP,2026-09-17T17:00:00-04:00
2026-09-17,EURUSD,3M,RR10,-0.2875,EURUSD10R3M BGN Curncy,PX_LAST,BBG_BDP,2026-09-17T17:00:00-04:00
2026-09-17,EURUSD,3M,RR25,-0.1525,EURUSD25R3M BGN Curncy,PX_LAST,BBG_BDP,2026-09-17T17:00:00-04:00
2026-09-17,EURUSD,6M,ATM,5.505,EURUSDV6M BGN Curncy,PX_LAST,BBG_BDP,2026-09-17T17:00:00-04:00
2026-09-17,EURUSD,6M,BF10,0.825,EURUSD10B6M BGN Curncy,PX_LAST,BBG_BDP,2026-09-17T17:00:00-04:00
2026-09-17,EURUSD,6M,BF25,0.2175,EURUSD25B6M BGN Curncy,PX_LAST,BBG_BDP,2026-09-17T17:00:00-04:00
2026-09-17,EURUSD,6M,RR10,-0.27,EURUSD10R6M BGN Curncy,PX_LAST,BBG_BDP,2026-09-17T17:00:00-04:00
2026-09-17,EURUSD,6M,RR25,-0.1475,EURUSD25R6M BGN Curncy,PX_LAST,BBG_BDP,2026-09-17T17:00:00-04:00
2026-09-17,EURUSD,9M,ATM,5.9625,EURUSDV9M BGN Curncy,PX_LAST,BBG_BDP,2026-09-17T17:00:00-04:00
2026-09-17,EURUSD,9M,BF10,0.9875,EURUSD10B9M BGN Curncy,PX_LAST,BBG_BDP,2026-09-17T17:00:00-04:00
2026-09-17,EURUSD,9M,BF25,0.26,EURUSD25B9M BGN Curncy,PX_LAST,BBG_BDP,2026-09-17T17:00:00-04:00
2026-09-17,EURUSD,9M,RR10,-0.2925,EURUSD10R9M BGN Curncy,PX_LAST,BBG_BDP,2026-09-17T17:00:00-04:00
2026-09-17,EURUSD,9M,RR25,-0.1525,EURUSD25R9M BGN Curncy,PX_LAST,BBG_BDP,2026-09-17T17:00:00-04:00
2026-09-17,EURUSD,ON,ATM,3.685,EURUSDVON BGN Curncy,PX_LAST,BBG_BDP,2026-09-17T17:00:00-04:00
2026-09-17,EURUSD,ON,BF10,0.3725,EURUSD10BON BGN Curncy,PX_LAST,BBG_BDP,2026-09-17T17:00:00-04:00
2026-09-17,EURUSD,ON,BF25,0.12,EURUSD25BON BGN Curncy,PX_LAST,BBG_BDP,2026-09-17T17:00:00-04:00
2026-09-17,EURUSD,ON,RR10,-0.3725,EURUSD10RON BGN Curncy,PX_LAST,BBG_BDP,2026-09-17T17:00:00-04:00
2026-09-17,EURUSD,ON,RR25,-0.2125,EURUSD25RON BGN Curncy,PX_LAST,BBG_BDP,2026-09-17T17:00:00-04:00
2026-09-17,USDCHF,1M,ATM,6.1,USDCHFV1M BGN Curncy,PX_LAST,BBG_BDP,2026-09-17T17:00:00-04:00
2026-09-17,USDCHF,1M,BF10,0.47,USDCHF10B1M BGN Curncy,PX_LAST,BBG_BDP,2026-09-17T17:00:00-04:00
2026-09-17,USDCHF,1M,BF25,0.1325,USDCHF25B1M BGN Curncy,PX_LAST,BBG_BDP,2026-09-17T17:00:00-04:00
2026-09-17,USDCHF,1M,RR10,-0.75,USDCHF10R1M BGN Curncy,PX_LAST,BBG_BDP,2026-09-17T17:00:00-04:00
2026-09-17,USDCHF,1M,RR25,-0.3975,USDCHF25R1M BGN Curncy,PX_LAST,BBG_BDP,2026-09-17T17:00:00-04:00
2026-09-17,USDCHF,1W,ATM,6.465,USDCHFV1W BGN Curncy,PX_LAST,BBG_BDP,2026-09-17T17:00:00-04:00
2026-09-17,USDCHF,1W,BF10,0.4125,USDCHF10B1W BGN Curncy,PX_LAST,BBG_BDP,2026-09-17T17:00:00-04:00
2026-09-17,USDCHF,1W,BF25,0.125,USDCHF25B1W BGN Curncy,PX_LAST,BBG_BDP,2026-09-17T17:00:00-04:00
2026-09-17,USDCHF,1W,RR10,-0.5775,USDCHF10R1W BGN Curncy,PX_LAST,BBG_BDP,2026-09-17T17:00:00-04:00
2026-09-17,USDCHF,1W,RR25,-0.3075,USDCHF25R1W BGN Curncy,PX_LAST,BBG_BDP,2026-09-17T17:00:00-04:00
2026-09-17,USDCHF,1Y,ATM,7.235,USDCHFV1Y BGN Curncy,PX_LAST,BBG_BDP,2026-09-17T17:00:00-04:00
2026-09-17,USDCHF,1Y,BF10,1.0825,USDCHF10B1Y BGN Curncy,PX_LAST,BBG_BDP,2026-09-17T17:00:00-04:00
2026-09-17,USDCHF,1Y,BF25,0.3,USDCHF25B1Y BGN Curncy,PX_LAST,BBG_BDP,2026-09-17T17:00:00-04:00
2026-09-17,USDCHF,1Y,RR10,-1.2375,USDCHF10R1Y BGN Curncy,PX_LAST,BBG_BDP,2026-09-17T17:00:00-04:00
2026-09-17,USDCHF,1Y,RR25,-0.6725,USDCHF25R1Y BGN Curncy,PX_LAST,BBG_BDP,2026-09-17T17:00:00-04:00
2026-09-17,USDCHF,2M,ATM,6.465,USDCHFV2M BGN Curncy,PX_LAST,BBG_BDP,2026-09-17T17:00:00-04:00
2026-09-17,USDCHF,2M,BF10,0.55,USDCHF10B2M BGN Curncy,PX_LAST,BBG_BDP,2026-09-17T17:00:00-04:00
2026-09-17,USDCHF,2M,BF25,0.1575,USDCHF25B2M BGN Curncy,PX_LAST,BBG_BDP,2026-09-17T17:00:00-04:00
2026-09-17,USDCHF,2M,RR10,-0.815,USDCHF10R2M BGN Curncy,PX_LAST,BBG_BDP,2026-09-17T17:00:00-04:00
2026-09-17,USDCHF,2M,RR25,-0.4375,USDCHF25R2M BGN Curncy,PX_LAST,BBG_BDP,2026-09-17T17:00:00-04:00
2026-09-17,USDCHF,2W,ATM,6.435,USDCHFV2W BGN Curncy,PX_LAST,BBG_BDP,2026-09-17T17:00:00-04:00
2026-09-17,USDCHF,2W,BF10,0.43,USDCHF10B2W BGN Curncy,PX_LAST,BBG_BDP,2026-09-17T17:00:00-04:00
2026-09-17,USDCHF,2W,BF25,0.1325,USDCHF25B2W BGN Curncy,PX_LAST,BBG_BDP,2026-09-17T17:00:00-04:00
2026-09-17,USDCHF,2W,RR10,-0.665,USDCHF10R2W BGN Curncy,PX_LAST,BBG_BDP,2026-09-17T17:00:00-04:00
2026-09-17,USDCHF,2W,RR25,-0.3525,USDCHF25R2W BGN Curncy,PX_LAST,BBG_BDP,2026-09-17T17:00:00-04:00
2026-09-17,USDCHF,3M,ATM,6.66,USDCHFV3M BGN Curncy,PX_LAST,BBG_BDP,2026-09-17T17:00:00-04:00
2026-09-17,USDCHF,3M,BF10,0.64,USDCHF10B3M BGN Curncy,PX_LAST,BBG_BDP,2026-09-17T17:00:00-04:00
2026-09-17,USDCHF,3M,BF25,0.1775,USDCHF25B3M BGN Curncy,PX_LAST,BBG_BDP,2026-09-17T17:00:00-04:00
2026-09-17,USDCHF,3M,RR10,-0.96,USDCHF10R3M BGN Curncy,PX_LAST,BBG_BDP,2026-09-17T17:00:00-04:00
2026-09-17,USDCHF,3M,RR25,-0.4975,USDCHF25R3M BGN Curncy,PX_LAST,BBG_BDP,2026-09-17T17:00:00-04:00
2026-09-17,USDCHF,6M,ATM,6.81,USDCHFV6M BGN Curncy,PX_LAST,BBG_BDP,2026-09-17T17:00:00-04:00
2026-09-17,USDCHF,6M,BF10,0.805,USDCHF10B6M BGN Curncy,PX_LAST,BBG_BDP,2026-09-17T17:00:00-04:00
2026-09-17,USDCHF,6M,BF25,0.2175,USDCHF25B6M BGN Curncy,PX_LAST,BBG_BDP,2026-09-17T17:00:00-04:00
2026-09-17,USDCHF,6M,RR10,-1.07,USDCHF10R6M BGN Curncy,PX_LAST,BBG_BDP,2026-09-17T17:00:00-04:00
2026-09-17,USDCHF,6M,RR25,-0.5675,USDCHF25R6M BGN Curncy,PX_LAST,BBG_BDP,2026-09-17T17:00:00-04:00
2026-09-17,USDCHF,9M,ATM,7.05,USDCHFV9M BGN Curncy,PX_LAST,BBG_BDP,2026-09-17T17:00:00-04:00
2026-09-17,USDCHF,9M,BF10,0.9575,USDCHF10B9M BGN Curncy,PX_LAST,BBG_BDP,2026-09-17T17:00:00-04:00
2026-09-17,USDCHF,9M,BF25,0.25,USDCHF25B9M BGN Curncy,PX_LAST,BBG_BDP,2026-09-17T17:00:00-04:00
2026-09-17,USDCHF,9M,RR10,-1.1425,USDCHF10R9M BGN Curncy,PX_LAST,BBG_BDP,2026-09-17T17:00:00-04:00
2026-09-17,USDCHF,9M,RR25,-0.6,USDCHF25R9M BGN Curncy,PX_LAST,BBG_BDP,2026-09-17T17:00:00-04:00
2026-09-17,USDCHF,ON,ATM,5.5975,USDCHFVON BGN Curncy,PX_LAST,BBG_BDP,2026-09-17T17:00:00-04:00
2026-09-17,USDCHF,ON,BF10,0.385,USDCHF10BON BGN Curncy,PX_LAST,BBG_BDP,2026-09-17T17:00:00-04:00
2026-09-17,USDCHF,ON,BF25,0.1175,USDCHF25BON BGN Curncy,PX_LAST,BBG_BDP,2026-09-17T17:00:00-04:00
2026-09-17,USDCHF,ON,RR10,-0.4625,USDCHF10RON BGN Curncy,PX_LAST,BBG_BDP,2026-09-17T17:00:00-04:00
2026-09-17,USDCHF,ON,RR25,-0.275,USDCHF25RON BGN Curncy,PX_LAST,BBG_BDP,2026-09-17T17:00:00-04:00
2026-09-17,USDJPY,1M,ATM,9.14,USDJPYV1M BGN Curncy,PX_LAST,BBG_BDP,2026-09-17T17:00:00-04:00
2026-09-17,USDJPY,1M,BF10,0.7575,USDJPY10B1M BGN Curncy,PX_LAST,BBG_BDP,2026-09-17T17:00:00-04:00
2026-09-17,USDJPY,1M,BF25,0.2425,USDJPY25B1M BGN Curncy,PX_LAST,BBG_BDP,2026-09-17T17:00:00-04:00
2026-09-17,USDJPY,1M,RR10,-3.5325,USDJPY10R1M BGN Curncy,PX_LAST,BBG_BDP,2026-09-17T17:00:00-04:00
2026-09-17,USDJPY,1M,RR25,-1.92,USDJPY25R1M BGN Curncy,PX_LAST,BBG_BDP,2026-09-17T17:00:00-04:00
2026-09-17,USDJPY,1W,ATM,10.88,USDJPYV1W BGN Curncy,PX_LAST,BBG_BDP,2026-09-17T17:00:00-04:00
2026-09-17,USDJPY,1W,BF10,0.81,USDJPY10B1W BGN Curncy,PX_LAST,BBG_BDP,2026-09-17T17:00:00-04:00
2026-09-17,USDJPY,1W,BF25,0.275,USDJPY25B1W BGN Curncy,PX_LAST,BBG_BDP,2026-09-17T17:00:00-04:00
2026-09-17,USDJPY,1W,RR10,-3.6575,USDJPY10R1W BGN Curncy,PX_LAST,BBG_BDP,2026-09-17T17:00:00-04:00
2026-09-17,USDJPY,1W,RR25,-2.025,USDJPY25R1W BGN Curncy,PX_LAST,BBG_BDP,2026-09-17T17:00:00-04:00
2026-09-17,USDJPY,1Y,ATM,8.77,USDJPYV1Y BGN Curncy,PX_LAST,BBG_BDP,2026-09-17T17:00:00-04:00
2026-09-17,USDJPY,1Y,BF10,1.25,USDJPY10B1Y BGN Curncy,PX_LAST,BBG_BDP,2026-09-17T17:00:00-04:00
2026-09-17,USDJPY,1Y,BF25,0.3625,USDJPY25B1Y BGN Curncy,PX_LAST,BBG_BDP,2026-09-17T17:00:00-04:00
2026-09-17,USDJPY,1Y,RR10,-1.125,USDJPY10R1Y BGN Curncy,PX_LAST,BBG_BDP,2026-09-17T17:00:00-04:00
2026-09-17,USDJPY,1Y,RR25,-0.5825,USDJPY25R1Y BGN Curncy,PX_LAST,BBG_BDP,2026-09-17T17:00:00-04:00
2026-09-17,USDJPY,2M,ATM,9.13,USDJPYV2M BGN Curncy,PX_LAST,BBG_BDP,2026-09-17T17:00:00-04:00
2026-09-17,USDJPY,2M,BF10,0.7825,USDJPY10B2M BGN Curncy,PX_LAST,BBG_BDP,2026-09-17T17:00:00-04:00
2026-09-17,USDJPY,2M,BF25,0.2375,USDJPY25B2M BGN Curncy,PX_LAST,BBG_BDP,2026-09-17T17:00:00-04:00
2026-09-17,USDJPY,2M,RR10,-3.3575,USDJPY10R2M BGN Curncy,PX_LAST,BBG_BDP,2026-09-17T17:00:00-04:00
2026-09-17,USDJPY,2M,RR25,-1.83,USDJPY25R2M BGN Curncy,PX_LAST,BBG_BDP,2026-09-17T17:00:00-04:00
2026-09-17,USDJPY,2W,ATM,10.065,USDJPYV2W BGN Curncy,PX_LAST,BBG_BDP,2026-09-17T17:00:00-04:00
2026-09-17,USDJPY,2W,BF10,0.78,USDJPY10B2W BGN Curncy,PX_LAST,BBG_BDP,2026-09-17T17:00:00-04:00
2026-09-17,USDJPY,2W,BF25,0.26,USDJPY25B2W BGN Curncy,PX_LAST,BBG_BDP,2026-09-17T17:00:00-04:00
2026-09-17,USDJPY,2W,RR10,-3.595,USDJPY10R2W BGN Curncy,PX_LAST,BBG_BDP,2026-09-17T17:00:00-04:00
2026-09-17,USDJPY,2W,RR25,-1.95,USDJPY25R2W BGN Curncy,PX_LAST,BBG_BDP,2026-09-17T17:00:00-04:00
2026-09-17,USDJPY,3M,ATM,9.105,USDJPYV3M BGN Curncy,PX_LAST,BBG_BDP,2026-09-17T17:00:00-04:00
2026-09-17,USDJPY,3M,BF10,0.835,USDJPY10B3M BGN Curncy,PX_LAST,BBG_BDP,2026-09-17T17:00:00-04:00
2026-09-17,USDJPY,3M,BF25,0.27,USDJPY25B3M BGN Curncy,PX_LAST,BBG_BDP,2026-09-17T17:00:00-04:00
2026-09-17,USDJPY,3M,RR10,-3.195,USDJPY10R3M BGN Curncy,PX_LAST,BBG_BDP,2026-09-17T17:00:00-04:00
2026-09-17,USDJPY,3M,RR25,-1.77,USDJPY25R3M BGN Curncy,PX_LAST,BBG_BDP,2026-09-17T17:00:00-04:00
2026-09-17,USDJPY,6M,ATM,8.85,USDJPYV6M BGN Curncy,PX_LAST,BBG_BDP,2026-09-17T17:00:00-04:00
2026-09-17,USDJPY,6M,BF10,1.0,USDJPY10B6M BGN Curncy,PX_LAST,BBG_BDP,2026-09-17T17:00:00-04:00
2026-09-17,USDJPY,6M,BF25,0.2875,USDJPY25B6M BGN Curncy,PX_LAST,BBG_BDP,2026-09-17T17:00:00-04:00
2026-09-17,USDJPY,6M,RR10,-2.415,USDJPY10R6M BGN Curncy,PX_LAST,BBG_BDP,2026-09-17T17:00:00-04:00
2026-09-17,USDJPY,6M,RR25,-1.2925,USDJPY25R6M BGN Curncy,PX_LAST,BBG_BDP,2026-09-17T17:00:00-04:00
2026-09-17,USDJPY,9M,ATM,8.8,USDJPYV9M BGN Curncy,PX_LAST,BBG_BDP,2026-09-17T17:00:00-04:00
2026-09-17,USDJPY,9M,BF10,1.11,USDJPY10B9M BGN Curncy,PX_LAST,BBG_BDP,2026-09-17T17:00:00-04:00
2026-09-17,USDJPY,9M,BF25,0.3025,USDJPY25B9M BGN Curncy,PX_LAST,BBG_BDP,2026-09-17T17:00:00-04:00
2026-09-17,USDJPY,9M,RR10,-1.705,USDJPY10R9M BGN Curncy,PX_LAST,BBG_BDP,2026-09-17T17:00:00-04:00
2026-09-17,USDJPY,9M,RR25,-0.8875,USDJPY25R9M BGN Curncy,PX_LAST,BBG_BDP,2026-09-17T17:00:00-04:00
2026-09-17,USDJPY,ON,ATM,11.8025,USDJPYVON BGN Curncy,PX_LAST,BBG_BDP,2026-09-17T17:00:00-04:00
2026-09-17,USDJPY,ON,BF10,0.835,USDJPY10BON BGN Curncy,PX_LAST,BBG_BDP,2026-09-17T17:00:00-04:00
2026-09-17,USDJPY,ON,BF25,0.2725,USDJPY25BON BGN Curncy,PX_LAST,BBG_BDP,2026-09-17T17:00:00-04:00
2026-09-17,USDJPY,ON,RR10,-3.78,USDJPY10RON BGN Curncy,PX_LAST,BBG_BDP,2026-09-17T17:00:00-04:00
2026-09-17,USDJPY,ON,RR25,-2.0425,USDJPY25RON BGN Curncy,PX_LAST,BBG_BDP,2026-09-17T17:00:00-04:00
2026-09-17,USDZAR,1M,ATM,10.345,USDZARV1M BGN Curncy,PX_LAST,BBG_BDP,2026-09-17T17:00:00-04:00
2026-09-17,USDZAR,1M,BF10,1.015,USDZAR10B1M BGN Curncy,PX_LAST,BBG_BDP,2026-09-17T17:00:00-04:00
2026-09-17,USDZAR,1M,BF25,0.3075,USDZAR25B1M BGN Curncy,PX_LAST,BBG_BDP,2026-09-17T17:00:00-04:00
2026-09-17,USDZAR,1M,RR10,4.0925,USDZAR10R1M BGN Curncy,PX_LAST,BBG_BDP,2026-09-17T17:00:00-04:00
2026-09-17,USDZAR,1M,RR25,2.1175,USDZAR25R1M BGN Curncy,PX_LAST,BBG_BDP,2026-09-17T17:00:00-04:00
2026-09-17,USDZAR,1W,ATM,10.8675,USDZARV1W BGN Curncy,PX_LAST,BBG_BDP,2026-09-17T17:00:00-04:00
2026-09-17,USDZAR,1W,BF10,0.9925,USDZAR10B1W BGN Curncy,PX_LAST,BBG_BDP,2026-09-17T17:00:00-04:00
2026-09-17,USDZAR,1W,BF25,0.3025,USDZAR25B1W BGN Curncy,PX_LAST,BBG_BDP,2026-09-17T17:00:00-04:00
2026-09-17,USDZAR,1W,RR10,4.0,USDZAR10R1W BGN Curncy,PX_LAST,BBG_BDP,2026-09-17T17:00:00-04:00
2026-09-17,USDZAR,1W,RR25,2.1325,USDZAR25R1W BGN Curncy,PX_LAST,BBG_BDP,2026-09-17T17:00:00-04:00
2026-09-17,USDZAR,1Y,ATM,11.96,USDZARV1Y BGN Curncy,PX_LAST,BBG_BDP,2026-09-17T17:00:00-04:00
2026-09-17,USDZAR,1Y,BF10,1.04,USDZAR10B1Y BGN Curncy,PX_LAST,BBG_BDP,2026-09-17T17:00:00-04:00
2026-09-17,USDZAR,1Y,BF25,0.32,USDZAR25B1Y BGN Curncy,PX_LAST,BBG_BDP,2026-09-17T17:00:00-04:00
2026-09-17,USDZAR,1Y,RR10,3.845,USDZAR10R1Y BGN Curncy,PX_LAST,BBG_BDP,2026-09-17T17:00:00-04:00
2026-09-17,USDZAR,1Y,RR25,1.905,USDZAR25R1Y BGN Curncy,PX_LAST,BBG_BDP,2026-09-17T17:00:00-04:00
2026-09-17,USDZAR,2M,ATM,10.76,USDZARV2M BGN Curncy,PX_LAST,BBG_BDP,2026-09-17T17:00:00-04:00
2026-09-17,USDZAR,2M,BF10,1.0,USDZAR10B2M BGN Curncy,PX_LAST,BBG_BDP,2026-09-17T17:00:00-04:00
2026-09-17,USDZAR,2M,BF25,0.3025,USDZAR25B2M BGN Curncy,PX_LAST,BBG_BDP,2026-09-17T17:00:00-04:00
2026-09-17,USDZAR,2M,RR10,4.065,USDZAR10R2M BGN Curncy,PX_LAST,BBG_BDP,2026-09-17T17:00:00-04:00
2026-09-17,USDZAR,2M,RR25,2.0825,USDZAR25R2M BGN Curncy,PX_LAST,BBG_BDP,2026-09-17T17:00:00-04:00
2026-09-17,USDZAR,2W,ATM,10.645,USDZARV2W BGN Curncy,PX_LAST,BBG_BDP,2026-09-17T17:00:00-04:00
2026-09-17,USDZAR,2W,BF10,0.985,USDZAR10B2W BGN Curncy,PX_LAST,BBG_BDP,2026-09-17T17:00:00-04:00
2026-09-17,USDZAR,2W,BF25,0.3,USDZAR25B2W BGN Curncy,PX_LAST,BBG_BDP,2026-09-17T17:00:00-04:00
2026-09-17,USDZAR,2W,RR10,4.005,USDZAR10R2W BGN Curncy,PX_LAST,BBG_BDP,2026-09-17T17:00:00-04:00
2026-09-17,USDZAR,2W,RR25,2.145,USDZAR25R2W BGN Curncy,PX_LAST,BBG_BDP,2026-09-17T17:00:00-04:00
2026-09-17,USDZAR,3M,ATM,10.915,USDZARV3M BGN Curncy,PX_LAST,BBG_BDP,2026-09-17T17:00:00-04:00
2026-09-17,USDZAR,3M,BF10,1.005,USDZAR10B3M BGN Curncy,PX_LAST,BBG_BDP,2026-09-17T17:00:00-04:00
2026-09-17,USDZAR,3M,BF25,0.2975,USDZAR25B3M BGN Curncy,PX_LAST,BBG_BDP,2026-09-17T17:00:00-04:00
2026-09-17,USDZAR,3M,RR10,4.045,USDZAR10R3M BGN Curncy,PX_LAST,BBG_BDP,2026-09-17T17:00:00-04:00
2026-09-17,USDZAR,3M,RR25,2.05,USDZAR25R3M BGN Curncy,PX_LAST,BBG_BDP,2026-09-17T17:00:00-04:00
2026-09-17,USDZAR,6M,ATM,11.225,USDZARV6M BGN Curncy,PX_LAST,BBG_BDP,2026-09-17T17:00:00-04:00
2026-09-17,USDZAR,6M,BF10,0.9725,USDZAR10B6M BGN Curncy,PX_LAST,BBG_BDP,2026-09-17T17:00:00-04:00
2026-09-17,USDZAR,6M,BF25,0.2925,USDZAR25B6M BGN Curncy,PX_LAST,BBG_BDP,2026-09-17T17:00:00-04:00
2026-09-17,USDZAR,6M,RR10,3.9625,USDZAR10R6M BGN Curncy,PX_LAST,BBG_BDP,2026-09-17T17:00:00-04:00
2026-09-17,USDZAR,6M,RR25,1.9675,USDZAR25R6M BGN Curncy,PX_LAST,BBG_BDP,2026-09-17T17:00:00-04:00
2026-09-17,USDZAR,9M,ATM,11.625,USDZARV9M BGN Curncy,PX_LAST,BBG_BDP,2026-09-17T17:00:00-04:00
2026-09-17,USDZAR,9M,BF10,0.9975,USDZAR10B9M BGN Curncy,PX_LAST,BBG_BDP,2026-09-17T17:00:00-04:00
2026-09-17,USDZAR,9M,BF25,0.3,USDZAR25B9M BGN Curncy,PX_LAST,BBG_BDP,2026-09-17T17:00:00-04:00
2026-09-17,USDZAR,9M,RR10,3.8675,USDZAR10R9M BGN Curncy,PX_LAST,BBG_BDP,2026-09-17T17:00:00-04:00
2026-09-17,USDZAR,9M,RR25,1.9125,USDZAR25R9M BGN Curncy,PX_LAST,BBG_BDP,2026-09-17T17:00:00-04:00
2026-09-17,USDZAR,ON,ATM,10.2775,USDZARVON BGN Curncy,PX_LAST,BBG_BDP,2026-09-17T17:00:00-04:00
2026-09-17,USDZAR,ON,BF10,0.925,USDZAR10BON BGN Curncy,PX_LAST,BBG_BDP,2026-09-17T17:00:00-04:00
2026-09-17,USDZAR,ON,BF25,0.29,USDZAR25BON BGN Curncy,PX_LAST,BBG_BDP,2026-09-17T17:00:00-04:00
2026-09-17,USDZAR,ON,RR10,3.67,USDZAR10RON BGN Curncy,PX_LAST,BBG_BDP,2026-09-17T17:00:00-04:00
2026-09-17,USDZAR,ON,RR25,1.9775,USDZAR25RON BGN Curncy,PX_LAST,BBG_BDP,2026-09-17T17:00:00-04:00
2026-09-17,XAUUSD,1M,ATM,22.0975,XAUUSDV1M BGN Curncy,PX_LAST,BBG_BDP,2026-09-17T17:00:00-04:00
2026-09-17,XAUUSD,1M,BF10,2.1475,XAUUSD10B1M BGN Curncy,PX_LAST,BBG_BDP,2026-09-17T17:00:00-04:00
2026-09-17,XAUUSD,1M,BF25,0.5825,XAUUSD25B1M BGN Curncy,PX_LAST,BBG_BDP,2026-09-17T17:00:00-04:00
2026-09-17,XAUUSD,1M,RR10,1.79,XAUUSD10R1M BGN Curncy,PX_LAST,BBG_BDP,2026-09-17T17:00:00-04:00
2026-09-17,XAUUSD,1M,RR25,0.9625,XAUUSD25R1M BGN Curncy,PX_LAST,BBG_BDP,2026-09-17T17:00:00-04:00
2026-09-17,XAUUSD,1W,ATM,22.3075,XAUUSDV1W BGN Curncy,PX_LAST,BBG_BDP,2026-09-17T17:00:00-04:00
2026-09-17,XAUUSD,1W,BF10,1.3775,XAUUSD10B1W BGN Curncy,PX_LAST,BBG_BDP,2026-09-17T17:00:00-04:00
2026-09-17,XAUUSD,1W,BF25,0.39,XAUUSD25B1W BGN Curncy,PX_LAST,BBG_BDP,2026-09-17T17:00:00-04:00
2026-09-17,XAUUSD,1W,RR10,1.2325,XAUUSD10R1W BGN Curncy,PX_LAST,BBG_BDP,2026-09-17T17:00:00-04:00
2026-09-17,XAUUSD,1W,RR25,0.67,XAUUSD25R1W BGN Curncy,PX_LAST,BBG_BDP,2026-09-17T17:00:00-04:00
2026-09-17,XAUUSD,1Y,ATM,22.8375,XAUUSDV1Y BGN Curncy,PX_LAST,BBG_BDP,2026-09-17T17:00:00-04:00
2026-09-17,XAUUSD,1Y,BF10,3.2325,XAUUSD10B1Y BGN Curncy,PX_LAST,BBG_BDP,2026-09-17T17:00:00-04:00
2026-09-17,XAUUSD,1Y,BF25,0.9275,XAUUSD25B1Y BGN Curncy,PX_LAST,BBG_BDP,2026-09-17T17:00:00-04:00
2026-09-17,XAUUSD,1Y,RR10,2.8525,XAUUSD10R1Y BGN Curncy,PX_LAST,BBG_BDP,2026-09-17T17:00:00-04:00
2026-09-17,XAUUSD,1Y,RR25,1.415,XAUUSD25R1Y BGN Curncy,PX_LAST,BBG_BDP,2026-09-17T17:00:00-04:00
2026-09-17,XAUUSD,2M,ATM,22.955,XAUUSDV2M BGN Curncy,PX_LAST,BBG_BDP,2026-09-17T17:00:00-04:00
2026-09-17,XAUUSD,2M,BF10,2.565,XAUUSD10B2M BGN Curncy,PX_LAST,BBG_BDP,2026-09-17T17:00:00-04:00
2026-09-17,XAUUSD,2M,BF25,0.695,XAUUSD25B2M BGN Curncy,PX_LAST,BBG_BDP,2026-09-17T17:00:00-04:00
2026-09-17,XAUUSD,2M,RR10,2.21,XAUUSD10R2M BGN Curncy,PX_LAST,BBG_BDP,2026-09-17T17:00:00-04:00
2026-09-17,XAUUSD,2M,RR25,1.18,XAUUSD25R2M BGN Curncy,PX_LAST,BBG_BDP,2026-09-17T17:00:00-04:00
2026-09-17,XAUUSD,2W,ATM,22.21,XAUUSDV2W BGN Curncy,PX_LAST,BBG_BDP,2026-09-17T17:00:00-04:00
2026-09-17,XAUUSD,2W,BF10,1.7025,XAUUSD10B2W BGN Curncy,PX_LAST,BBG_BDP,2026-09-17T17:00:00-04:00
2026-09-17,XAUUSD,2W,BF25,0.48,XAUUSD25B2W BGN Curncy,PX_LAST,BBG_BDP,2026-09-17T17:00:00-04:00
2026-09-17,XAUUSD,2W,RR10,1.475,XAUUSD10R2W BGN Curncy,PX_LAST,BBG_BDP,2026-09-17T17:00:00-04:00
2026-09-17,XAUUSD,2W,RR25,0.8075,XAUUSD25R2W BGN Curncy,PX_LAST,BBG_BDP,2026-09-17T17:00:00-04:00
2026-09-17,XAUUSD,3M,ATM,23.0925,XAUUSDV3M BGN Curncy,PX_LAST,BBG_BDP,2026-09-17T17:00:00-04:00
2026-09-17,XAUUSD,3M,BF10,2.7425,XAUUSD10B3M BGN Curncy,PX_LAST,BBG_BDP,2026-09-17T17:00:00-04:00
2026-09-17,XAUUSD,3M,BF25,0.75,XAUUSD25B3M BGN Curncy,PX_LAST,BBG_BDP,2026-09-17T17:00:00-04:00
2026-09-17,XAUUSD,3M,RR10,2.4325,XAUUSD10R3M BGN Curncy,PX_LAST,BBG_BDP,2026-09-17T17:00:00-04:00
2026-09-17,XAUUSD,3M,RR25,1.29,XAUUSD25R3M BGN Curncy,PX_LAST,BBG_BDP,2026-09-17T17:00:00-04:00
2026-09-17,XAUUSD,6M,ATM,22.83,XAUUSDV6M BGN Curncy,PX_LAST,BBG_BDP,2026-09-17T17:00:00-04:00
2026-09-17,XAUUSD,6M,BF10,2.935,XAUUSD10B6M BGN Curncy,PX_LAST,BBG_BDP,2026-09-17T17:00:00-04:00
2026-09-17,XAUUSD,6M,BF25,0.825,XAUUSD25B6M BGN Curncy,PX_LAST,BBG_BDP,2026-09-17T17:00:00-04:00
2026-09-17,XAUUSD,6M,RR10,2.605,XAUUSD10R6M BGN Curncy,PX_LAST,BBG_BDP,2026-09-17T17:00:00-04:00
2026-09-17,XAUUSD,6M,RR25,1.345,XAUUSD25R6M BGN Curncy,PX_LAST,BBG_BDP,2026-09-17T17:00:00-04:00
2026-09-17,XAUUSD,9M,ATM,22.8875,XAUUSDV9M BGN Curncy,PX_LAST,BBG_BDP,2026-09-17T17:00:00-04:00
2026-09-17,XAUUSD,9M,BF10,3.1175,XAUUSD10B9M BGN Curncy,PX_LAST,BBG_BDP,2026-09-17T17:00:00-04:00
2026-09-17,XAUUSD,9M,BF25,0.905,XAUUSD25B9M BGN Curncy,PX_LAST,BBG_BDP,2026-09-17T17:00:00-04:00
2026-09-17,XAUUSD,9M,RR10,2.6825,XAUUSD10R9M BGN Curncy,PX_LAST,BBG_BDP,2026-09-17T17:00:00-04:00
2026-09-17,XAUUSD,9M,RR25,1.3725,XAUUSD25R9M BGN Curncy,PX_LAST,BBG_BDP,2026-09-17T17:00:00-04:00
2026-09-17,XAUUSD,ON,ATM,19.2525,XAUUSDVON BGN Curncy,PX_LAST,BBG_BDP,2026-09-17T17:00:00-04:00
2026-09-17,XAUUSD,ON,BF10,1.1675,XAUUSD10BON BGN Curncy,PX_LAST,BBG_BDP,2026-09-17T17:00:00-04:00
2026-09-17,XAUUSD,ON,BF25,0.3275,XAUUSD25BON BGN Curncy,PX_LAST,BBG_BDP,2026-09-17T17:00:00-04:00
2026-09-17,XAUUSD,ON,RR10,0.9975,XAUUSD10RON BGN Curncy,PX_LAST,BBG_BDP,2026-09-17T17:00:00-04:00
2026-09-17,XAUUSD,ON,RR25,0.54,XAUUSD25RON BGN Curncy,PX_LAST,BBG_BDP,2026-09-17T17:00:00-04:00
2026-09-18,EURSEK,1M,ATM,5.265,EURSEKV1M BGN Curncy,PX_LAST,BBG_BDP,2026-09-18T17:00:00-04:00
2026-09-18,EURSEK,1M,BF10,0.365,EURSEK10B1M BGN Curncy,PX_LAST,BBG_BDP,2026-09-18T17:00:00-04:00
2026-09-18,EURSEK,1M,BF25,0.1125,EURSEK25B1M BGN Curncy,PX_LAST,BBG_BDP,2026-09-18T17:00:00-04:00
2026-09-18,EURSEK,1M,RR10,0.645,EURSEK10R1M BGN Curncy,PX_LAST,BBG_BDP,2026-09-18T17:00:00-04:00
2026-09-18,EURSEK,1M,RR25,0.3475,EURSEK25R1M BGN Curncy,PX_LAST,BBG_BDP,2026-09-18T17:00:00-04:00
2026-09-18,EURSEK,1W,ATM,5.4025,EURSEKV1W BGN Curncy,PX_LAST,BBG_BDP,2026-09-18T17:00:00-04:00
2026-09-18,EURSEK,1W,BF10,0.3175,EURSEK10B1W BGN Curncy,PX_LAST,BBG_BDP,2026-09-18T17:00:00-04:00
2026-09-18,EURSEK,1W,BF25,0.0975,EURSEK25B1W BGN Curncy,PX_LAST,BBG_BDP,2026-09-18T17:00:00-04:00
2026-09-18,EURSEK,1W,RR10,0.4325,EURSEK10R1W BGN Curncy,PX_LAST,BBG_BDP,2026-09-18T17:00:00-04:00
2026-09-18,EURSEK,1W,RR25,0.225,EURSEK25R1W BGN Curncy,PX_LAST,BBG_BDP,2026-09-18T17:00:00-04:00
2026-09-18,EURSEK,1Y,ATM,5.785,EURSEKV1Y BGN Curncy,PX_LAST,BBG_BDP,2026-09-18T17:00:00-04:00
2026-09-18,EURSEK,1Y,BF10,0.795,EURSEK10B1Y BGN Curncy,PX_LAST,BBG_BDP,2026-09-18T17:00:00-04:00
2026-09-18,EURSEK,1Y,BF25,0.245,EURSEK25B1Y BGN Curncy,PX_LAST,BBG_BDP,2026-09-18T17:00:00-04:00
2026-09-18,EURSEK,1Y,RR10,1.28,EURSEK10R1Y BGN Curncy,PX_LAST,BBG_BDP,2026-09-18T17:00:00-04:00
2026-09-18,EURSEK,1Y,RR25,0.66,EURSEK25R1Y BGN Curncy,PX_LAST,BBG_BDP,2026-09-18T17:00:00-04:00
2026-09-18,EURSEK,2M,ATM,5.4,EURSEKV2M BGN Curncy,PX_LAST,BBG_BDP,2026-09-18T17:00:00-04:00
2026-09-18,EURSEK,2M,BF10,0.41,EURSEK10B2M BGN Curncy,PX_LAST,BBG_BDP,2026-09-18T17:00:00-04:00
2026-09-18,EURSEK,2M,BF25,0.13,EURSEK25B2M BGN Curncy,PX_LAST,BBG_BDP,2026-09-18T17:00:00-04:00
2026-09-18,EURSEK,2M,RR10,0.765,EURSEK10R2M BGN Curncy,PX_LAST,BBG_BDP,2026-09-18T17:00:00-04:00
2026-09-18,EURSEK,2M,RR25,0.405,EURSEK25R2M BGN Curncy,PX_LAST,BBG_BDP,2026-09-18T17:00:00-04:00
2026-09-18,EURSEK,2W,ATM,5.3475,EURSEKV2W BGN Curncy,PX_LAST,BBG_BDP,2026-09-18T17:00:00-04:00
2026-09-18,EURSEK,2W,BF10,0.33,EURSEK10B2W BGN Curncy,PX_LAST,BBG_BDP,2026-09-18T17:00:00-04:00
2026-09-18,EURSEK,2W,BF25,0.1,EURSEK25B2W BGN Curncy,PX_LAST,BBG_BDP,2026-09-18T17:00:00-04:00
2026-09-18,EURSEK,2W,RR10,0.5025,EURSEK10R2W BGN Curncy,PX_LAST,BBG_BDP,2026-09-18T17:00:00-04:00
2026-09-18,EURSEK,2W,RR25,0.2675,EURSEK25R2W BGN Curncy,PX_LAST,BBG_BDP,2026-09-18T17:00:00-04:00
2026-09-18,EURSEK,3M,ATM,5.5,EURSEKV3M BGN Curncy,PX_LAST,BBG_BDP,2026-09-18T17:00:00-04:00
2026-09-18,EURSEK,3M,BF10,0.45,EURSEK10B3M BGN Curncy,PX_LAST,BBG_BDP,2026-09-18T17:00:00-04:00
2026-09-18,EURSEK,3M,BF25,0.14,EURSEK25B3M BGN Curncy,PX_LAST,BBG_BDP,2026-09-18T17:00:00-04:00
2026-09-18,EURSEK,3M,RR10,0.915,EURSEK10R3M BGN Curncy,PX_LAST,BBG_BDP,2026-09-18T17:00:00-04:00
2026-09-18,EURSEK,3M,RR25,0.485,EURSEK25R3M BGN Curncy,PX_LAST,BBG_BDP,2026-09-18T17:00:00-04:00
2026-09-18,EURSEK,6M,ATM,5.56,EURSEKV6M BGN Curncy,PX_LAST,BBG_BDP,2026-09-18T17:00:00-04:00
2026-09-18,EURSEK,6M,BF10,0.5625,EURSEK10B6M BGN Curncy,PX_LAST,BBG_BDP,2026-09-18T17:00:00-04:00
2026-09-18,EURSEK,6M,BF25,0.175,EURSEK25B6M BGN Curncy,PX_LAST,BBG_BDP,2026-09-18T17:00:00-04:00
2026-09-18,EURSEK,6M,RR10,1.055,EURSEK10R6M BGN Curncy,PX_LAST,BBG_BDP,2026-09-18T17:00:00-04:00
2026-09-18,EURSEK,6M,RR25,0.56,EURSEK25R6M BGN Curncy,PX_LAST,BBG_BDP,2026-09-18T17:00:00-04:00
2026-09-18,EURSEK,9M,ATM,5.7175,EURSEKV9M BGN Curncy,PX_LAST,BBG_BDP,2026-09-18T17:00:00-04:00
2026-09-18,EURSEK,9M,BF10,0.6825,EURSEK10B9M BGN Curncy,PX_LAST,BBG_BDP,2026-09-18T17:00:00-04:00
2026-09-18,EURSEK,9M,BF25,0.2075,EURSEK25B9M BGN Curncy,PX_LAST,BBG_BDP,2026-09-18T17:00:00-04:00
2026-09-18,EURSEK,9M,RR10,1.17,EURSEK10R9M BGN Curncy,PX_LAST,BBG_BDP,2026-09-18T17:00:00-04:00
2026-09-18,EURSEK,9M,RR25,0.6025,EURSEK25R9M BGN Curncy,PX_LAST,BBG_BDP,2026-09-18T17:00:00-04:00
2026-09-18,EURSEK,ON,ATM,3.885,EURSEKVON BGN Curncy,PX_LAST,BBG_BDP,2026-09-18T17:00:00-04:00
2026-09-18,EURSEK,ON,BF10,0.26,EURSEK10BON BGN Curncy,PX_LAST,BBG_BDP,2026-09-18T17:00:00-04:00
2026-09-18,EURSEK,ON,BF25,0.0775,EURSEK25BON BGN Curncy,PX_LAST,BBG_BDP,2026-09-18T17:00:00-04:00
2026-09-18,EURSEK,ON,RR10,0.295,EURSEK10RON BGN Curncy,PX_LAST,BBG_BDP,2026-09-18T17:00:00-04:00
2026-09-18,EURSEK,ON,RR25,0.1625,EURSEK25RON BGN Curncy,PX_LAST,BBG_BDP,2026-09-18T17:00:00-04:00
2026-09-18,EURUSD,1M,ATM,4.645,EURUSDV1M BGN Curncy,PX_LAST,BBG_BDP,2026-09-18T17:00:00-04:00
2026-09-18,EURUSD,1M,BF10,0.425,EURUSD10B1M BGN Curncy,PX_LAST,BBG_BDP,2026-09-18T17:00:00-04:00
2026-09-18,EURUSD,1M,BF25,0.1225,EURUSD25B1M BGN Curncy,PX_LAST,BBG_BDP,2026-09-18T17:00:00-04:00
2026-09-18,EURUSD,1M,RR10,-0.36,EURUSD10R1M BGN Curncy,PX_LAST,BBG_BDP,2026-09-18T17:00:00-04:00
2026-09-18,EURUSD,1M,RR25,-0.1925,EURUSD25R1M BGN Curncy,PX_LAST,BBG_BDP,2026-09-18T17:00:00-04:00
2026-09-18,EURUSD,1W,ATM,4.2775,EURUSDV1W BGN Curncy,PX_LAST,BBG_BDP,2026-09-18T17:00:00-04:00
2026-09-18,EURUSD,1W,BF10,0.3975,EURUSD10B1W BGN Curncy,PX_LAST,BBG_BDP,2026-09-18T17:00:00-04:00
2026-09-18,EURUSD,1W,BF25,0.1175,EURUSD25B1W BGN Curncy,PX_LAST,BBG_BDP,2026-09-18T17:00:00-04:00
2026-09-18,EURUSD,1W,RR10,-0.5675,EURUSD10R1W BGN Curncy,PX_LAST,BBG_BDP,2026-09-18T17:00:00-04:00
2026-09-18,EURUSD,1W,RR25,-0.3125,EURUSD25R1W BGN Curncy,PX_LAST,BBG_BDP,2026-09-18T17:00:00-04:00
2026-09-18,EURUSD,1Y,ATM,6.18,EURUSDV1Y BGN Curncy,PX_LAST,BBG_BDP,2026-09-18T17:00:00-04:00
2026-09-18,EURUSD,1Y,BF10,1.08,EURUSD10B1Y BGN Curncy,PX_LAST,BBG_BDP,2026-09-18T17:00:00-04:00
2026-09-18,EURUSD,1Y,BF25,0.2875,EURUSD25B1Y BGN Curncy,PX_LAST,BBG_BDP,2026-09-18T17:00:00-04:00
2026-09-18,EURUSD,1Y,RR10,-0.235,EURUSD10R1Y BGN Curncy,PX_LAST,BBG_BDP,2026-09-18T17:00:00-04:00
2026-09-18,EURUSD,1Y,RR25,-0.1275,EURUSD25R1Y BGN Curncy,PX_LAST,BBG_BDP,2026-09-18T17:00:00-04:00
2026-09-18,EURUSD,2M,ATM,5.12,EURUSDV2M BGN Curncy,PX_LAST,BBG_BDP,2026-09-18T17:00:00-04:00
2026-09-18,EURUSD,2M,BF10,0.505,EURUSD10B2M BGN Curncy,PX_LAST,BBG_BDP,2026-09-18T17:00:00-04:00
2026-09-18,EURUSD,2M,BF25,0.14,EURUSD25B2M BGN Curncy,PX_LAST,BBG_BDP,2026-09-18T17:00:00-04:00
2026-09-18,EURUSD,2M,RR10,-0.3025,EURUSD10R2M BGN Curncy,PX_LAST,BBG_BDP,2026-09-18T17:00:00-04:00
2026-09-18,EURUSD,2M,RR25,-0.16,EURUSD25R2M BGN Curncy,PX_LAST,BBG_BDP,2026-09-18T17:00:00-04:00
2026-09-18,EURUSD,2W,ATM,4.6775,EURUSDV2W BGN Curncy,PX_LAST,BBG_BDP,2026-09-18T17:00:00-04:00
2026-09-18,EURUSD,2W,BF10,0.405,EURUSD10B2W BGN Curncy,PX_LAST,BBG_BDP,2026-09-18T17:00:00-04:00
2026-09-18,EURUSD,2W,BF25,0.12,EURUSD25B2W BGN Curncy,PX_LAST,BBG_BDP,2026-09-18T17:00:00-04:00
2026-09-18,EURUSD,2W,RR10,-0.475,EURUSD10R2W BGN Curncy,PX_LAST,BBG_BDP,2026-09-18T17:00:00-04:00
2026-09-18,EURUSD,2W,RR25,-0.26,EURUSD25R2W BGN Curncy,PX_LAST,BBG_BDP,2026-09-18T17:00:00-04:00
2026-09-18,EURUSD,3M,ATM,5.325,EURUSDV3M BGN Curncy,PX_LAST,BBG_BDP,2026-09-18T17:00:00-04:00
2026-09-18,EURUSD,3M,BF10,0.575,EURUSD10B3M BGN Curncy,PX_LAST,BBG_BDP,2026-09-18T17:00:00-04:00
2026-09-18,EURUSD,3M,BF25,0.16,EURUSD25B3M BGN Curncy,PX_LAST,BBG_BDP,2026-09-18T17:00:00-04:00
2026-09-18,EURUSD,3M,RR10,-0.275,EURUSD10R3M BGN Curncy,PX_LAST,BBG_BDP,2026-09-18T17:00:00-04:00
2026-09-18,EURUSD,3M,RR25,-0.1475,EURUSD25R3M BGN Curncy,PX_LAST,BBG_BDP,2026-09-18T17:00:00-04:00
2026-09-18,EURUSD,6M,ATM,5.555,EURUSDV6M BGN Curncy,PX_LAST,BBG_BDP,2026-09-18T17:00:00-04:00
2026-09-18,EURUSD,6M,BF10,0.75,EURUSD10B6M BGN Curncy,PX_LAST,BBG_BDP,2026-09-18T17:00:00-04:00
2026-09-18,EURUSD,6M,BF25,0.1975,EURUSD25B6M BGN Curncy,PX_LAST,BBG_BDP,2026-09-18T17:00:00-04:00
2026-09-18,EURUSD,6M,RR10,-0.25,EURUSD10R6M BGN Curncy,PX_LAST,BBG_BDP,2026-09-18T17:00:00-04:00
2026-09-18,EURUSD,6M,RR25,-0.1375,EURUSD25R6M BGN Curncy,PX_LAST,BBG_BDP,2026-09-18T17:00:00-04:00
2026-09-18,EURUSD,9M,ATM,5.995,EURUSDV9M BGN Curncy,PX_LAST,BBG_BDP,2026-09-18T17:00:00-04:00
2026-09-18,EURUSD,9M,BF10,0.93,EURUSD10B9M BGN Curncy,PX_LAST,BBG_BDP,2026-09-18T17:00:00-04:00
2026-09-18,EURUSD,9M,BF25,0.2475,EURUSD25B9M BGN Curncy,PX_LAST,BBG_BDP,2026-09-18T17:00:00-04:00
2026-09-18,EURUSD,9M,RR10,-0.27,EURUSD10R9M BGN Curncy,PX_LAST,BBG_BDP,2026-09-18T17:00:00-04:00
2026-09-18,EURUSD,9M,RR25,-0.1475,EURUSD25R9M BGN Curncy,PX_LAST,BBG_BDP,2026-09-18T17:00:00-04:00
2026-09-18,EURUSD,ON,ATM,2.765,EURUSDVON BGN Curncy,PX_LAST,BBG_BDP,2026-09-18T17:00:00-04:00
2026-09-18,EURUSD,ON,BF10,0.3325,EURUSD10BON BGN Curncy,PX_LAST,BBG_BDP,2026-09-18T17:00:00-04:00
2026-09-18,EURUSD,ON,BF25,0.1075,EURUSD25BON BGN Curncy,PX_LAST,BBG_BDP,2026-09-18T17:00:00-04:00
2026-09-18,EURUSD,ON,RR10,-0.46,EURUSD10RON BGN Curncy,PX_LAST,BBG_BDP,2026-09-18T17:00:00-04:00
2026-09-18,EURUSD,ON,RR25,-0.26,EURUSD25RON BGN Curncy,PX_LAST,BBG_BDP,2026-09-18T17:00:00-04:00
2026-09-18,USDCHF,1M,ATM,6.06,USDCHFV1M BGN Curncy,PX_LAST,BBG_BDP,2026-09-18T17:00:00-04:00
2026-09-18,USDCHF,1M,BF10,0.465,USDCHF10B1M BGN Curncy,PX_LAST,BBG_BDP,2026-09-18T17:00:00-04:00
2026-09-18,USDCHF,1M,BF25,0.135,USDCHF25B1M BGN Curncy,PX_LAST,BBG_BDP,2026-09-18T17:00:00-04:00
2026-09-18,USDCHF,1M,RR10,-0.675,USDCHF10R1M BGN Curncy,PX_LAST,BBG_BDP,2026-09-18T17:00:00-04:00
2026-09-18,USDCHF,1M,RR25,-0.355,USDCHF25R1M BGN Curncy,PX_LAST,BBG_BDP,2026-09-18T17:00:00-04:00
2026-09-18,USDCHF,1W,ATM,6.04,USDCHFV1W BGN Curncy,PX_LAST,BBG_BDP,2026-09-18T17:00:00-04:00
2026-09-18,USDCHF,1W,BF10,0.4,USDCHF10B1W BGN Curncy,PX_LAST,BBG_BDP,2026-09-18T17:00:00-04:00
2026-09-18,USDCHF,1W,BF25,0.1175,USDCHF25B1W BGN Curncy,PX_LAST,BBG_BDP,2026-09-18T17:00:00-04:00
2026-09-18,USDCHF,1W,RR10,-0.38,USDCHF10R1W BGN Curncy,PX_LAST,BBG_BDP,2026-09-18T17:00:00-04:00
2026-09-18,USDCHF,1W,RR25,-0.2025,USDCHF25R1W BGN Curncy,PX_LAST,BBG_BDP,2026-09-18T17:00:00-04:00
2026-09-18,USDCHF,1Y,ATM,7.215,USDCHFV1Y BGN Curncy,PX_LAST,BBG_BDP,2026-09-18T17:00:00-04:00
2026-09-18,USDCHF,1Y,BF10,1.065,USDCHF10B1Y BGN Curncy,PX_LAST,BBG_BDP,2026-09-18T17:00:00-04:00
2026-09-18,USDCHF,1Y,BF25,0.29,USDCHF25B1Y BGN Curncy,PX_LAST,BBG_BDP,2026-09-18T17:00:00-04:00
2026-09-18,USDCHF,1Y,RR10,-1.235,USDCHF10R1Y BGN Curncy,PX_LAST,BBG_BDP,2026-09-18T17:00:00-04:00
2026-09-18,USDCHF,1Y,RR25,-0.67,USDCHF25R1Y BGN Curncy,PX_LAST,BBG_BDP,2026-09-18T17:00:00-04:00
2026-09-18,USDCHF,2M,ATM,6.425,USDCHFV2M BGN Curncy,PX_LAST,BBG_BDP,2026-09-18T17:00:00-04:00
2026-09-18,USDCHF,2M,BF10,0.54,USDCHF10B2M BGN Curncy,PX_LAST,BBG_BDP,2026-09-18T17:00:00-04:00
2026-09-18,USDCHF,2M,BF25,0.1525,USDCHF25B2M BGN Curncy,PX_LAST,BBG_BDP,2026-09-18T17:00:00-04:00
2026-09-18,USDCHF,2M,RR10,-0.83,USDCHF10R2M BGN Curncy,PX_LAST,BBG_BDP,2026-09-18T17:00:00-04:00
2026-09-18,USDCHF,2M,RR25,-0.4375,USDCHF25R2M BGN Curncy,PX_LAST,BBG_BDP,2026-09-18T17:00:00-04:00
2026-09-18,USDCHF,2W,ATM,6.24,USDCHFV2W BGN Curncy,PX_LAST,BBG_BDP,2026-09-18T17:00:00-04:00
2026-09-18,USDCHF,2W,BF10,0.43,USDCHF10B2W BGN Curncy,PX_LAST,BBG_BDP,2026-09-18T17:00:00-04:00
2026-09-18,USDCHF,2W,BF25,0.1275,USDCHF25B2W BGN Curncy,PX_LAST,BBG_BDP,2026-09-18T17:00:00-04:00
2026-09-18,USDCHF,2W,RR10,-0.57,USDCHF10R2W BGN Curncy,PX_LAST,BBG_BDP,2026-09-18T17:00:00-04:00
2026-09-18,USDCHF,2W,RR25,-0.2975,USDCHF25R2W BGN Curncy,PX_LAST,BBG_BDP,2026-09-18T17:00:00-04:00
2026-09-18,USDCHF,3M,ATM,6.6,USDCHFV3M BGN Curncy,PX_LAST,BBG_BDP,2026-09-18T17:00:00-04:00
2026-09-18,USDCHF,3M,BF10,0.62,USDCHF10B3M BGN Curncy,PX_LAST,BBG_BDP,2026-09-18T17:00:00-04:00
2026-09-18,USDCHF,3M,BF25,0.1675,USDCHF25B3M BGN Curncy,PX_LAST,BBG_BDP,2026-09-18T17:00:00-04:00
2026-09-18,USDCHF,3M,RR10,-0.955,USDCHF10R3M BGN Curncy,PX_LAST,BBG_BDP,2026-09-18T17:00:00-04:00
2026-09-18,USDCHF,3M,RR25,-0.4975,USDCHF25R3M BGN Curncy,PX_LAST,BBG_BDP,2026-09-18T17:00:00-04:00
2026-09-18,USDCHF,6M,ATM,6.78,USDCHFV6M BGN Curncy,PX_LAST,BBG_BDP,2026-09-18T17:00:00-04:00
2026-09-18,USDCHF,6M,BF10,0.785,USDCHF10B6M BGN Curncy,PX_LAST,BBG_BDP,2026-09-18T17:00:00-04:00
2026-09-18,USDCHF,6M,BF25,0.2075,USDCHF25B6M BGN Curncy,PX_LAST,BBG_BDP,2026-09-18T17:00:00-04:00
2026-09-18,USDCHF,6M,RR10,-1.07,USDCHF10R6M BGN Curncy,PX_LAST,BBG_BDP,2026-09-18T17:00:00-04:00
2026-09-18,USDCHF,6M,RR25,-0.5575,USDCHF25R6M BGN Curncy,PX_LAST,BBG_BDP,2026-09-18T17:00:00-04:00
2026-09-18,USDCHF,9M,ATM,7.025,USDCHFV9M BGN Curncy,PX_LAST,BBG_BDP,2026-09-18T17:00:00-04:00
2026-09-18,USDCHF,9M,BF10,0.935,USDCHF10B9M BGN Curncy,PX_LAST,BBG_BDP,2026-09-18T17:00:00-04:00
2026-09-18,USDCHF,9M,BF25,0.2425,USDCHF25B9M BGN Curncy,PX_LAST,BBG_BDP,2026-09-18T17:00:00-04:00
2026-09-18,USDCHF,9M,RR10,-1.145,USDCHF10R9M BGN Curncy,PX_LAST,BBG_BDP,2026-09-18T17:00:00-04:00
2026-09-18,USDCHF,9M,RR25,-0.5975,USDCHF25R9M BGN Curncy,PX_LAST,BBG_BDP,2026-09-18T17:00:00-04:00
2026-09-18,USDCHF,ON,ATM,4.17,USDCHFVON BGN Curncy,PX_LAST,BBG_BDP,2026-09-18T17:00:00-04:00
2026-09-18,USDCHF,ON,BF10,0.35,USDCHF10BON BGN Curncy,PX_LAST,BBG_BDP,2026-09-18T17:00:00-04:00
2026-09-18,USDCHF,ON,BF25,0.105,USDCHF25BON BGN Curncy,PX_LAST,BBG_BDP,2026-09-18T17:00:00-04:00
2026-09-18,USDCHF,ON,RR10,-0.24,USDCHF10RON BGN Curncy,PX_LAST,BBG_BDP,2026-09-18T17:00:00-04:00
2026-09-18,USDCHF,ON,RR25,-0.135,USDCHF25RON BGN Curncy,PX_LAST,BBG_BDP,2026-09-18T17:00:00-04:00
2026-09-18,USDJPY,1M,ATM,8.545,USDJPYV1M BGN Curncy,PX_LAST,BBG_BDP,2026-09-18T17:00:00-04:00
2026-09-18,USDJPY,1M,BF10,0.7375,USDJPY10B1M BGN Curncy,PX_LAST,BBG_BDP,2026-09-18T17:00:00-04:00
2026-09-18,USDJPY,1M,BF25,0.2225,USDJPY25B1M BGN Curncy,PX_LAST,BBG_BDP,2026-09-18T17:00:00-04:00
2026-09-18,USDJPY,1M,RR10,-3.8075,USDJPY10R1M BGN Curncy,PX_LAST,BBG_BDP,2026-09-18T17:00:00-04:00
2026-09-18,USDJPY,1M,RR25,-2.0125,USDJPY25R1M BGN Curncy,PX_LAST,BBG_BDP,2026-09-18T17:00:00-04:00
2026-09-18,USDJPY,1W,ATM,9.215,USDJPYV1W BGN Curncy,PX_LAST,BBG_BDP,2026-09-18T17:00:00-04:00
2026-09-18,USDJPY,1W,BF10,0.7825,USDJPY10B1W BGN Curncy,PX_LAST,BBG_BDP,2026-09-18T17:00:00-04:00
2026-09-18,USDJPY,1W,BF25,0.235,USDJPY25B1W BGN Curncy,PX_LAST,BBG_BDP,2026-09-18T17:00:00-04:00
2026-09-18,USDJPY,1W,RR10,-4.17,USDJPY10R1W BGN Curncy,PX_LAST,BBG_BDP,2026-09-18T17:00:00-04:00
2026-09-18,USDJPY,1W,RR25,-2.185,USDJPY25R1W BGN Curncy,PX_LAST,BBG_BDP,2026-09-18T17:00:00-04:00
2026-09-18,USDJPY,1Y,ATM,8.59,USDJPYV1Y BGN Curncy,PX_LAST,BBG_BDP,2026-09-18T17:00:00-04:00
2026-09-18,USDJPY,1Y,BF10,1.2425,USDJPY10B1Y BGN Curncy,PX_LAST,BBG_BDP,2026-09-18T17:00:00-04:00
2026-09-18,USDJPY,1Y,BF25,0.36,USDJPY25B1Y BGN Curncy,PX_LAST,BBG_BDP,2026-09-18T17:00:00-04:00
2026-09-18,USDJPY,1Y,RR10,-1.115,USDJPY10R1Y BGN Curncy,PX_LAST,BBG_BDP,2026-09-18T17:00:00-04:00
2026-09-18,USDJPY,1Y,RR25,-0.59,USDJPY25R1Y BGN Curncy,PX_LAST,BBG_BDP,2026-09-18T17:00:00-04:00
2026-09-18,USDJPY,2M,ATM,8.64,USDJPYV2M BGN Curncy,PX_LAST,BBG_BDP,2026-09-18T17:00:00-04:00
2026-09-18,USDJPY,2M,BF10,0.775,USDJPY10B2M BGN Curncy,PX_LAST,BBG_BDP,2026-09-18T17:00:00-04:00
2026-09-18,USDJPY,2M,BF25,0.24,USDJPY25B2M BGN Curncy,PX_LAST,BBG_BDP,2026-09-18T17:00:00-04:00
2026-09-18,USDJPY,2M,RR10,-3.485,USDJPY10R2M BGN Curncy,PX_LAST,BBG_BDP,2026-09-18T17:00:00-04:00
2026-09-18,USDJPY,2M,RR25,-1.875,USDJPY25R2M BGN Curncy,PX_LAST,BBG_BDP,2026-09-18T17:00:00-04:00
2026-09-18,USDJPY,2W,ATM,9.1725,USDJPYV2W BGN Curncy,PX_LAST,BBG_BDP,2026-09-18T17:00:00-04:00
2026-09-18,USDJPY,2W,BF10,0.7825,USDJPY10B2W BGN Curncy,PX_LAST,BBG_BDP,2026-09-18T17:00:00-04:00
2026-09-18,USDJPY,2W,BF25,0.2425,USDJPY25B2W BGN Curncy,PX_LAST,BBG_BDP,2026-09-18T17:00:00-04:00
2026-09-18,USDJPY,2W,RR10,-4.1825,USDJPY10R2W BGN Curncy,PX_LAST,BBG_BDP,2026-09-18T17:00:00-04:00
2026-09-18,USDJPY,2W,RR25,-2.1725,USDJPY25R2W BGN Curncy,PX_LAST,BBG_BDP,2026-09-18T17:00:00-04:00
2026-09-18,USDJPY,3M,ATM,8.6775,USDJPYV3M BGN Curncy,PX_LAST,BBG_BDP,2026-09-18T17:00:00-04:00
2026-09-18,USDJPY,3M,BF10,0.835,USDJPY10B3M BGN Curncy,PX_LAST,BBG_BDP,2026-09-18T17:00:00-04:00
2026-09-18,USDJPY,3M,BF25,0.2675,USDJPY25B3M BGN Curncy,PX_LAST,BBG_BDP,2026-09-18T17:00:00-04:00
2026-09-18,USDJPY,3M,RR10,-3.21,USDJPY10R3M BGN Curncy,PX_LAST,BBG_BDP,2026-09-18T17:00:00-04:00
2026-09-18,USDJPY,3M,RR25,-1.7875,USDJPY25R3M BGN Curncy,PX_LAST,BBG_BDP,2026-09-18T17:00:00-04:00
2026-09-18,USDJPY,6M,ATM,8.5575,USDJPYV6M BGN Curncy,PX_LAST,BBG_BDP,2026-09-18T17:00:00-04:00
2026-09-18,USDJPY,6M,BF10,0.985,USDJPY10B6M BGN Curncy,PX_LAST,BBG_BDP,2026-09-18T17:00:00-04:00
2026-09-18,USDJPY,6M,BF25,0.285,USDJPY25B6M BGN Curncy,PX_LAST,BBG_BDP,2026-09-18T17:00:00-04:00
2026-09-18,USDJPY,6M,RR10,-2.345,USDJPY10R6M BGN Curncy,PX_LAST,BBG_BDP,2026-09-18T17:00:00-04:00
2026-09-18,USDJPY,6M,RR25,-1.2675,USDJPY25R6M BGN Curncy,PX_LAST,BBG_BDP,2026-09-18T17:00:00-04:00
2026-09-18,USDJPY,9M,ATM,8.5825,USDJPYV9M BGN Curncy,PX_LAST,BBG_BDP,2026-09-18T17:00:00-04:00
2026-09-18,USDJPY,9M,BF10,1.1,USDJPY10B9M BGN Curncy,PX_LAST,BBG_BDP,2026-09-18T17:00:00-04:00
2026-09-18,USDJPY,9M,BF25,0.305,USDJPY25B9M BGN Curncy,PX_LAST,BBG_BDP,2026-09-18T17:00:00-04:00
2026-09-18,USDJPY,9M,RR10,-1.6575,USDJPY10R9M BGN Curncy,PX_LAST,BBG_BDP,2026-09-18T17:00:00-04:00
2026-09-18,USDJPY,9M,RR25,-0.875,USDJPY25R9M BGN Curncy,PX_LAST,BBG_BDP,2026-09-18T17:00:00-04:00
2026-09-18,USDJPY,ON,ATM,7.555,USDJPYVON BGN Curncy,PX_LAST,BBG_BDP,2026-09-18T17:00:00-04:00
2026-09-18,USDJPY,ON,BF10,0.685,USDJPY10BON BGN Curncy,PX_LAST,BBG_BDP,2026-09-18T17:00:00-04:00
2026-09-18,USDJPY,ON,BF25,0.245,USDJPY25BON BGN Curncy,PX_LAST,BBG_BDP,2026-09-18T17:00:00-04:00
2026-09-18,USDJPY,ON,RR10,-3.665,USDJPY10RON BGN Curncy,PX_LAST,BBG_BDP,2026-09-18T17:00:00-04:00
2026-09-18,USDJPY,ON,RR25,-1.995,USDJPY25RON BGN Curncy,PX_LAST,BBG_BDP,2026-09-18T17:00:00-04:00
2026-09-18,USDZAR,1M,ATM,10.255,USDZARV1M BGN Curncy,PX_LAST,BBG_BDP,2026-09-18T17:00:00-04:00
2026-09-18,USDZAR,1M,BF10,1.025,USDZAR10B1M BGN Curncy,PX_LAST,BBG_BDP,2026-09-18T17:00:00-04:00
2026-09-18,USDZAR,1M,BF25,0.315,USDZAR25B1M BGN Curncy,PX_LAST,BBG_BDP,2026-09-18T17:00:00-04:00
2026-09-18,USDZAR,1M,RR10,4.205,USDZAR10R1M BGN Curncy,PX_LAST,BBG_BDP,2026-09-18T17:00:00-04:00
2026-09-18,USDZAR,1M,RR25,2.165,USDZAR25R1M BGN Curncy,PX_LAST,BBG_BDP,2026-09-18T17:00:00-04:00
2026-09-18,USDZAR,1W,ATM,10.21,USDZARV1W BGN Curncy,PX_LAST,BBG_BDP,2026-09-18T17:00:00-04:00
2026-09-18,USDZAR,1W,BF10,0.9575,USDZAR10B1W BGN Curncy,PX_LAST,BBG_BDP,2026-09-18T17:00:00-04:00
2026-09-18,USDZAR,1W,BF25,0.3,USDZAR25B1W BGN Curncy,PX_LAST,BBG_BDP,2026-09-18T17:00:00-04:00
2026-09-18,USDZAR,1W,RR10,3.8225,USDZAR10R1W BGN Curncy,PX_LAST,BBG_BDP,2026-09-18T17:00:00-04:00
2026-09-18,USDZAR,1W,RR25,2.0325,USDZAR25R1W BGN Curncy,PX_LAST,BBG_BDP,2026-09-18T17:00:00-04:00
2026-09-18,USDZAR,1Y,ATM,11.96,USDZARV1Y BGN Curncy,PX_LAST,BBG_BDP,2026-09-18T17:00:00-04:00
2026-09-18,USDZAR,1Y,BF10,1.04,USDZAR10B1Y BGN Curncy,PX_LAST,BBG_BDP,2026-09-18T17:00:00-04:00
2026-09-18,USDZAR,1Y,BF25,0.32,USDZAR25B1Y BGN Curncy,PX_LAST,BBG_BDP,2026-09-18T17:00:00-04:00
2026-09-18,USDZAR,1Y,RR10,3.88,USDZAR10R1Y BGN Curncy,PX_LAST,BBG_BDP,2026-09-18T17:00:00-04:00
2026-09-18,USDZAR,1Y,RR25,1.92,USDZAR25R1Y BGN Curncy,PX_LAST,BBG_BDP,2026-09-18T17:00:00-04:00
2026-09-18,USDZAR,2M,ATM,10.715,USDZARV2M BGN Curncy,PX_LAST,BBG_BDP,2026-09-18T17:00:00-04:00
2026-09-18,USDZAR,2M,BF10,1.0125,USDZAR10B2M BGN Curncy,PX_LAST,BBG_BDP,2026-09-18T17:00:00-04:00
2026-09-18,USDZAR,2M,BF25,0.3075,USDZAR25B2M BGN Curncy,PX_LAST,BBG_BDP,2026-09-18T17:00:00-04:00
2026-09-18,USDZAR,2M,RR10,4.1675,USDZAR10R2M BGN Curncy,PX_LAST,BBG_BDP,2026-09-18T17:00:00-04:00
2026-09-18,USDZAR,2M,RR25,2.1325,USDZAR25R2M BGN Curncy,PX_LAST,BBG_BDP,2026-09-18T17:00:00-04:00
2026-09-18,USDZAR,2W,ATM,10.44,USDZARV2W BGN Curncy,PX_LAST,BBG_BDP,2026-09-18T17:00:00-04:00
2026-09-18,USDZAR,2W,BF10,0.975,USDZAR10B2W BGN Curncy,PX_LAST,BBG_BDP,2026-09-18T17:00:00-04:00
2026-09-18,USDZAR,2W,BF25,0.305,USDZAR25B2W BGN Curncy,PX_LAST,BBG_BDP,2026-09-18T17:00:00-04:00
2026-09-18,USDZAR,2W,RR10,3.95,USDZAR10R2W BGN Curncy,PX_LAST,BBG_BDP,2026-09-18T17:00:00-04:00
2026-09-18,USDZAR,2W,RR25,2.115,USDZAR25R2W BGN Curncy,PX_LAST,BBG_BDP,2026-09-18T17:00:00-04:00
2026-09-18,USDZAR,3M,ATM,10.915,USDZARV3M BGN Curncy,PX_LAST,BBG_BDP,2026-09-18T17:00:00-04:00
2026-09-18,USDZAR,3M,BF10,1.01,USDZAR10B3M BGN Curncy,PX_LAST,BBG_BDP,2026-09-18T17:00:00-04:00
2026-09-18,USDZAR,3M,BF25,0.3075,USDZAR25B3M BGN Curncy,PX_LAST,BBG_BDP,2026-09-18T17:00:00-04:00
2026-09-18,USDZAR,3M,RR10,4.1425,USDZAR10R3M BGN Curncy,PX_LAST,BBG_BDP,2026-09-18T17:00:00-04:00
2026-09-18,USDZAR,3M,RR25,2.1,USDZAR25R3M BGN Curncy,PX_LAST,BBG_BDP,2026-09-18T17:00:00-04:00
2026-09-18,USDZAR,6M,ATM,11.2,USDZARV6M BGN Curncy,PX_LAST,BBG_BDP,2026-09-18T17:00:00-04:00
2026-09-18,USDZAR,6M,BF10,0.975,USDZAR10B6M BGN Curncy,PX_LAST,BBG_BDP,2026-09-18T17:00:00-04:00
2026-09-18,USDZAR,6M,BF25,0.295,USDZAR25B6M BGN Curncy,PX_LAST,BBG_BDP,2026-09-18T17:00:00-04:00
2026-09-18,USDZAR,6M,RR10,4.005,USDZAR10R6M BGN Curncy,PX_LAST,BBG_BDP,2026-09-18T17:00:00-04:00
2026-09-18,USDZAR,6M,RR25,1.995,USDZAR25R6M BGN Curncy,PX_LAST,BBG_BDP,2026-09-18T17:00:00-04:00
2026-09-18,USDZAR,9M,ATM,11.63,USDZARV9M BGN Curncy,PX_LAST,BBG_BDP,2026-09-18T17:00:00-04:00
2026-09-18,USDZAR,9M,BF10,0.99,USDZAR10B9M BGN Curncy,PX_LAST,BBG_BDP,2026-09-18T17:00:00-04:00
2026-09-18,USDZAR,9M,BF25,0.3025,USDZAR25B9M BGN Curncy,PX_LAST,BBG_BDP,2026-09-18T17:00:00-04:00
2026-09-18,USDZAR,9M,RR10,3.9075,USDZAR10R9M BGN Curncy,PX_LAST,BBG_BDP,2026-09-18T17:00:00-04:00
2026-09-18,USDZAR,9M,RR25,1.9325,USDZAR25R9M BGN Curncy,PX_LAST,BBG_BDP,2026-09-18T17:00:00-04:00
2026-09-18,USDZAR,ON,ATM,8.3975,USDZARVON BGN Curncy,PX_LAST,BBG_BDP,2026-09-18T17:00:00-04:00
2026-09-18,USDZAR,ON,BF10,0.82,USDZAR10BON BGN Curncy,PX_LAST,BBG_BDP,2026-09-18T17:00:00-04:00
2026-09-18,USDZAR,ON,BF25,0.255,USDZAR25BON BGN Curncy,PX_LAST,BBG_BDP,2026-09-18T17:00:00-04:00
2026-09-18,USDZAR,ON,RR10,3.0625,USDZAR10RON BGN Curncy,PX_LAST,BBG_BDP,2026-09-18T17:00:00-04:00
2026-09-18,USDZAR,ON,RR25,1.6425,USDZAR25RON BGN Curncy,PX_LAST,BBG_BDP,2026-09-18T17:00:00-04:00
2026-09-18,XAUUSD,1M,ATM,20.94,XAUUSDV1M BGN Curncy,PX_LAST,BBG_BDP,2026-09-18T17:00:00-04:00
2026-09-18,XAUUSD,1M,BF10,2.165,XAUUSD10B1M BGN Curncy,PX_LAST,BBG_BDP,2026-09-18T17:00:00-04:00
2026-09-18,XAUUSD,1M,BF25,0.58,XAUUSD25B1M BGN Curncy,PX_LAST,BBG_BDP,2026-09-18T17:00:00-04:00
2026-09-18,XAUUSD,1M,RR10,1.295,XAUUSD10R1M BGN Curncy,PX_LAST,BBG_BDP,2026-09-18T17:00:00-04:00
2026-09-18,XAUUSD,1M,RR25,0.71,XAUUSD25R1M BGN Curncy,PX_LAST,BBG_BDP,2026-09-18T17:00:00-04:00
2026-09-18,XAUUSD,1W,ATM,19.7375,XAUUSDV1W BGN Curncy,PX_LAST,BBG_BDP,2026-09-18T17:00:00-04:00
2026-09-18,XAUUSD,1W,BF10,1.5125,XAUUSD10B1W BGN Curncy,PX_LAST,BBG_BDP,2026-09-18T17:00:00-04:00
2026-09-18,XAUUSD,1W,BF25,0.425,XAUUSD25B1W BGN Curncy,PX_LAST,BBG_BDP,2026-09-18T17:00:00-04:00
2026-09-18,XAUUSD,1W,RR10,0.6125,XAUUSD10R1W BGN Curncy,PX_LAST,BBG_BDP,2026-09-18T17:00:00-04:00
2026-09-18,XAUUSD,1W,RR25,0.3125,XAUUSD25R1W BGN Curncy,PX_LAST,BBG_BDP,2026-09-18T17:00:00-04:00
2026-09-18,XAUUSD,1Y,ATM,22.12,XAUUSDV1Y BGN Curncy,PX_LAST,BBG_BDP,2026-09-18T17:00:00-04:00
2026-09-18,XAUUSD,1Y,BF10,3.255,XAUUSD10B1Y BGN Curncy,PX_LAST,BBG_BDP,2026-09-18T17:00:00-04:00
2026-09-18,XAUUSD,1Y,BF25,0.955,XAUUSD25B1Y BGN Curncy,PX_LAST,BBG_BDP,2026-09-18T17:00:00-04:00
2026-09-18,XAUUSD,1Y,RR10,2.97,XAUUSD10R1Y BGN Curncy,PX_LAST,BBG_BDP,2026-09-18T17:00:00-04:00
2026-09-18,XAUUSD,1Y,RR25,1.52,XAUUSD25R1Y BGN Curncy,PX_LAST,BBG_BDP,2026-09-18T17:00:00-04:00
2026-09-18,XAUUSD,2M,ATM,21.89,XAUUSDV2M BGN Curncy,PX_LAST,BBG_BDP,2026-09-18T17:00:00-04:00
2026-09-18,XAUUSD,2M,BF10,2.55,XAUUSD10B2M BGN Curncy,PX_LAST,BBG_BDP,2026-09-18T17:00:00-04:00
2026-09-18,XAUUSD,2M,BF25,0.695,XAUUSD25B2M BGN Curncy,PX_LAST,BBG_BDP,2026-09-18T17:00:00-04:00
2026-09-18,XAUUSD,2M,RR10,1.755,XAUUSD10R2M BGN Curncy,PX_LAST,BBG_BDP,2026-09-18T17:00:00-04:00
2026-09-18,XAUUSD,2M,RR25,0.97,XAUUSD25R2M BGN Curncy,PX_LAST,BBG_BDP,2026-09-18T17:00:00-04:00
2026-09-18,XAUUSD,2W,ATM,20.6325,XAUUSDV2W BGN Curncy,PX_LAST,BBG_BDP,2026-09-18T17:00:00-04:00
2026-09-18,XAUUSD,2W,BF10,1.7325,XAUUSD10B2W BGN Curncy,PX_LAST,BBG_BDP,2026-09-18T17:00:00-04:00
2026-09-18,XAUUSD,2W,BF25,0.4925,XAUUSD25B2W BGN Curncy,PX_LAST,BBG_BDP,2026-09-18T17:00:00-04:00
2026-09-18,XAUUSD,2W,RR10,0.87,XAUUSD10R2W BGN Curncy,PX_LAST,BBG_BDP,2026-09-18T17:00:00-04:00
2026-09-18,XAUUSD,2W,RR25,0.4725,XAUUSD25R2W BGN Curncy,PX_LAST,BBG_BDP,2026-09-18T17:00:00-04:00
2026-09-18,XAUUSD,3M,ATM,22.07,XAUUSDV3M BGN Curncy,PX_LAST,BBG_BDP,2026-09-18T17:00:00-04:00
2026-09-18,XAUUSD,3M,BF10,2.685,XAUUSD10B3M BGN Curncy,PX_LAST,BBG_BDP,2026-09-18T17:00:00-04:00
2026-09-18,XAUUSD,3M,BF25,0.74,XAUUSD25B3M BGN Curncy,PX_LAST,BBG_BDP,2026-09-18T17:00:00-04:00
2026-09-18,XAUUSD,3M,RR10,2.06,XAUUSD10R3M BGN Curncy,PX_LAST,BBG_BDP,2026-09-18T17:00:00-04:00
2026-09-18,XAUUSD,3M,RR25,1.115,XAUUSD25R3M BGN Curncy,PX_LAST,BBG_BDP,2026-09-18T17:00:00-04:00
2026-09-18,XAUUSD,6M,ATM,21.975,XAUUSDV6M BGN Curncy,PX_LAST,BBG_BDP,2026-09-18T17:00:00-04:00
2026-09-18,XAUUSD,6M,BF10,2.945,XAUUSD10B6M BGN Curncy,PX_LAST,BBG_BDP,2026-09-18T17:00:00-04:00
2026-09-18,XAUUSD,6M,BF25,0.83,XAUUSD25B6M BGN Curncy,PX_LAST,BBG_BDP,2026-09-18T17:00:00-04:00
2026-09-18,XAUUSD,6M,RR10,2.465,XAUUSD10R6M BGN Curncy,PX_LAST,BBG_BDP,2026-09-18T17:00:00-04:00
2026-09-18,XAUUSD,6M,RR25,1.31,XAUUSD25R6M BGN Curncy,PX_LAST,BBG_BDP,2026-09-18T17:00:00-04:00
2026-09-18,XAUUSD,9M,ATM,22.0425,XAUUSDV9M BGN Curncy,PX_LAST,BBG_BDP,2026-09-18T17:00:00-04:00
2026-09-18,XAUUSD,9M,BF10,3.1425,XAUUSD10B9M BGN Curncy,PX_LAST,BBG_BDP,2026-09-18T17:00:00-04:00
2026-09-18,XAUUSD,9M,BF25,0.9225,XAUUSD25B9M BGN Curncy,PX_LAST,BBG_BDP,2026-09-18T17:00:00-04:00
2026-09-18,XAUUSD,9M,RR10,2.69,XAUUSD10R9M BGN Curncy,PX_LAST,BBG_BDP,2026-09-18T17:00:00-04:00
2026-09-18,XAUUSD,9M,RR25,1.435,XAUUSD25R9M BGN Curncy,PX_LAST,BBG_BDP,2026-09-18T17:00:00-04:00
2026-09-18,XAUUSD,ON,ATM,12.33,XAUUSDVON BGN Curncy,PX_LAST,BBG_BDP,2026-09-18T17:00:00-04:00
2026-09-18,XAUUSD,ON,BF10,0.8825,XAUUSD10BON BGN Curncy,PX_LAST,BBG_BDP,2026-09-18T17:00:00-04:00
2026-09-18,XAUUSD,ON,BF25,0.245,XAUUSD25BON BGN Curncy,PX_LAST,BBG_BDP,2026-09-18T17:00:00-04:00
2026-09-18,XAUUSD,ON,RR10,0.5575,XAUUSD10RON BGN Curncy,PX_LAST,BBG_BDP,2026-09-18T17:00:00-04:00
2026-09-18,XAUUSD,ON,RR25,0.2825,XAUUSD25RON BGN Curncy,PX_LAST,BBG_BDP,2026-09-18T17:00:00-04:00
2026-09-19,EURSEK,1M,ATM,5.265,EURSEKV1M BGN Curncy,PX_LAST,BBG_BDP,2026-09-19T17:00:00-04:00
2026-09-19,EURSEK,1M,BF10,0.365,EURSEK10B1M BGN Curncy,PX_LAST,BBG_BDP,2026-09-19T17:00:00-04:00
2026-09-19,EURSEK,1M,BF25,0.1125,EURSEK25B1M BGN Curncy,PX_LAST,BBG_BDP,2026-09-19T17:00:00-04:00
2026-09-19,EURSEK,1M,RR10,0.645,EURSEK10R1M BGN Curncy,PX_LAST,BBG_BDP,2026-09-19T17:00:00-04:00
2026-09-19,EURSEK,1M,RR25,0.3475,EURSEK25R1M BGN Curncy,PX_LAST,BBG_BDP,2026-09-19T17:00:00-04:00
2026-09-19,EURSEK,1W,ATM,5.4025,EURSEKV1W BGN Curncy,PX_LAST,BBG_BDP,2026-09-19T17:00:00-04:00
2026-09-19,EURSEK,1W,BF10,0.3175,EURSEK10B1W BGN Curncy,PX_LAST,BBG_BDP,2026-09-19T17:00:00-04:00
2026-09-19,EURSEK,1W,BF25,0.0975,EURSEK25B1W BGN Curncy,PX_LAST,BBG_BDP,2026-09-19T17:00:00-04:00
2026-09-19,EURSEK,1W,RR10,0.4325,EURSEK10R1W BGN Curncy,PX_LAST,BBG_BDP,2026-09-19T17:00:00-04:00
2026-09-19,EURSEK,1W,RR25,0.225,EURSEK25R1W BGN Curncy,PX_LAST,BBG_BDP,2026-09-19T17:00:00-04:00
2026-09-19,EURSEK,1Y,ATM,5.785,EURSEKV1Y BGN Curncy,PX_LAST,BBG_BDP,2026-09-19T17:00:00-04:00
2026-09-19,EURSEK,1Y,BF10,0.795,EURSEK10B1Y BGN Curncy,PX_LAST,BBG_BDP,2026-09-19T17:00:00-04:00
2026-09-19,EURSEK,1Y,BF25,0.245,EURSEK25B1Y BGN Curncy,PX_LAST,BBG_BDP,2026-09-19T17:00:00-04:00
2026-09-19,EURSEK,1Y,RR10,1.28,EURSEK10R1Y BGN Curncy,PX_LAST,BBG_BDP,2026-09-19T17:00:00-04:00
2026-09-19,EURSEK,1Y,RR25,0.66,EURSEK25R1Y BGN Curncy,PX_LAST,BBG_BDP,2026-09-19T17:00:00-04:00
2026-09-19,EURSEK,2M,ATM,5.4,EURSEKV2M BGN Curncy,PX_LAST,BBG_BDP,2026-09-19T17:00:00-04:00
2026-09-19,EURSEK,2M,BF10,0.41,EURSEK10B2M BGN Curncy,PX_LAST,BBG_BDP,2026-09-19T17:00:00-04:00
2026-09-19,EURSEK,2M,BF25,0.13,EURSEK25B2M BGN Curncy,PX_LAST,BBG_BDP,2026-09-19T17:00:00-04:00
2026-09-19,EURSEK,2M,RR10,0.765,EURSEK10R2M BGN Curncy,PX_LAST,BBG_BDP,2026-09-19T17:00:00-04:00
2026-09-19,EURSEK,2M,RR25,0.405,EURSEK25R2M BGN Curncy,PX_LAST,BBG_BDP,2026-09-19T17:00:00-04:00
2026-09-19,EURSEK,2W,ATM,5.3475,EURSEKV2W BGN Curncy,PX_LAST,BBG_BDP,2026-09-19T17:00:00-04:00
2026-09-19,EURSEK,2W,BF10,0.33,EURSEK10B2W BGN Curncy,PX_LAST,BBG_BDP,2026-09-19T17:00:00-04:00
2026-09-19,EURSEK,2W,BF25,0.1,EURSEK25B2W BGN Curncy,PX_LAST,BBG_BDP,2026-09-19T17:00:00-04:00
2026-09-19,EURSEK,2W,RR10,0.5025,EURSEK10R2W BGN Curncy,PX_LAST,BBG_BDP,2026-09-19T17:00:00-04:00
2026-09-19,EURSEK,2W,RR25,0.2675,EURSEK25R2W BGN Curncy,PX_LAST,BBG_BDP,2026-09-19T17:00:00-04:00
2026-09-19,EURSEK,3M,ATM,5.5,EURSEKV3M BGN Curncy,PX_LAST,BBG_BDP,2026-09-19T17:00:00-04:00
2026-09-19,EURSEK,3M,BF10,0.45,EURSEK10B3M BGN Curncy,PX_LAST,BBG_BDP,2026-09-19T17:00:00-04:00
2026-09-19,EURSEK,3M,BF25,0.14,EURSEK25B3M BGN Curncy,PX_LAST,BBG_BDP,2026-09-19T17:00:00-04:00
2026-09-19,EURSEK,3M,RR10,0.915,EURSEK10R3M BGN Curncy,PX_LAST,BBG_BDP,2026-09-19T17:00:00-04:00
2026-09-19,EURSEK,3M,RR25,0.485,EURSEK25R3M BGN Curncy,PX_LAST,BBG_BDP,2026-09-19T17:00:00-04:00
2026-09-19,EURSEK,6M,ATM,5.56,EURSEKV6M BGN Curncy,PX_LAST,BBG_BDP,2026-09-19T17:00:00-04:00
2026-09-19,EURSEK,6M,BF10,0.5625,EURSEK10B6M BGN Curncy,PX_LAST,BBG_BDP,2026-09-19T17:00:00-04:00
2026-09-19,EURSEK,6M,BF25,0.175,EURSEK25B6M BGN Curncy,PX_LAST,BBG_BDP,2026-09-19T17:00:00-04:00
2026-09-19,EURSEK,6M,RR10,1.055,EURSEK10R6M BGN Curncy,PX_LAST,BBG_BDP,2026-09-19T17:00:00-04:00
2026-09-19,EURSEK,6M,RR25,0.56,EURSEK25R6M BGN Curncy,PX_LAST,BBG_BDP,2026-09-19T17:00:00-04:00
2026-09-19,EURSEK,9M,ATM,5.7175,EURSEKV9M BGN Curncy,PX_LAST,BBG_BDP,2026-09-19T17:00:00-04:00
2026-09-19,EURSEK,9M,BF10,0.6825,EURSEK10B9M BGN Curncy,PX_LAST,BBG_BDP,2026-09-19T17:00:00-04:00
2026-09-19,EURSEK,9M,BF25,0.2075,EURSEK25B9M BGN Curncy,PX_LAST,BBG_BDP,2026-09-19T17:00:00-04:00
2026-09-19,EURSEK,9M,RR10,1.17,EURSEK10R9M BGN Curncy,PX_LAST,BBG_BDP,2026-09-19T17:00:00-04:00
2026-09-19,EURSEK,9M,RR25,0.6025,EURSEK25R9M BGN Curncy,PX_LAST,BBG_BDP,2026-09-19T17:00:00-04:00
2026-09-19,EURSEK,ON,ATM,3.885,EURSEKVON BGN Curncy,PX_LAST,BBG_BDP,2026-09-19T17:00:00-04:00
2026-09-19,EURSEK,ON,BF10,0.26,EURSEK10BON BGN Curncy,PX_LAST,BBG_BDP,2026-09-19T17:00:00-04:00
2026-09-19,EURSEK,ON,BF25,0.0775,EURSEK25BON BGN Curncy,PX_LAST,BBG_BDP,2026-09-19T17:00:00-04:00
2026-09-19,EURSEK,ON,RR10,0.295,EURSEK10RON BGN Curncy,PX_LAST,BBG_BDP,2026-09-19T17:00:00-04:00
2026-09-19,EURSEK,ON,RR25,0.1625,EURSEK25RON BGN Curncy,PX_LAST,BBG_BDP,2026-09-19T17:00:00-04:00
2026-09-19,EURUSD,1M,ATM,4.645,EURUSDV1M BGN Curncy,PX_LAST,BBG_BDP,2026-09-19T17:00:00-04:00
2026-09-19,EURUSD,1M,BF10,0.425,EURUSD10B1M BGN Curncy,PX_LAST,BBG_BDP,2026-09-19T17:00:00-04:00
2026-09-19,EURUSD,1M,BF25,0.1225,EURUSD25B1M BGN Curncy,PX_LAST,BBG_BDP,2026-09-19T17:00:00-04:00
2026-09-19,EURUSD,1M,RR10,-0.36,EURUSD10R1M BGN Curncy,PX_LAST,BBG_BDP,2026-09-19T17:00:00-04:00
2026-09-19,EURUSD,1M,RR25,-0.1925,EURUSD25R1M BGN Curncy,PX_LAST,BBG_BDP,2026-09-19T17:00:00-04:00
2026-09-19,EURUSD,1W,ATM,4.2775,EURUSDV1W BGN Curncy,PX_LAST,BBG_BDP,2026-09-19T17:00:00-04:00
2026-09-19,EURUSD,1W,BF10,0.3975,EURUSD10B1W BGN Curncy,PX_LAST,BBG_BDP,2026-09-19T17:00:00-04:00
2026-09-19,EURUSD,1W,BF25,0.1175,EURUSD25B1W BGN Curncy,PX_LAST,BBG_BDP,2026-09-19T17:00:00-04:00
2026-09-19,EURUSD,1W,RR10,-0.5675,EURUSD10R1W BGN Curncy,PX_LAST,BBG_BDP,2026-09-19T17:00:00-04:00
2026-09-19,EURUSD,1W,RR25,-0.3125,EURUSD25R1W BGN Curncy,PX_LAST,BBG_BDP,2026-09-19T17:00:00-04:00
2026-09-19,EURUSD,1Y,ATM,6.18,EURUSDV1Y BGN Curncy,PX_LAST,BBG_BDP,2026-09-19T17:00:00-04:00
2026-09-19,EURUSD,1Y,BF10,1.08,EURUSD10B1Y BGN Curncy,PX_LAST,BBG_BDP,2026-09-19T17:00:00-04:00
2026-09-19,EURUSD,1Y,BF25,0.2875,EURUSD25B1Y BGN Curncy,PX_LAST,BBG_BDP,2026-09-19T17:00:00-04:00
2026-09-19,EURUSD,1Y,RR10,-0.235,EURUSD10R1Y BGN Curncy,PX_LAST,BBG_BDP,2026-09-19T17:00:00-04:00
2026-09-19,EURUSD,1Y,RR25,-0.1275,EURUSD25R1Y BGN Curncy,PX_LAST,BBG_BDP,2026-09-19T17:00:00-04:00
2026-09-19,EURUSD,2M,ATM,5.12,EURUSDV2M BGN Curncy,PX_LAST,BBG_BDP,2026-09-19T17:00:00-04:00
2026-09-19,EURUSD,2M,BF10,0.505,EURUSD10B2M BGN Curncy,PX_LAST,BBG_BDP,2026-09-19T17:00:00-04:00
2026-09-19,EURUSD,2M,BF25,0.14,EURUSD25B2M BGN Curncy,PX_LAST,BBG_BDP,2026-09-19T17:00:00-04:00
2026-09-19,EURUSD,2M,RR10,-0.3025,EURUSD10R2M BGN Curncy,PX_LAST,BBG_BDP,2026-09-19T17:00:00-04:00
2026-09-19,EURUSD,2M,RR25,-0.16,EURUSD25R2M BGN Curncy,PX_LAST,BBG_BDP,2026-09-19T17:00:00-04:00
2026-09-19,EURUSD,2W,ATM,4.6775,EURUSDV2W BGN Curncy,PX_LAST,BBG_BDP,2026-09-19T17:00:00-04:00
2026-09-19,EURUSD,2W,BF10,0.405,EURUSD10B2W BGN Curncy,PX_LAST,BBG_BDP,2026-09-19T17:00:00-04:00
2026-09-19,EURUSD,2W,BF25,0.12,EURUSD25B2W BGN Curncy,PX_LAST,BBG_BDP,2026-09-19T17:00:00-04:00
2026-09-19,EURUSD,2W,RR10,-0.475,EURUSD10R2W BGN Curncy,PX_LAST,BBG_BDP,2026-09-19T17:00:00-04:00
2026-09-19,EURUSD,2W,RR25,-0.26,EURUSD25R2W BGN Curncy,PX_LAST,BBG_BDP,2026-09-19T17:00:00-04:00
2026-09-19,EURUSD,3M,ATM,5.325,EURUSDV3M BGN Curncy,PX_LAST,BBG_BDP,2026-09-19T17:00:00-04:00
2026-09-19,EURUSD,3M,BF10,0.575,EURUSD10B3M BGN Curncy,PX_LAST,BBG_BDP,2026-09-19T17:00:00-04:00
2026-09-19,EURUSD,3M,BF25,0.16,EURUSD25B3M BGN Curncy,PX_LAST,BBG_BDP,2026-09-19T17:00:00-04:00
2026-09-19,EURUSD,3M,RR10,-0.275,EURUSD10R3M BGN Curncy,PX_LAST,BBG_BDP,2026-09-19T17:00:00-04:00
2026-09-19,EURUSD,3M,RR25,-0.1475,EURUSD25R3M BGN Curncy,PX_LAST,BBG_BDP,2026-09-19T17:00:00-04:00
2026-09-19,EURUSD,6M,ATM,5.555,EURUSDV6M BGN Curncy,PX_LAST,BBG_BDP,2026-09-19T17:00:00-04:00
2026-09-19,EURUSD,6M,BF10,0.75,EURUSD10B6M BGN Curncy,PX_LAST,BBG_BDP,2026-09-19T17:00:00-04:00
2026-09-19,EURUSD,6M,BF25,0.1975,EURUSD25B6M BGN Curncy,PX_LAST,BBG_BDP,2026-09-19T17:00:00-04:00
2026-09-19,EURUSD,6M,RR10,-0.25,EURUSD10R6M BGN Curncy,PX_LAST,BBG_BDP,2026-09-19T17:00:00-04:00
2026-09-19,EURUSD,6M,RR25,-0.1375,EURUSD25R6M BGN Curncy,PX_LAST,BBG_BDP,2026-09-19T17:00:00-04:00
2026-09-19,EURUSD,9M,ATM,5.995,EURUSDV9M BGN Curncy,PX_LAST,BBG_BDP,2026-09-19T17:00:00-04:00
2026-09-19,EURUSD,9M,BF10,0.93,EURUSD10B9M BGN Curncy,PX_LAST,BBG_BDP,2026-09-19T17:00:00-04:00
2026-09-19,EURUSD,9M,BF25,0.2475,EURUSD25B9M BGN Curncy,PX_LAST,BBG_BDP,2026-09-19T17:00:00-04:00
2026-09-19,EURUSD,9M,RR10,-0.27,EURUSD10R9M BGN Curncy,PX_LAST,BBG_BDP,2026-09-19T17:00:00-04:00
2026-09-19,EURUSD,9M,RR25,-0.1475,EURUSD25R9M BGN Curncy,PX_LAST,BBG_BDP,2026-09-19T17:00:00-04:00
2026-09-19,EURUSD,ON,ATM,2.765,EURUSDVON BGN Curncy,PX_LAST,BBG_BDP,2026-09-19T17:00:00-04:00
2026-09-19,EURUSD,ON,BF10,0.3325,EURUSD10BON BGN Curncy,PX_LAST,BBG_BDP,2026-09-19T17:00:00-04:00
2026-09-19,EURUSD,ON,BF25,0.1075,EURUSD25BON BGN Curncy,PX_LAST,BBG_BDP,2026-09-19T17:00:00-04:00
2026-09-19,EURUSD,ON,RR10,-0.46,EURUSD10RON BGN Curncy,PX_LAST,BBG_BDP,2026-09-19T17:00:00-04:00
2026-09-19,EURUSD,ON,RR25,-0.26,EURUSD25RON BGN Curncy,PX_LAST,BBG_BDP,2026-09-19T17:00:00-04:00
2026-09-19,USDCHF,1M,ATM,6.06,USDCHFV1M BGN Curncy,PX_LAST,BBG_BDP,2026-09-19T17:00:00-04:00
2026-09-19,USDCHF,1M,BF10,0.465,USDCHF10B1M BGN Curncy,PX_LAST,BBG_BDP,2026-09-19T17:00:00-04:00
2026-09-19,USDCHF,1M,BF25,0.135,USDCHF25B1M BGN Curncy,PX_LAST,BBG_BDP,2026-09-19T17:00:00-04:00
2026-09-19,USDCHF,1M,RR10,-0.675,USDCHF10R1M BGN Curncy,PX_LAST,BBG_BDP,2026-09-19T17:00:00-04:00
2026-09-19,USDCHF,1M,RR25,-0.355,USDCHF25R1M BGN Curncy,PX_LAST,BBG_BDP,2026-09-19T17:00:00-04:00
2026-09-19,USDCHF,1W,ATM,6.04,USDCHFV1W BGN Curncy,PX_LAST,BBG_BDP,2026-09-19T17:00:00-04:00
2026-09-19,USDCHF,1W,BF10,0.4,USDCHF10B1W BGN Curncy,PX_LAST,BBG_BDP,2026-09-19T17:00:00-04:00
2026-09-19,USDCHF,1W,BF25,0.1175,USDCHF25B1W BGN Curncy,PX_LAST,BBG_BDP,2026-09-19T17:00:00-04:00
2026-09-19,USDCHF,1W,RR10,-0.38,USDCHF10R1W BGN Curncy,PX_LAST,BBG_BDP,2026-09-19T17:00:00-04:00
2026-09-19,USDCHF,1W,RR25,-0.2025,USDCHF25R1W BGN Curncy,PX_LAST,BBG_BDP,2026-09-19T17:00:00-04:00
2026-09-19,USDCHF,1Y,ATM,7.215,USDCHFV1Y BGN Curncy,PX_LAST,BBG_BDP,2026-09-19T17:00:00-04:00
2026-09-19,USDCHF,1Y,BF10,1.065,USDCHF10B1Y BGN Curncy,PX_LAST,BBG_BDP,2026-09-19T17:00:00-04:00
2026-09-19,USDCHF,1Y,BF25,0.29,USDCHF25B1Y BGN Curncy,PX_LAST,BBG_BDP,2026-09-19T17:00:00-04:00
2026-09-19,USDCHF,1Y,RR10,-1.235,USDCHF10R1Y BGN Curncy,PX_LAST,BBG_BDP,2026-09-19T17:00:00-04:00
2026-09-19,USDCHF,1Y,RR25,-0.67,USDCHF25R1Y BGN Curncy,PX_LAST,BBG_BDP,2026-09-19T17:00:00-04:00
2026-09-19,USDCHF,2M,ATM,6.425,USDCHFV2M BGN Curncy,PX_LAST,BBG_BDP,2026-09-19T17:00:00-04:00
2026-09-19,USDCHF,2M,BF10,0.54,USDCHF10B2M BGN Curncy,PX_LAST,BBG_BDP,2026-09-19T17:00:00-04:00
2026-09-19,USDCHF,2M,BF25,0.1525,USDCHF25B2M BGN Curncy,PX_LAST,BBG_BDP,2026-09-19T17:00:00-04:00
2026-09-19,USDCHF,2M,RR10,-0.83,USDCHF10R2M BGN Curncy,PX_LAST,BBG_BDP,2026-09-19T17:00:00-04:00
2026-09-19,USDCHF,2M,RR25,-0.4375,USDCHF25R2M BGN Curncy,PX_LAST,BBG_BDP,2026-09-19T17:00:00-04:00
2026-09-19,USDCHF,2W,ATM,6.24,USDCHFV2W BGN Curncy,PX_LAST,BBG_BDP,2026-09-19T17:00:00-04:00
2026-09-19,USDCHF,2W,BF10,0.43,USDCHF10B2W BGN Curncy,PX_LAST,BBG_BDP,2026-09-19T17:00:00-04:00
2026-09-19,USDCHF,2W,BF25,0.1275,USDCHF25B2W BGN Curncy,PX_LAST,BBG_BDP,2026-09-19T17:00:00-04:00
2026-09-19,USDCHF,2W,RR10,-0.57,USDCHF10R2W BGN Curncy,PX_LAST,BBG_BDP,2026-09-19T17:00:00-04:00
2026-09-19,USDCHF,2W,RR25,-0.2975,USDCHF25R2W BGN Curncy,PX_LAST,BBG_BDP,2026-09-19T17:00:00-04:00
2026-09-19,USDCHF,3M,ATM,6.6,USDCHFV3M BGN Curncy,PX_LAST,BBG_BDP,2026-09-19T17:00:00-04:00
2026-09-19,USDCHF,3M,BF10,0.62,USDCHF10B3M BGN Curncy,PX_LAST,BBG_BDP,2026-09-19T17:00:00-04:00
2026-09-19,USDCHF,3M,BF25,0.1675,USDCHF25B3M BGN Curncy,PX_LAST,BBG_BDP,2026-09-19T17:00:00-04:00
2026-09-19,USDCHF,3M,RR10,-0.955,USDCHF10R3M BGN Curncy,PX_LAST,BBG_BDP,2026-09-19T17:00:00-04:00
2026-09-19,USDCHF,3M,RR25,-0.4975,USDCHF25R3M BGN Curncy,PX_LAST,BBG_BDP,2026-09-19T17:00:00-04:00
2026-09-19,USDCHF,6M,ATM,6.78,USDCHFV6M BGN Curncy,PX_LAST,BBG_BDP,2026-09-19T17:00:00-04:00
2026-09-19,USDCHF,6M,BF10,0.785,USDCHF10B6M BGN Curncy,PX_LAST,BBG_BDP,2026-09-19T17:00:00-04:00
2026-09-19,USDCHF,6M,BF25,0.2075,USDCHF25B6M BGN Curncy,PX_LAST,BBG_BDP,2026-09-19T17:00:00-04:00
2026-09-19,USDCHF,6M,RR10,-1.07,USDCHF10R6M BGN Curncy,PX_LAST,BBG_BDP,2026-09-19T17:00:00-04:00
2026-09-19,USDCHF,6M,RR25,-0.5575,USDCHF25R6M BGN Curncy,PX_LAST,BBG_BDP,2026-09-19T17:00:00-04:00
2026-09-19,USDCHF,9M,ATM,7.025,USDCHFV9M BGN Curncy,PX_LAST,BBG_BDP,2026-09-19T17:00:00-04:00
2026-09-19,USDCHF,9M,BF10,0.935,USDCHF10B9M BGN Curncy,PX_LAST,BBG_BDP,2026-09-19T17:00:00-04:00
2026-09-19,USDCHF,9M,BF25,0.2425,USDCHF25B9M BGN Curncy,PX_LAST,BBG_BDP,2026-09-19T17:00:00-04:00
2026-09-19,USDCHF,9M,RR10,-1.145,USDCHF10R9M BGN Curncy,PX_LAST,BBG_BDP,2026-09-19T17:00:00-04:00
2026-09-19,USDCHF,9M,RR25,-0.5975,USDCHF25R9M BGN Curncy,PX_LAST,BBG_BDP,2026-09-19T17:00:00-04:00
2026-09-19,USDCHF,ON,ATM,4.17,USDCHFVON BGN Curncy,PX_LAST,BBG_BDP,2026-09-19T17:00:00-04:00
2026-09-19,USDCHF,ON,BF10,0.35,USDCHF10BON BGN Curncy,PX_LAST,BBG_BDP,2026-09-19T17:00:00-04:00
2026-09-19,USDCHF,ON,BF25,0.105,USDCHF25BON BGN Curncy,PX_LAST,BBG_BDP,2026-09-19T17:00:00-04:00
2026-09-19,USDCHF,ON,RR10,-0.24,USDCHF10RON BGN Curncy,PX_LAST,BBG_BDP,2026-09-19T17:00:00-04:00
2026-09-19,USDCHF,ON,RR25,-0.135,USDCHF25RON BGN Curncy,PX_LAST,BBG_BDP,2026-09-19T17:00:00-04:00
2026-09-19,USDJPY,1M,ATM,8.545,USDJPYV1M BGN Curncy,PX_LAST,BBG_BDP,2026-09-19T17:00:00-04:00
2026-09-19,USDJPY,1M,BF10,0.7375,USDJPY10B1M BGN Curncy,PX_LAST,BBG_BDP,2026-09-19T17:00:00-04:00
2026-09-19,USDJPY,1M,BF25,0.2225,USDJPY25B1M BGN Curncy,PX_LAST,BBG_BDP,2026-09-19T17:00:00-04:00
2026-09-19,USDJPY,1M,RR10,-3.8075,USDJPY10R1M BGN Curncy,PX_LAST,BBG_BDP,2026-09-19T17:00:00-04:00
2026-09-19,USDJPY,1M,RR25,-2.0125,USDJPY25R1M BGN Curncy,PX_LAST,BBG_BDP,2026-09-19T17:00:00-04:00
2026-09-19,USDJPY,1W,ATM,9.215,USDJPYV1W BGN Curncy,PX_LAST,BBG_BDP,2026-09-19T17:00:00-04:00
2026-09-19,USDJPY,1W,BF10,0.7825,USDJPY10B1W BGN Curncy,PX_LAST,BBG_BDP,2026-09-19T17:00:00-04:00
2026-09-19,USDJPY,1W,BF25,0.235,USDJPY25B1W BGN Curncy,PX_LAST,BBG_BDP,2026-09-19T17:00:00-04:00
2026-09-19,USDJPY,1W,RR10,-4.17,USDJPY10R1W BGN Curncy,PX_LAST,BBG_BDP,2026-09-19T17:00:00-04:00
2026-09-19,USDJPY,1W,RR25,-2.185,USDJPY25R1W BGN Curncy,PX_LAST,BBG_BDP,2026-09-19T17:00:00-04:00
2026-09-19,USDJPY,1Y,ATM,8.59,USDJPYV1Y BGN Curncy,PX_LAST,BBG_BDP,2026-09-19T17:00:00-04:00
2026-09-19,USDJPY,1Y,BF10,1.2425,USDJPY10B1Y BGN Curncy,PX_LAST,BBG_BDP,2026-09-19T17:00:00-04:00
2026-09-19,USDJPY,1Y,BF25,0.36,USDJPY25B1Y BGN Curncy,PX_LAST,BBG_BDP,2026-09-19T17:00:00-04:00
2026-09-19,USDJPY,1Y,RR10,-1.115,USDJPY10R1Y BGN Curncy,PX_LAST,BBG_BDP,2026-09-19T17:00:00-04:00
2026-09-19,USDJPY,1Y,RR25,-0.59,USDJPY25R1Y BGN Curncy,PX_LAST,BBG_BDP,2026-09-19T17:00:00-04:00
2026-09-19,USDJPY,2M,ATM,8.64,USDJPYV2M BGN Curncy,PX_LAST,BBG_BDP,2026-09-19T17:00:00-04:00
2026-09-19,USDJPY,2M,BF10,0.775,USDJPY10B2M BGN Curncy,PX_LAST,BBG_BDP,2026-09-19T17:00:00-04:00
2026-09-19,USDJPY,2M,BF25,0.24,USDJPY25B2M BGN Curncy,PX_LAST,BBG_BDP,2026-09-19T17:00:00-04:00
2026-09-19,USDJPY,2M,RR10,-3.485,USDJPY10R2M BGN Curncy,PX_LAST,BBG_BDP,2026-09-19T17:00:00-04:00
2026-09-19,USDJPY,2M,RR25,-1.875,USDJPY25R2M BGN Curncy,PX_LAST,BBG_BDP,2026-09-19T17:00:00-04:00
2026-09-19,USDJPY,2W,ATM,9.1725,USDJPYV2W BGN Curncy,PX_LAST,BBG_BDP,2026-09-19T17:00:00-04:00
2026-09-19,USDJPY,2W,BF10,0.7825,USDJPY10B2W BGN Curncy,PX_LAST,BBG_BDP,2026-09-19T17:00:00-04:00
2026-09-19,USDJPY,2W,BF25,0.2425,USDJPY25B2W BGN Curncy,PX_LAST,BBG_BDP,2026-09-19T17:00:00-04:00
2026-09-19,USDJPY,2W,RR10,-4.1825,USDJPY10R2W BGN Curncy,PX_LAST,BBG_BDP,2026-09-19T17:00:00-04:00
2026-09-19,USDJPY,2W,RR25,-2.1725,USDJPY25R2W BGN Curncy,PX_LAST,BBG_BDP,2026-09-19T17:00:00-04:00
2026-09-19,USDJPY,3M,ATM,8.6775,USDJPYV3M BGN Curncy,PX_LAST,BBG_BDP,2026-09-19T17:00:00-04:00
2026-09-19,USDJPY,3M,BF10,0.835,USDJPY10B3M BGN Curncy,PX_LAST,BBG_BDP,2026-09-19T17:00:00-04:00
2026-09-19,USDJPY,3M,BF25,0.2675,USDJPY25B3M BGN Curncy,PX_LAST,BBG_BDP,2026-09-19T17:00:00-04:00
2026-09-19,USDJPY,3M,RR10,-3.21,USDJPY10R3M BGN Curncy,PX_LAST,BBG_BDP,2026-09-19T17:00:00-04:00
2026-09-19,USDJPY,3M,RR25,-1.7875,USDJPY25R3M BGN Curncy,PX_LAST,BBG_BDP,2026-09-19T17:00:00-04:00
2026-09-19,USDJPY,6M,ATM,8.5575,USDJPYV6M BGN Curncy,PX_LAST,BBG_BDP,2026-09-19T17:00:00-04:00
2026-09-19,USDJPY,6M,BF10,0.985,USDJPY10B6M BGN Curncy,PX_LAST,BBG_BDP,2026-09-19T17:00:00-04:00
2026-09-19,USDJPY,6M,BF25,0.285,USDJPY25B6M BGN Curncy,PX_LAST,BBG_BDP,2026-09-19T17:00:00-04:00
2026-09-19,USDJPY,6M,RR10,-2.345,USDJPY10R6M BGN Curncy,PX_LAST,BBG_BDP,2026-09-19T17:00:00-04:00
2026-09-19,USDJPY,6M,RR25,-1.2675,USDJPY25R6M BGN Curncy,PX_LAST,BBG_BDP,2026-09-19T17:00:00-04:00
2026-09-19,USDJPY,9M,ATM,8.5825,USDJPYV9M BGN Curncy,PX_LAST,BBG_BDP,2026-09-19T17:00:00-04:00
2026-09-19,USDJPY,9M,BF10,1.1,USDJPY10B9M BGN Curncy,PX_LAST,BBG_BDP,2026-09-19T17:00:00-04:00
2026-09-19,USDJPY,9M,BF25,0.305,USDJPY25B9M BGN Curncy,PX_LAST,BBG_BDP,2026-09-19T17:00:00-04:00
2026-09-19,USDJPY,9M,RR10,-1.6575,USDJPY10R9M BGN Curncy,PX_LAST,BBG_BDP,2026-09-19T17:00:00-04:00
2026-09-19,USDJPY,9M,RR25,-0.875,USDJPY25R9M BGN Curncy,PX_LAST,BBG_BDP,2026-09-19T17:00:00-04:00
2026-09-19,USDJPY,ON,ATM,7.555,USDJPYVON BGN Curncy,PX_LAST,BBG_BDP,2026-09-19T17:00:00-04:00
2026-09-19,USDJPY,ON,BF10,0.685,USDJPY10BON BGN Curncy,PX_LAST,BBG_BDP,2026-09-19T17:00:00-04:00
2026-09-19,USDJPY,ON,BF25,0.245,USDJPY25BON BGN Curncy,PX_LAST,BBG_BDP,2026-09-19T17:00:00-04:00
2026-09-19,USDJPY,ON,RR10,-3.665,USDJPY10RON BGN Curncy,PX_LAST,BBG_BDP,2026-09-19T17:00:00-04:00
2026-09-19,USDJPY,ON,RR25,-1.995,USDJPY25RON BGN Curncy,PX_LAST,BBG_BDP,2026-09-19T17:00:00-04:00
2026-09-19,USDZAR,1M,ATM,10.255,USDZARV1M BGN Curncy,PX_LAST,BBG_BDP,2026-09-19T17:00:00-04:00
2026-09-19,USDZAR,1M,BF10,1.025,USDZAR10B1M BGN Curncy,PX_LAST,BBG_BDP,2026-09-19T17:00:00-04:00
2026-09-19,USDZAR,1M,BF25,0.315,USDZAR25B1M BGN Curncy,PX_LAST,BBG_BDP,2026-09-19T17:00:00-04:00
2026-09-19,USDZAR,1M,RR10,4.205,USDZAR10R1M BGN Curncy,PX_LAST,BBG_BDP,2026-09-19T17:00:00-04:00
2026-09-19,USDZAR,1M,RR25,2.165,USDZAR25R1M BGN Curncy,PX_LAST,BBG_BDP,2026-09-19T17:00:00-04:00
2026-09-19,USDZAR,1W,ATM,10.21,USDZARV1W BGN Curncy,PX_LAST,BBG_BDP,2026-09-19T17:00:00-04:00
2026-09-19,USDZAR,1W,BF10,0.9575,USDZAR10B1W BGN Curncy,PX_LAST,BBG_BDP,2026-09-19T17:00:00-04:00
2026-09-19,USDZAR,1W,BF25,0.3,USDZAR25B1W BGN Curncy,PX_LAST,BBG_BDP,2026-09-19T17:00:00-04:00
2026-09-19,USDZAR,1W,RR10,3.8225,USDZAR10R1W BGN Curncy,PX_LAST,BBG_BDP,2026-09-19T17:00:00-04:00
2026-09-19,USDZAR,1W,RR25,2.0325,USDZAR25R1W BGN Curncy,PX_LAST,BBG_BDP,2026-09-19T17:00:00-04:00
2026-09-19,USDZAR,1Y,ATM,11.96,USDZARV1Y BGN Curncy,PX_LAST,BBG_BDP,2026-09-19T17:00:00-04:00
2026-09-19,USDZAR,1Y,BF10,1.04,USDZAR10B1Y BGN Curncy,PX_LAST,BBG_BDP,2026-09-19T17:00:00-04:00
2026-09-19,USDZAR,1Y,BF25,0.32,USDZAR25B1Y BGN Curncy,PX_LAST,BBG_BDP,2026-09-19T17:00:00-04:00
2026-09-19,USDZAR,1Y,RR10,3.88,USDZAR10R1Y BGN Curncy,PX_LAST,BBG_BDP,2026-09-19T17:00:00-04:00
2026-09-19,USDZAR,1Y,RR25,1.92,USDZAR25R1Y BGN Curncy,PX_LAST,BBG_BDP,2026-09-19T17:00:00-04:00
2026-09-19,USDZAR,2M,ATM,10.715,USDZARV2M BGN Curncy,PX_LAST,BBG_BDP,2026-09-19T17:00:00-04:00
2026-09-19,USDZAR,2M,BF10,1.0125,USDZAR10B2M BGN Curncy,PX_LAST,BBG_BDP,2026-09-19T17:00:00-04:00
2026-09-19,USDZAR,2M,BF25,0.3075,USDZAR25B2M BGN Curncy,PX_LAST,BBG_BDP,2026-09-19T17:00:00-04:00
2026-09-19,USDZAR,2M,RR10,4.1675,USDZAR10R2M BGN Curncy,PX_LAST,BBG_BDP,2026-09-19T17:00:00-04:00
2026-09-19,USDZAR,2M,RR25,2.1325,USDZAR25R2M BGN Curncy,PX_LAST,BBG_BDP,2026-09-19T17:00:00-04:00
2026-09-19,USDZAR,2W,ATM,10.44,USDZARV2W BGN Curncy,PX_LAST,BBG_BDP,2026-09-19T17:00:00-04:00
2026-09-19,USDZAR,2W,BF10,0.975,USDZAR10B2W BGN Curncy,PX_LAST,BBG_BDP,2026-09-19T17:00:00-04:00
2026-09-19,USDZAR,2W,BF25,0.305,USDZAR25B2W BGN Curncy,PX_LAST,BBG_BDP,2026-09-19T17:00:00-04:00
2026-09-19,USDZAR,2W,RR10,3.95,USDZAR10R2W BGN Curncy,PX_LAST,BBG_BDP,2026-09-19T17:00:00-04:00
2026-09-19,USDZAR,2W,RR25,2.115,USDZAR25R2W BGN Curncy,PX_LAST,BBG_BDP,2026-09-19T17:00:00-04:00
2026-09-19,USDZAR,3M,ATM,10.915,USDZARV3M BGN Curncy,PX_LAST,BBG_BDP,2026-09-19T17:00:00-04:00
2026-09-19,USDZAR,3M,BF10,1.01,USDZAR10B3M BGN Curncy,PX_LAST,BBG_BDP,2026-09-19T17:00:00-04:00
2026-09-19,USDZAR,3M,BF25,0.3075,USDZAR25B3M BGN Curncy,PX_LAST,BBG_BDP,2026-09-19T17:00:00-04:00
2026-09-19,USDZAR,3M,RR10,4.1425,USDZAR10R3M BGN Curncy,PX_LAST,BBG_BDP,2026-09-19T17:00:00-04:00
2026-09-19,USDZAR,3M,RR25,2.1,USDZAR25R3M BGN Curncy,PX_LAST,BBG_BDP,2026-09-19T17:00:00-04:00
2026-09-19,USDZAR,6M,ATM,11.2,USDZARV6M BGN Curncy,PX_LAST,BBG_BDP,2026-09-19T17:00:00-04:00
2026-09-19,USDZAR,6M,BF10,0.975,USDZAR10B6M BGN Curncy,PX_LAST,BBG_BDP,2026-09-19T17:00:00-04:00
2026-09-19,USDZAR,6M,BF25,0.295,USDZAR25B6M BGN Curncy,PX_LAST,BBG_BDP,2026-09-19T17:00:00-04:00
2026-09-19,USDZAR,6M,RR10,4.005,USDZAR10R6M BGN Curncy,PX_LAST,BBG_BDP,2026-09-19T17:00:00-04:00
2026-09-19,USDZAR,6M,RR25,1.995,USDZAR25R6M BGN Curncy,PX_LAST,BBG_BDP,2026-09-19T17:00:00-04:00
2026-09-19,USDZAR,9M,ATM,11.63,USDZARV9M BGN Curncy,PX_LAST,BBG_BDP,2026-09-19T17:00:00-04:00
2026-09-19,USDZAR,9M,BF10,0.99,USDZAR10B9M BGN Curncy,PX_LAST,BBG_BDP,2026-09-19T17:00:00-04:00
2026-09-19,USDZAR,9M,BF25,0.3025,USDZAR25B9M BGN Curncy,PX_LAST,BBG_BDP,2026-09-19T17:00:00-04:00
2026-09-19,USDZAR,9M,RR10,3.9075,USDZAR10R9M BGN Curncy,PX_LAST,BBG_BDP,2026-09-19T17:00:00-04:00
2026-09-19,USDZAR,9M,RR25,1.9325,USDZAR25R9M BGN Curncy,PX_LAST,BBG_BDP,2026-09-19T17:00:00-04:00
2026-09-19,USDZAR,ON,ATM,8.3975,USDZARVON BGN Curncy,PX_LAST,BBG_BDP,2026-09-19T17:00:00-04:00
2026-09-19,USDZAR,ON,BF10,0.82,USDZAR10BON BGN Curncy,PX_LAST,BBG_BDP,2026-09-19T17:00:00-04:00
2026-09-19,USDZAR,ON,BF25,0.255,USDZAR25BON BGN Curncy,PX_LAST,BBG_BDP,2026-09-19T17:00:00-04:00
2026-09-19,USDZAR,ON,RR10,3.0625,USDZAR10RON BGN Curncy,PX_LAST,BBG_BDP,2026-09-19T17:00:00-04:00
2026-09-19,USDZAR,ON,RR25,1.6425,USDZAR25RON BGN Curncy,PX_LAST,BBG_BDP,2026-09-19T17:00:00-04:00
2026-09-19,XAUUSD,1M,ATM,20.94,XAUUSDV1M BGN Curncy,PX_LAST,BBG_BDP,2026-09-19T17:00:00-04:00
2026-09-19,XAUUSD,1M,BF10,2.165,XAUUSD10B1M BGN Curncy,PX_LAST,BBG_BDP,2026-09-19T17:00:00-04:00
2026-09-19,XAUUSD,1M,BF25,0.58,XAUUSD25B1M BGN Curncy,PX_LAST,BBG_BDP,2026-09-19T17:00:00-04:00
2026-09-19,XAUUSD,1M,RR10,1.295,XAUUSD10R1M BGN Curncy,PX_LAST,BBG_BDP,2026-09-19T17:00:00-04:00
2026-09-19,XAUUSD,1M,RR25,0.71,XAUUSD25R1M BGN Curncy,PX_LAST,BBG_BDP,2026-09-19T17:00:00-04:00
2026-09-19,XAUUSD,1W,ATM,19.7375,XAUUSDV1W BGN Curncy,PX_LAST,BBG_BDP,2026-09-19T17:00:00-04:00
2026-09-19,XAUUSD,1W,BF10,1.5125,XAUUSD10B1W BGN Curncy,PX_LAST,BBG_BDP,2026-09-19T17:00:00-04:00
2026-09-19,XAUUSD,1W,BF25,0.425,XAUUSD25B1W BGN Curncy,PX_LAST,BBG_BDP,2026-09-19T17:00:00-04:00
2026-09-19,XAUUSD,1W,RR10,0.6125,XAUUSD10R1W BGN Curncy,PX_LAST,BBG_BDP,2026-09-19T17:00:00-04:00
2026-09-19,XAUUSD,1W,RR25,0.3125,XAUUSD25R1W BGN Curncy,PX_LAST,BBG_BDP,2026-09-19T17:00:00-04:00
2026-09-19,XAUUSD,1Y,ATM,22.12,XAUUSDV1Y BGN Curncy,PX_LAST,BBG_BDP,2026-09-19T17:00:00-04:00
2026-09-19,XAUUSD,1Y,BF10,3.255,XAUUSD10B1Y BGN Curncy,PX_LAST,BBG_BDP,2026-09-19T17:00:00-04:00
2026-09-19,XAUUSD,1Y,BF25,0.955,XAUUSD25B1Y BGN Curncy,PX_LAST,BBG_BDP,2026-09-19T17:00:00-04:00
2026-09-19,XAUUSD,1Y,RR10,2.97,XAUUSD10R1Y BGN Curncy,PX_LAST,BBG_BDP,2026-09-19T17:00:00-04:00
2026-09-19,XAUUSD,1Y,RR25,1.52,XAUUSD25R1Y BGN Curncy,PX_LAST,BBG_BDP,2026-09-19T17:00:00-04:00
2026-09-19,XAUUSD,2M,ATM,21.89,XAUUSDV2M BGN Curncy,PX_LAST,BBG_BDP,2026-09-19T17:00:00-04:00
2026-09-19,XAUUSD,2M,BF10,2.55,XAUUSD10B2M BGN Curncy,PX_LAST,BBG_BDP,2026-09-19T17:00:00-04:00
2026-09-19,XAUUSD,2M,BF25,0.695,XAUUSD25B2M BGN Curncy,PX_LAST,BBG_BDP,2026-09-19T17:00:00-04:00
2026-09-19,XAUUSD,2M,RR10,1.755,XAUUSD10R2M BGN Curncy,PX_LAST,BBG_BDP,2026-09-19T17:00:00-04:00
2026-09-19,XAUUSD,2M,RR25,0.97,XAUUSD25R2M BGN Curncy,PX_LAST,BBG_BDP,2026-09-19T17:00:00-04:00
2026-09-19,XAUUSD,2W,ATM,20.6325,XAUUSDV2W BGN Curncy,PX_LAST,BBG_BDP,2026-09-19T17:00:00-04:00
2026-09-19,XAUUSD,2W,BF10,1.7325,XAUUSD10B2W BGN Curncy,PX_LAST,BBG_BDP,2026-09-19T17:00:00-04:00
2026-09-19,XAUUSD,2W,BF25,0.4925,XAUUSD25B2W BGN Curncy,PX_LAST,BBG_BDP,2026-09-19T17:00:00-04:00
2026-09-19,XAUUSD,2W,RR10,0.87,XAUUSD10R2W BGN Curncy,PX_LAST,BBG_BDP,2026-09-19T17:00:00-04:00
2026-09-19,XAUUSD,2W,RR25,0.4725,XAUUSD25R2W BGN Curncy,PX_LAST,BBG_BDP,2026-09-19T17:00:00-04:00
2026-09-19,XAUUSD,3M,ATM,22.07,XAUUSDV3M BGN Curncy,PX_LAST,BBG_BDP,2026-09-19T17:00:00-04:00
2026-09-19,XAUUSD,3M,BF10,2.685,XAUUSD10B3M BGN Curncy,PX_LAST,BBG_BDP,2026-09-19T17:00:00-04:00
2026-09-19,XAUUSD,3M,BF25,0.74,XAUUSD25B3M BGN Curncy,PX_LAST,BBG_BDP,2026-09-19T17:00:00-04:00
2026-09-19,XAUUSD,3M,RR10,2.06,XAUUSD10R3M BGN Curncy,PX_LAST,BBG_BDP,2026-09-19T17:00:00-04:00
2026-09-19,XAUUSD,3M,RR25,1.115,XAUUSD25R3M BGN Curncy,PX_LAST,BBG_BDP,2026-09-19T17:00:00-04:00
2026-09-19,XAUUSD,6M,ATM,21.975,XAUUSDV6M BGN Curncy,PX_LAST,BBG_BDP,2026-09-19T17:00:00-04:00
2026-09-19,XAUUSD,6M,BF10,2.945,XAUUSD10B6M BGN Curncy,PX_LAST,BBG_BDP,2026-09-19T17:00:00-04:00
2026-09-19,XAUUSD,6M,BF25,0.83,XAUUSD25B6M BGN Curncy,PX_LAST,BBG_BDP,2026-09-19T17:00:00-04:00
2026-09-19,XAUUSD,6M,RR10,2.465,XAUUSD10R6M BGN Curncy,PX_LAST,BBG_BDP,2026-09-19T17:00:00-04:00
2026-09-19,XAUUSD,6M,RR25,1.31,XAUUSD25R6M BGN Curncy,PX_LAST,BBG_BDP,2026-09-19T17:00:00-04:00
2026-09-19,XAUUSD,9M,ATM,22.0425,XAUUSDV9M BGN Curncy,PX_LAST,BBG_BDP,2026-09-19T17:00:00-04:00
2026-09-19,XAUUSD,9M,BF10,3.1425,XAUUSD10B9M BGN Curncy,PX_LAST,BBG_BDP,2026-09-19T17:00:00-04:00
2026-09-19,XAUUSD,9M,BF25,0.9225,XAUUSD25B9M BGN Curncy,PX_LAST,BBG_BDP,2026-09-19T17:00:00-04:00
2026-09-19,XAUUSD,9M,RR10,2.69,XAUUSD10R9M BGN Curncy,PX_LAST,BBG_BDP,2026-09-19T17:00:00-04:00
2026-09-19,XAUUSD,9M,RR25,1.435,XAUUSD25R9M BGN Curncy,PX_LAST,BBG_BDP,2026-09-19T17:00:00-04:00
2026-09-19,XAUUSD,ON,ATM,12.33,XAUUSDVON BGN Curncy,PX_LAST,BBG_BDP,2026-09-19T17:00:00-04:00
2026-09-19,XAUUSD,ON,BF10,0.8825,XAUUSD10BON BGN Curncy,PX_LAST,BBG_BDP,2026-09-19T17:00:00-04:00
2026-09-19,XAUUSD,ON,BF25,0.245,XAUUSD25BON BGN Curncy,PX_LAST,BBG_BDP,2026-09-19T17:00:00-04:00
2026-09-19,XAUUSD,ON,RR10,0.5575,XAUUSD10RON BGN Curncy,PX_LAST,BBG_BDP,2026-09-19T17:00:00-04:00
2026-09-19,XAUUSD,ON,RR25,0.2825,XAUUSD25RON BGN Curncy,PX_LAST,BBG_BDP,2026-09-19T17:00:00-04:00
2026-09-20,EURSEK,1M,ATM,5.265,EURSEKV1M BGN Curncy,PX_LAST,BBG_BDP,2026-09-20T17:00:00-04:00
2026-09-20,EURSEK,1M,BF10,0.365,EURSEK10B1M BGN Curncy,PX_LAST,BBG_BDP,2026-09-20T17:00:00-04:00
2026-09-20,EURSEK,1M,BF25,0.1125,EURSEK25B1M BGN Curncy,PX_LAST,BBG_BDP,2026-09-20T17:00:00-04:00
2026-09-20,EURSEK,1M,RR10,0.645,EURSEK10R1M BGN Curncy,PX_LAST,BBG_BDP,2026-09-20T17:00:00-04:00
2026-09-20,EURSEK,1M,RR25,0.3475,EURSEK25R1M BGN Curncy,PX_LAST,BBG_BDP,2026-09-20T17:00:00-04:00
2026-09-20,EURSEK,1W,ATM,5.4025,EURSEKV1W BGN Curncy,PX_LAST,BBG_BDP,2026-09-20T17:00:00-04:00
2026-09-20,EURSEK,1W,BF10,0.3175,EURSEK10B1W BGN Curncy,PX_LAST,BBG_BDP,2026-09-20T17:00:00-04:00
2026-09-20,EURSEK,1W,BF25,0.0975,EURSEK25B1W BGN Curncy,PX_LAST,BBG_BDP,2026-09-20T17:00:00-04:00
2026-09-20,EURSEK,1W,RR10,0.4325,EURSEK10R1W BGN Curncy,PX_LAST,BBG_BDP,2026-09-20T17:00:00-04:00
2026-09-20,EURSEK,1W,RR25,0.225,EURSEK25R1W BGN Curncy,PX_LAST,BBG_BDP,2026-09-20T17:00:00-04:00
2026-09-20,EURSEK,1Y,ATM,5.785,EURSEKV1Y BGN Curncy,PX_LAST,BBG_BDP,2026-09-20T17:00:00-04:00
2026-09-20,EURSEK,1Y,BF10,0.795,EURSEK10B1Y BGN Curncy,PX_LAST,BBG_BDP,2026-09-20T17:00:00-04:00
2026-09-20,EURSEK,1Y,BF25,0.245,EURSEK25B1Y BGN Curncy,PX_LAST,BBG_BDP,2026-09-20T17:00:00-04:00
2026-09-20,EURSEK,1Y,RR10,1.28,EURSEK10R1Y BGN Curncy,PX_LAST,BBG_BDP,2026-09-20T17:00:00-04:00
2026-09-20,EURSEK,1Y,RR25,0.66,EURSEK25R1Y BGN Curncy,PX_LAST,BBG_BDP,2026-09-20T17:00:00-04:00
2026-09-20,EURSEK,2M,ATM,5.4,EURSEKV2M BGN Curncy,PX_LAST,BBG_BDP,2026-09-20T17:00:00-04:00
2026-09-20,EURSEK,2M,BF10,0.41,EURSEK10B2M BGN Curncy,PX_LAST,BBG_BDP,2026-09-20T17:00:00-04:00
2026-09-20,EURSEK,2M,BF25,0.13,EURSEK25B2M BGN Curncy,PX_LAST,BBG_BDP,2026-09-20T17:00:00-04:00
2026-09-20,EURSEK,2M,RR10,0.765,EURSEK10R2M BGN Curncy,PX_LAST,BBG_BDP,2026-09-20T17:00:00-04:00
2026-09-20,EURSEK,2M,RR25,0.405,EURSEK25R2M BGN Curncy,PX_LAST,BBG_BDP,2026-09-20T17:00:00-04:00
2026-09-20,EURSEK,2W,ATM,5.3475,EURSEKV2W BGN Curncy,PX_LAST,BBG_BDP,2026-09-20T17:00:00-04:00
2026-09-20,EURSEK,2W,BF10,0.33,EURSEK10B2W BGN Curncy,PX_LAST,BBG_BDP,2026-09-20T17:00:00-04:00
2026-09-20,EURSEK,2W,BF25,0.1,EURSEK25B2W BGN Curncy,PX_LAST,BBG_BDP,2026-09-20T17:00:00-04:00
2026-09-20,EURSEK,2W,RR10,0.5025,EURSEK10R2W BGN Curncy,PX_LAST,BBG_BDP,2026-09-20T17:00:00-04:00
2026-09-20,EURSEK,2W,RR25,0.2675,EURSEK25R2W BGN Curncy,PX_LAST,BBG_BDP,2026-09-20T17:00:00-04:00
2026-09-20,EURSEK,3M,ATM,5.5,EURSEKV3M BGN Curncy,PX_LAST,BBG_BDP,2026-09-20T17:00:00-04:00
2026-09-20,EURSEK,3M,BF10,0.45,EURSEK10B3M BGN Curncy,PX_LAST,BBG_BDP,2026-09-20T17:00:00-04:00
2026-09-20,EURSEK,3M,BF25,0.14,EURSEK25B3M BGN Curncy,PX_LAST,BBG_BDP,2026-09-20T17:00:00-04:00
2026-09-20,EURSEK,3M,RR10,0.915,EURSEK10R3M BGN Curncy,PX_LAST,BBG_BDP,2026-09-20T17:00:00-04:00
2026-09-20,EURSEK,3M,RR25,0.485,EURSEK25R3M BGN Curncy,PX_LAST,BBG_BDP,2026-09-20T17:00:00-04:00
2026-09-20,EURSEK,6M,ATM,5.56,EURSEKV6M BGN Curncy,PX_LAST,BBG_BDP,2026-09-20T17:00:00-04:00
2026-09-20,EURSEK,6M,BF10,0.5625,EURSEK10B6M BGN Curncy,PX_LAST,BBG_BDP,2026-09-20T17:00:00-04:00
2026-09-20,EURSEK,6M,BF25,0.175,EURSEK25B6M BGN Curncy,PX_LAST,BBG_BDP,2026-09-20T17:00:00-04:00
2026-09-20,EURSEK,6M,RR10,1.055,EURSEK10R6M BGN Curncy,PX_LAST,BBG_BDP,2026-09-20T17:00:00-04:00
2026-09-20,EURSEK,6M,RR25,0.56,EURSEK25R6M BGN Curncy,PX_LAST,BBG_BDP,2026-09-20T17:00:00-04:00
2026-09-20,EURSEK,9M,ATM,5.7175,EURSEKV9M BGN Curncy,PX_LAST,BBG_BDP,2026-09-20T17:00:00-04:00
2026-09-20,EURSEK,9M,BF10,0.6825,EURSEK10B9M BGN Curncy,PX_LAST,BBG_BDP,2026-09-20T17:00:00-04:00
2026-09-20,EURSEK,9M,BF25,0.2075,EURSEK25B9M BGN Curncy,PX_LAST,BBG_BDP,2026-09-20T17:00:00-04:00
2026-09-20,EURSEK,9M,RR10,1.17,EURSEK10R9M BGN Curncy,PX_LAST,BBG_BDP,2026-09-20T17:00:00-04:00
2026-09-20,EURSEK,9M,RR25,0.6025,EURSEK25R9M BGN Curncy,PX_LAST,BBG_BDP,2026-09-20T17:00:00-04:00
2026-09-20,EURSEK,ON,ATM,3.885,EURSEKVON BGN Curncy,PX_LAST,BBG_BDP,2026-09-20T17:00:00-04:00
2026-09-20,EURSEK,ON,BF10,0.26,EURSEK10BON BGN Curncy,PX_LAST,BBG_BDP,2026-09-20T17:00:00-04:00
2026-09-20,EURSEK,ON,BF25,0.0775,EURSEK25BON BGN Curncy,PX_LAST,BBG_BDP,2026-09-20T17:00:00-04:00
2026-09-20,EURSEK,ON,RR10,0.295,EURSEK10RON BGN Curncy,PX_LAST,BBG_BDP,2026-09-20T17:00:00-04:00
2026-09-20,EURSEK,ON,RR25,0.1625,EURSEK25RON BGN Curncy,PX_LAST,BBG_BDP,2026-09-20T17:00:00-04:00
2026-09-20,EURUSD,1M,ATM,4.645,EURUSDV1M BGN Curncy,PX_LAST,BBG_BDP,2026-09-20T17:00:00-04:00
2026-09-20,EURUSD,1M,BF10,0.425,EURUSD10B1M BGN Curncy,PX_LAST,BBG_BDP,2026-09-20T17:00:00-04:00
2026-09-20,EURUSD,1M,BF25,0.1225,EURUSD25B1M BGN Curncy,PX_LAST,BBG_BDP,2026-09-20T17:00:00-04:00
2026-09-20,EURUSD,1M,RR10,-0.36,EURUSD10R1M BGN Curncy,PX_LAST,BBG_BDP,2026-09-20T17:00:00-04:00
2026-09-20,EURUSD,1M,RR25,-0.1925,EURUSD25R1M BGN Curncy,PX_LAST,BBG_BDP,2026-09-20T17:00:00-04:00
2026-09-20,EURUSD,1W,ATM,4.2775,EURUSDV1W BGN Curncy,PX_LAST,BBG_BDP,2026-09-20T17:00:00-04:00
2026-09-20,EURUSD,1W,BF10,0.3975,EURUSD10B1W BGN Curncy,PX_LAST,BBG_BDP,2026-09-20T17:00:00-04:00
2026-09-20,EURUSD,1W,BF25,0.1175,EURUSD25B1W BGN Curncy,PX_LAST,BBG_BDP,2026-09-20T17:00:00-04:00
2026-09-20,EURUSD,1W,RR10,-0.5675,EURUSD10R1W BGN Curncy,PX_LAST,BBG_BDP,2026-09-20T17:00:00-04:00
2026-09-20,EURUSD,1W,RR25,-0.3125,EURUSD25R1W BGN Curncy,PX_LAST,BBG_BDP,2026-09-20T17:00:00-04:00
2026-09-20,EURUSD,1Y,ATM,6.18,EURUSDV1Y BGN Curncy,PX_LAST,BBG_BDP,2026-09-20T17:00:00-04:00
2026-09-20,EURUSD,1Y,BF10,1.08,EURUSD10B1Y BGN Curncy,PX_LAST,BBG_BDP,2026-09-20T17:00:00-04:00
2026-09-20,EURUSD,1Y,BF25,0.2875,EURUSD25B1Y BGN Curncy,PX_LAST,BBG_BDP,2026-09-20T17:00:00-04:00
2026-09-20,EURUSD,1Y,RR10,-0.235,EURUSD10R1Y BGN Curncy,PX_LAST,BBG_BDP,2026-09-20T17:00:00-04:00
2026-09-20,EURUSD,1Y,RR25,-0.1275,EURUSD25R1Y BGN Curncy,PX_LAST,BBG_BDP,2026-09-20T17:00:00-04:00
2026-09-20,EURUSD,2M,ATM,5.12,EURUSDV2M BGN Curncy,PX_LAST,BBG_BDP,2026-09-20T17:00:00-04:00
2026-09-20,EURUSD,2M,BF10,0.505,EURUSD10B2M BGN Curncy,PX_LAST,BBG_BDP,2026-09-20T17:00:00-04:00
2026-09-20,EURUSD,2M,BF25,0.14,EURUSD25B2M BGN Curncy,PX_LAST,BBG_BDP,2026-09-20T17:00:00-04:00
2026-09-20,EURUSD,2M,RR10,-0.3025,EURUSD10R2M BGN Curncy,PX_LAST,BBG_BDP,2026-09-20T17:00:00-04:00
2026-09-20,EURUSD,2M,RR25,-0.16,EURUSD25R2M BGN Curncy,PX_LAST,BBG_BDP,2026-09-20T17:00:00-04:00
2026-09-20,EURUSD,2W,ATM,4.6775,EURUSDV2W BGN Curncy,PX_LAST,BBG_BDP,2026-09-20T17:00:00-04:00
2026-09-20,EURUSD,2W,BF10,0.405,EURUSD10B2W BGN Curncy,PX_LAST,BBG_BDP,2026-09-20T17:00:00-04:00
2026-09-20,EURUSD,2W,BF25,0.12,EURUSD25B2W BGN Curncy,PX_LAST,BBG_BDP,2026-09-20T17:00:00-04:00
2026-09-20,EURUSD,2W,RR10,-0.475,EURUSD10R2W BGN Curncy,PX_LAST,BBG_BDP,2026-09-20T17:00:00-04:00
2026-09-20,EURUSD,2W,RR25,-0.26,EURUSD25R2W BGN Curncy,PX_LAST,BBG_BDP,2026-09-20T17:00:00-04:00
2026-09-20,EURUSD,3M,ATM,5.325,EURUSDV3M BGN Curncy,PX_LAST,BBG_BDP,2026-09-20T17:00:00-04:00
2026-09-20,EURUSD,3M,BF10,0.575,EURUSD10B3M BGN Curncy,PX_LAST,BBG_BDP,2026-09-20T17:00:00-04:00
2026-09-20,EURUSD,3M,BF25,0.16,EURUSD25B3M BGN Curncy,PX_LAST,BBG_BDP,2026-09-20T17:00:00-04:00
2026-09-20,EURUSD,3M,RR10,-0.275,EURUSD10R3M BGN Curncy,PX_LAST,BBG_BDP,2026-09-20T17:00:00-04:00
2026-09-20,EURUSD,3M,RR25,-0.1475,EURUSD25R3M BGN Curncy,PX_LAST,BBG_BDP,2026-09-20T17:00:00-04:00
2026-09-20,EURUSD,6M,ATM,5.555,EURUSDV6M BGN Curncy,PX_LAST,BBG_BDP,2026-09-20T17:00:00-04:00
2026-09-20,EURUSD,6M,BF10,0.75,EURUSD10B6M BGN Curncy,PX_LAST,BBG_BDP,2026-09-20T17:00:00-04:00
2026-09-20,EURUSD,6M,BF25,0.1975,EURUSD25B6M BGN Curncy,PX_LAST,BBG_BDP,2026-09-20T17:00:00-04:00
2026-09-20,EURUSD,6M,RR10,-0.25,EURUSD10R6M BGN Curncy,PX_LAST,BBG_BDP,2026-09-20T17:00:00-04:00
2026-09-20,EURUSD,6M,RR25,-0.1375,EURUSD25R6M BGN Curncy,PX_LAST,BBG_BDP,2026-09-20T17:00:00-04:00
2026-09-20,EURUSD,9M,ATM,5.995,EURUSDV9M BGN Curncy,PX_LAST,BBG_BDP,2026-09-20T17:00:00-04:00
2026-09-20,EURUSD,9M,BF10,0.93,EURUSD10B9M BGN Curncy,PX_LAST,BBG_BDP,2026-09-20T17:00:00-04:00
2026-09-20,EURUSD,9M,BF25,0.2475,EURUSD25B9M BGN Curncy,PX_LAST,BBG_BDP,2026-09-20T17:00:00-04:00
2026-09-20,EURUSD,9M,RR10,-0.27,EURUSD10R9M BGN Curncy,PX_LAST,BBG_BDP,2026-09-20T17:00:00-04:00
2026-09-20,EURUSD,9M,RR25,-0.1475,EURUSD25R9M BGN Curncy,PX_LAST,BBG_BDP,2026-09-20T17:00:00-04:00
2026-09-20,EURUSD,ON,ATM,2.765,EURUSDVON BGN Curncy,PX_LAST,BBG_BDP,2026-09-20T17:00:00-04:00
2026-09-20,EURUSD,ON,BF10,0.3325,EURUSD10BON BGN Curncy,PX_LAST,BBG_BDP,2026-09-20T17:00:00-04:00
2026-09-20,EURUSD,ON,BF25,0.1075,EURUSD25BON BGN Curncy,PX_LAST,BBG_BDP,2026-09-20T17:00:00-04:00
2026-09-20,EURUSD,ON,RR10,-0.46,EURUSD10RON BGN Curncy,PX_LAST,BBG_BDP,2026-09-20T17:00:00-04:00
2026-09-20,EURUSD,ON,RR25,-0.26,EURUSD25RON BGN Curncy,PX_LAST,BBG_BDP,2026-09-20T17:00:00-04:00
2026-09-20,USDCHF,1M,ATM,6.06,USDCHFV1M BGN Curncy,PX_LAST,BBG_BDP,2026-09-20T17:00:00-04:00
2026-09-20,USDCHF,1M,BF10,0.465,USDCHF10B1M BGN Curncy,PX_LAST,BBG_BDP,2026-09-20T17:00:00-04:00
2026-09-20,USDCHF,1M,BF25,0.135,USDCHF25B1M BGN Curncy,PX_LAST,BBG_BDP,2026-09-20T17:00:00-04:00
2026-09-20,USDCHF,1M,RR10,-0.675,USDCHF10R1M BGN Curncy,PX_LAST,BBG_BDP,2026-09-20T17:00:00-04:00
2026-09-20,USDCHF,1M,RR25,-0.355,USDCHF25R1M BGN Curncy,PX_LAST,BBG_BDP,2026-09-20T17:00:00-04:00
2026-09-20,USDCHF,1W,ATM,6.04,USDCHFV1W BGN Curncy,PX_LAST,BBG_BDP,2026-09-20T17:00:00-04:00
2026-09-20,USDCHF,1W,BF10,0.4,USDCHF10B1W BGN Curncy,PX_LAST,BBG_BDP,2026-09-20T17:00:00-04:00
2026-09-20,USDCHF,1W,BF25,0.1175,USDCHF25B1W BGN Curncy,PX_LAST,BBG_BDP,2026-09-20T17:00:00-04:00
2026-09-20,USDCHF,1W,RR10,-0.38,USDCHF10R1W BGN Curncy,PX_LAST,BBG_BDP,2026-09-20T17:00:00-04:00
2026-09-20,USDCHF,1W,RR25,-0.2025,USDCHF25R1W BGN Curncy,PX_LAST,BBG_BDP,2026-09-20T17:00:00-04:00
2026-09-20,USDCHF,1Y,ATM,7.215,USDCHFV1Y BGN Curncy,PX_LAST,BBG_BDP,2026-09-20T17:00:00-04:00
2026-09-20,USDCHF,1Y,BF10,1.065,USDCHF10B1Y BGN Curncy,PX_LAST,BBG_BDP,2026-09-20T17:00:00-04:00
2026-09-20,USDCHF,1Y,BF25,0.29,USDCHF25B1Y BGN Curncy,PX_LAST,BBG_BDP,2026-09-20T17:00:00-04:00
2026-09-20,USDCHF,1Y,RR10,-1.235,USDCHF10R1Y BGN Curncy,PX_LAST,BBG_BDP,2026-09-20T17:00:00-04:00
2026-09-20,USDCHF,1Y,RR25,-0.67,USDCHF25R1Y BGN Curncy,PX_LAST,BBG_BDP,2026-09-20T17:00:00-04:00
2026-09-20,USDCHF,2M,ATM,6.425,USDCHFV2M BGN Curncy,PX_LAST,BBG_BDP,2026-09-20T17:00:00-04:00
2026-09-20,USDCHF,2M,BF10,0.54,USDCHF10B2M BGN Curncy,PX_LAST,BBG_BDP,2026-09-20T17:00:00-04:00
2026-09-20,USDCHF,2M,BF25,0.1525,USDCHF25B2M BGN Curncy,PX_LAST,BBG_BDP,2026-09-20T17:00:00-04:00
2026-09-20,USDCHF,2M,RR10,-0.83,USDCHF10R2M BGN Curncy,PX_LAST,BBG_BDP,2026-09-20T17:00:00-04:00
2026-09-20,USDCHF,2M,RR25,-0.4375,USDCHF25R2M BGN Curncy,PX_LAST,BBG_BDP,2026-09-20T17:00:00-04:00
2026-09-20,USDCHF,2W,ATM,6.24,USDCHFV2W BGN Curncy,PX_LAST,BBG_BDP,2026-09-20T17:00:00-04:00
2026-09-20,USDCHF,2W,BF10,0.43,USDCHF10B2W BGN Curncy,PX_LAST,BBG_BDP,2026-09-20T17:00:00-04:00
2026-09-20,USDCHF,2W,BF25,0.1275,USDCHF25B2W BGN Curncy,PX_LAST,BBG_BDP,2026-09-20T17:00:00-04:00
2026-09-20,USDCHF,2W,RR10,-0.57,USDCHF10R2W BGN Curncy,PX_LAST,BBG_BDP,2026-09-20T17:00:00-04:00
2026-09-20,USDCHF,2W,RR25,-0.2975,USDCHF25R2W BGN Curncy,PX_LAST,BBG_BDP,2026-09-20T17:00:00-04:00
2026-09-20,USDCHF,3M,ATM,6.6,USDCHFV3M BGN Curncy,PX_LAST,BBG_BDP,2026-09-20T17:00:00-04:00
2026-09-20,USDCHF,3M,BF10,0.62,USDCHF10B3M BGN Curncy,PX_LAST,BBG_BDP,2026-09-20T17:00:00-04:00
2026-09-20,USDCHF,3M,BF25,0.1675,USDCHF25B3M BGN Curncy,PX_LAST,BBG_BDP,2026-09-20T17:00:00-04:00
2026-09-20,USDCHF,3M,RR10,-0.955,USDCHF10R3M BGN Curncy,PX_LAST,BBG_BDP,2026-09-20T17:00:00-04:00
2026-09-20,USDCHF,3M,RR25,-0.4975,USDCHF25R3M BGN Curncy,PX_LAST,BBG_BDP,2026-09-20T17:00:00-04:00
2026-09-20,USDCHF,6M,ATM,6.78,USDCHFV6M BGN Curncy,PX_LAST,BBG_BDP,2026-09-20T17:00:00-04:00
2026-09-20,USDCHF,6M,BF10,0.785,USDCHF10B6M BGN Curncy,PX_LAST,BBG_BDP,2026-09-20T17:00:00-04:00
2026-09-20,USDCHF,6M,BF25,0.2075,USDCHF25B6M BGN Curncy,PX_LAST,BBG_BDP,2026-09-20T17:00:00-04:00
2026-09-20,USDCHF,6M,RR10,-1.07,USDCHF10R6M BGN Curncy,PX_LAST,BBG_BDP,2026-09-20T17:00:00-04:00
2026-09-20,USDCHF,6M,RR25,-0.5575,USDCHF25R6M BGN Curncy,PX_LAST,BBG_BDP,2026-09-20T17:00:00-04:00
2026-09-20,USDCHF,9M,ATM,7.025,USDCHFV9M BGN Curncy,PX_LAST,BBG_BDP,2026-09-20T17:00:00-04:00
2026-09-20,USDCHF,9M,BF10,0.935,USDCHF10B9M BGN Curncy,PX_LAST,BBG_BDP,2026-09-20T17:00:00-04:00
2026-09-20,USDCHF,9M,BF25,0.2425,USDCHF25B9M BGN Curncy,PX_LAST,BBG_BDP,2026-09-20T17:00:00-04:00
2026-09-20,USDCHF,9M,RR10,-1.145,USDCHF10R9M BGN Curncy,PX_LAST,BBG_BDP,2026-09-20T17:00:00-04:00
2026-09-20,USDCHF,9M,RR25,-0.5975,USDCHF25R9M BGN Curncy,PX_LAST,BBG_BDP,2026-09-20T17:00:00-04:00
2026-09-20,USDCHF,ON,ATM,4.17,USDCHFVON BGN Curncy,PX_LAST,BBG_BDP,2026-09-20T17:00:00-04:00
2026-09-20,USDCHF,ON,BF10,0.35,USDCHF10BON BGN Curncy,PX_LAST,BBG_BDP,2026-09-20T17:00:00-04:00
2026-09-20,USDCHF,ON,BF25,0.105,USDCHF25BON BGN Curncy,PX_LAST,BBG_BDP,2026-09-20T17:00:00-04:00
2026-09-20,USDCHF,ON,RR10,-0.24,USDCHF10RON BGN Curncy,PX_LAST,BBG_BDP,2026-09-20T17:00:00-04:00
2026-09-20,USDCHF,ON,RR25,-0.135,USDCHF25RON BGN Curncy,PX_LAST,BBG_BDP,2026-09-20T17:00:00-04:00
2026-09-20,USDJPY,1M,ATM,8.545,USDJPYV1M BGN Curncy,PX_LAST,BBG_BDP,2026-09-20T17:00:00-04:00
2026-09-20,USDJPY,1M,BF10,0.7375,USDJPY10B1M BGN Curncy,PX_LAST,BBG_BDP,2026-09-20T17:00:00-04:00
2026-09-20,USDJPY,1M,BF25,0.2225,USDJPY25B1M BGN Curncy,PX_LAST,BBG_BDP,2026-09-20T17:00:00-04:00
2026-09-20,USDJPY,1M,RR10,-3.8075,USDJPY10R1M BGN Curncy,PX_LAST,BBG_BDP,2026-09-20T17:00:00-04:00
2026-09-20,USDJPY,1M,RR25,-2.0125,USDJPY25R1M BGN Curncy,PX_LAST,BBG_BDP,2026-09-20T17:00:00-04:00
2026-09-20,USDJPY,1W,ATM,9.215,USDJPYV1W BGN Curncy,PX_LAST,BBG_BDP,2026-09-20T17:00:00-04:00
2026-09-20,USDJPY,1W,BF10,0.7825,USDJPY10B1W BGN Curncy,PX_LAST,BBG_BDP,2026-09-20T17:00:00-04:00
2026-09-20,USDJPY,1W,BF25,0.235,USDJPY25B1W BGN Curncy,PX_LAST,BBG_BDP,2026-09-20T17:00:00-04:00
2026-09-20,USDJPY,1W,RR10,-4.17,USDJPY10R1W BGN Curncy,PX_LAST,BBG_BDP,2026-09-20T17:00:00-04:00
2026-09-20,USDJPY,1W,RR25,-2.185,USDJPY25R1W BGN Curncy,PX_LAST,BBG_BDP,2026-09-20T17:00:00-04:00
2026-09-20,USDJPY,1Y,ATM,8.59,USDJPYV1Y BGN Curncy,PX_LAST,BBG_BDP,2026-09-20T17:00:00-04:00
2026-09-20,USDJPY,1Y,BF10,1.2425,USDJPY10B1Y BGN Curncy,PX_LAST,BBG_BDP,2026-09-20T17:00:00-04:00
2026-09-20,USDJPY,1Y,BF25,0.36,USDJPY25B1Y BGN Curncy,PX_LAST,BBG_BDP,2026-09-20T17:00:00-04:00
2026-09-20,USDJPY,1Y,RR10,-1.115,USDJPY10R1Y BGN Curncy,PX_LAST,BBG_BDP,2026-09-20T17:00:00-04:00
2026-09-20,USDJPY,1Y,RR25,-0.59,USDJPY25R1Y BGN Curncy,PX_LAST,BBG_BDP,2026-09-20T17:00:00-04:00
2026-09-20,USDJPY,2M,ATM,8.64,USDJPYV2M BGN Curncy,PX_LAST,BBG_BDP,2026-09-20T17:00:00-04:00
2026-09-20,USDJPY,2M,BF10,0.775,USDJPY10B2M BGN Curncy,PX_LAST,BBG_BDP,2026-09-20T17:00:00-04:00
2026-09-20,USDJPY,2M,BF25,0.24,USDJPY25B2M BGN Curncy,PX_LAST,BBG_BDP,2026-09-20T17:00:00-04:00
2026-09-20,USDJPY,2M,RR10,-3.485,USDJPY10R2M BGN Curncy,PX_LAST,BBG_BDP,2026-09-20T17:00:00-04:00
2026-09-20,USDJPY,2M,RR25,-1.875,USDJPY25R2M BGN Curncy,PX_LAST,BBG_BDP,2026-09-20T17:00:00-04:00
2026-09-20,USDJPY,2W,ATM,9.1725,USDJPYV2W BGN Curncy,PX_LAST,BBG_BDP,2026-09-20T17:00:00-04:00
2026-09-20,USDJPY,2W,BF10,0.7825,USDJPY10B2W BGN Curncy,PX_LAST,BBG_BDP,2026-09-20T17:00:00-04:00
2026-09-20,USDJPY,2W,BF25,0.2425,USDJPY25B2W BGN Curncy,PX_LAST,BBG_BDP,2026-09-20T17:00:00-04:00
2026-09-20,USDJPY,2W,RR10,-4.1825,USDJPY10R2W BGN Curncy,PX_LAST,BBG_BDP,2026-09-20T17:00:00-04:00
2026-09-20,USDJPY,2W,RR25,-2.1725,USDJPY25R2W BGN Curncy,PX_LAST,BBG_BDP,2026-09-20T17:00:00-04:00
2026-09-20,USDJPY,3M,ATM,8.6775,USDJPYV3M BGN Curncy,PX_LAST,BBG_BDP,2026-09-20T17:00:00-04:00
2026-09-20,USDJPY,3M,BF10,0.835,USDJPY10B3M BGN Curncy,PX_LAST,BBG_BDP,2026-09-20T17:00:00-04:00
2026-09-20,USDJPY,3M,BF25,0.2675,USDJPY25B3M BGN Curncy,PX_LAST,BBG_BDP,2026-09-20T17:00:00-04:00
2026-09-20,USDJPY,3M,RR10,-3.21,USDJPY10R3M BGN Curncy,PX_LAST,BBG_BDP,2026-09-20T17:00:00-04:00
2026-09-20,USDJPY,3M,RR25,-1.7875,USDJPY25R3M BGN Curncy,PX_LAST,BBG_BDP,2026-09-20T17:00:00-04:00
2026-09-20,USDJPY,6M,ATM,8.5575,USDJPYV6M BGN Curncy,PX_LAST,BBG_BDP,2026-09-20T17:00:00-04:00
2026-09-20,USDJPY,6M,BF10,0.985,USDJPY10B6M BGN Curncy,PX_LAST,BBG_BDP,2026-09-20T17:00:00-04:00
2026-09-20,USDJPY,6M,BF25,0.285,USDJPY25B6M BGN Curncy,PX_LAST,BBG_BDP,2026-09-20T17:00:00-04:00
2026-09-20,USDJPY,6M,RR10,-2.345,USDJPY10R6M BGN Curncy,PX_LAST,BBG_BDP,2026-09-20T17:00:00-04:00
2026-09-20,USDJPY,6M,RR25,-1.2675,USDJPY25R6M BGN Curncy,PX_LAST,BBG_BDP,2026-09-20T17:00:00-04:00
2026-09-20,USDJPY,9M,ATM,8.5825,USDJPYV9M BGN Curncy,PX_LAST,BBG_BDP,2026-09-20T17:00:00-04:00
2026-09-20,USDJPY,9M,BF10,1.1,USDJPY10B9M BGN Curncy,PX_LAST,BBG_BDP,2026-09-20T17:00:00-04:00
2026-09-20,USDJPY,9M,BF25,0.305,USDJPY25B9M BGN Curncy,PX_LAST,BBG_BDP,2026-09-20T17:00:00-04:00
2026-09-20,USDJPY,9M,RR10,-1.6575,USDJPY10R9M BGN Curncy,PX_LAST,BBG_BDP,2026-09-20T17:00:00-04:00
2026-09-20,USDJPY,9M,RR25,-0.875,USDJPY25R9M BGN Curncy,PX_LAST,BBG_BDP,2026-09-20T17:00:00-04:00
2026-09-20,USDJPY,ON,ATM,7.555,USDJPYVON BGN Curncy,PX_LAST,BBG_BDP,2026-09-20T17:00:00-04:00
2026-09-20,USDJPY,ON,BF10,0.685,USDJPY10BON BGN Curncy,PX_LAST,BBG_BDP,2026-09-20T17:00:00-04:00
2026-09-20,USDJPY,ON,BF25,0.245,USDJPY25BON BGN Curncy,PX_LAST,BBG_BDP,2026-09-20T17:00:00-04:00
2026-09-20,USDJPY,ON,RR10,-3.665,USDJPY10RON BGN Curncy,PX_LAST,BBG_BDP,2026-09-20T17:00:00-04:00
2026-09-20,USDJPY,ON,RR25,-1.995,USDJPY25RON BGN Curncy,PX_LAST,BBG_BDP,2026-09-20T17:00:00-04:00
2026-09-20,USDZAR,1M,ATM,10.255,USDZARV1M BGN Curncy,PX_LAST,BBG_BDP,2026-09-20T17:00:00-04:00
2026-09-20,USDZAR,1M,BF10,1.025,USDZAR10B1M BGN Curncy,PX_LAST,BBG_BDP,2026-09-20T17:00:00-04:00
2026-09-20,USDZAR,1M,BF25,0.315,USDZAR25B1M BGN Curncy,PX_LAST,BBG_BDP,2026-09-20T17:00:00-04:00
2026-09-20,USDZAR,1M,RR10,4.205,USDZAR10R1M BGN Curncy,PX_LAST,BBG_BDP,2026-09-20T17:00:00-04:00
2026-09-20,USDZAR,1M,RR25,2.165,USDZAR25R1M BGN Curncy,PX_LAST,BBG_BDP,2026-09-20T17:00:00-04:00
2026-09-20,USDZAR,1W,ATM,10.21,USDZARV1W BGN Curncy,PX_LAST,BBG_BDP,2026-09-20T17:00:00-04:00
2026-09-20,USDZAR,1W,BF10,0.9575,USDZAR10B1W BGN Curncy,PX_LAST,BBG_BDP,2026-09-20T17:00:00-04:00
2026-09-20,USDZAR,1W,BF25,0.3,USDZAR25B1W BGN Curncy,PX_LAST,BBG_BDP,2026-09-20T17:00:00-04:00
2026-09-20,USDZAR,1W,RR10,3.8225,USDZAR10R1W BGN Curncy,PX_LAST,BBG_BDP,2026-09-20T17:00:00-04:00
2026-09-20,USDZAR,1W,RR25,2.0325,USDZAR25R1W BGN Curncy,PX_LAST,BBG_BDP,2026-09-20T17:00:00-04:00
2026-09-20,USDZAR,1Y,ATM,11.96,USDZARV1Y BGN Curncy,PX_LAST,BBG_BDP,2026-09-20T17:00:00-04:00
2026-09-20,USDZAR,1Y,BF10,1.04,USDZAR10B1Y BGN Curncy,PX_LAST,BBG_BDP,2026-09-20T17:00:00-04:00
2026-09-20,USDZAR,1Y,BF25,0.32,USDZAR25B1Y BGN Curncy,PX_LAST,BBG_BDP,2026-09-20T17:00:00-04:00
2026-09-20,USDZAR,1Y,RR10,3.88,USDZAR10R1Y BGN Curncy,PX_LAST,BBG_BDP,2026-09-20T17:00:00-04:00
2026-09-20,USDZAR,1Y,RR25,1.92,USDZAR25R1Y BGN Curncy,PX_LAST,BBG_BDP,2026-09-20T17:00:00-04:00
2026-09-20,USDZAR,2M,ATM,10.715,USDZARV2M BGN Curncy,PX_LAST,BBG_BDP,2026-09-20T17:00:00-04:00
2026-09-20,USDZAR,2M,BF10,1.0125,USDZAR10B2M BGN Curncy,PX_LAST,BBG_BDP,2026-09-20T17:00:00-04:00
2026-09-20,USDZAR,2M,BF25,0.3075,USDZAR25B2M BGN Curncy,PX_LAST,BBG_BDP,2026-09-20T17:00:00-04:00
2026-09-20,USDZAR,2M,RR10,4.1675,USDZAR10R2M BGN Curncy,PX_LAST,BBG_BDP,2026-09-20T17:00:00-04:00
2026-09-20,USDZAR,2M,RR25,2.1325,USDZAR25R2M BGN Curncy,PX_LAST,BBG_BDP,2026-09-20T17:00:00-04:00
2026-09-20,USDZAR,2W,ATM,10.44,USDZARV2W BGN Curncy,PX_LAST,BBG_BDP,2026-09-20T17:00:00-04:00
2026-09-20,USDZAR,2W,BF10,0.975,USDZAR10B2W BGN Curncy,PX_LAST,BBG_BDP,2026-09-20T17:00:00-04:00
2026-09-20,USDZAR,2W,BF25,0.305,USDZAR25B2W BGN Curncy,PX_LAST,BBG_BDP,2026-09-20T17:00:00-04:00
2026-09-20,USDZAR,2W,RR10,3.95,USDZAR10R2W BGN Curncy,PX_LAST,BBG_BDP,2026-09-20T17:00:00-04:00
2026-09-20,USDZAR,2W,RR25,2.115,USDZAR25R2W BGN Curncy,PX_LAST,BBG_BDP,2026-09-20T17:00:00-04:00
2026-09-20,USDZAR,3M,ATM,10.915,USDZARV3M BGN Curncy,PX_LAST,BBG_BDP,2026-09-20T17:00:00-04:00
2026-09-20,USDZAR,3M,BF10,1.01,USDZAR10B3M BGN Curncy,PX_LAST,BBG_BDP,2026-09-20T17:00:00-04:00
2026-09-20,USDZAR,3M,BF25,0.3075,USDZAR25B3M BGN Curncy,PX_LAST,BBG_BDP,2026-09-20T17:00:00-04:00
2026-09-20,USDZAR,3M,RR10,4.1425,USDZAR10R3M BGN Curncy,PX_LAST,BBG_BDP,2026-09-20T17:00:00-04:00
2026-09-20,USDZAR,3M,RR25,2.1,USDZAR25R3M BGN Curncy,PX_LAST,BBG_BDP,2026-09-20T17:00:00-04:00
2026-09-20,USDZAR,6M,ATM,11.2,USDZARV6M BGN Curncy,PX_LAST,BBG_BDP,2026-09-20T17:00:00-04:00
2026-09-20,USDZAR,6M,BF10,0.975,USDZAR10B6M BGN Curncy,PX_LAST,BBG_BDP,2026-09-20T17:00:00-04:00
2026-09-20,USDZAR,6M,BF25,0.295,USDZAR25B6M BGN Curncy,PX_LAST,BBG_BDP,2026-09-20T17:00:00-04:00
2026-09-20,USDZAR,6M,RR10,4.005,USDZAR10R6M BGN Curncy,PX_LAST,BBG_BDP,2026-09-20T17:00:00-04:00
2026-09-20,USDZAR,6M,RR25,1.995,USDZAR25R6M BGN Curncy,PX_LAST,BBG_BDP,2026-09-20T17:00:00-04:00
2026-09-20,USDZAR,9M,ATM,11.63,USDZARV9M BGN Curncy,PX_LAST,BBG_BDP,2026-09-20T17:00:00-04:00
2026-09-20,USDZAR,9M,BF10,0.99,USDZAR10B9M BGN Curncy,PX_LAST,BBG_BDP,2026-09-20T17:00:00-04:00
2026-09-20,USDZAR,9M,BF25,0.3025,USDZAR25B9M BGN Curncy,PX_LAST,BBG_BDP,2026-09-20T17:00:00-04:00
2026-09-20,USDZAR,9M,RR10,3.9075,USDZAR10R9M BGN Curncy,PX_LAST,BBG_BDP,2026-09-20T17:00:00-04:00
2026-09-20,USDZAR,9M,RR25,1.9325,USDZAR25R9M BGN Curncy,PX_LAST,BBG_BDP,2026-09-20T17:00:00-04:00
2026-09-20,USDZAR,ON,ATM,8.3975,USDZARVON BGN Curncy,PX_LAST,BBG_BDP,2026-09-20T17:00:00-04:00
2026-09-20,USDZAR,ON,BF10,0.82,USDZAR10BON BGN Curncy,PX_LAST,BBG_BDP,2026-09-20T17:00:00-04:00
2026-09-20,USDZAR,ON,BF25,0.255,USDZAR25BON BGN Curncy,PX_LAST,BBG_BDP,2026-09-20T17:00:00-04:00
2026-09-20,USDZAR,ON,RR10,3.0625,USDZAR10RON BGN Curncy,PX_LAST,BBG_BDP,2026-09-20T17:00:00-04:00
2026-09-20,USDZAR,ON,RR25,1.6425,USDZAR25RON BGN Curncy,PX_LAST,BBG_BDP,2026-09-20T17:00:00-04:00
2026-09-20,XAUUSD,1M,ATM,20.94,XAUUSDV1M BGN Curncy,PX_LAST,BBG_BDP,2026-09-20T17:00:00-04:00
2026-09-20,XAUUSD,1M,BF10,2.165,XAUUSD10B1M BGN Curncy,PX_LAST,BBG_BDP,2026-09-20T17:00:00-04:00
2026-09-20,XAUUSD,1M,BF25,0.58,XAUUSD25B1M BGN Curncy,PX_LAST,BBG_BDP,2026-09-20T17:00:00-04:00
2026-09-20,XAUUSD,1M,RR10,1.295,XAUUSD10R1M BGN Curncy,PX_LAST,BBG_BDP,2026-09-20T17:00:00-04:00
2026-09-20,XAUUSD,1M,RR25,0.71,XAUUSD25R1M BGN Curncy,PX_LAST,BBG_BDP,2026-09-20T17:00:00-04:00
2026-09-20,XAUUSD,1W,ATM,19.7375,XAUUSDV1W BGN Curncy,PX_LAST,BBG_BDP,2026-09-20T17:00:00-04:00
2026-09-20,XAUUSD,1W,BF10,1.5125,XAUUSD10B1W BGN Curncy,PX_LAST,BBG_BDP,2026-09-20T17:00:00-04:00
2026-09-20,XAUUSD,1W,BF25,0.425,XAUUSD25B1W BGN Curncy,PX_LAST,BBG_BDP,2026-09-20T17:00:00-04:00
2026-09-20,XAUUSD,1W,RR10,0.6125,XAUUSD10R1W BGN Curncy,PX_LAST,BBG_BDP,2026-09-20T17:00:00-04:00
2026-09-20,XAUUSD,1W,RR25,0.3125,XAUUSD25R1W BGN Curncy,PX_LAST,BBG_BDP,2026-09-20T17:00:00-04:00
2026-09-20,XAUUSD,1Y,ATM,22.12,XAUUSDV1Y BGN Curncy,PX_LAST,BBG_BDP,2026-09-20T17:00:00-04:00
2026-09-20,XAUUSD,1Y,BF10,3.255,XAUUSD10B1Y BGN Curncy,PX_LAST,BBG_BDP,2026-09-20T17:00:00-04:00
2026-09-20,XAUUSD,1Y,BF25,0.955,XAUUSD25B1Y BGN Curncy,PX_LAST,BBG_BDP,2026-09-20T17:00:00-04:00
2026-09-20,XAUUSD,1Y,RR10,2.97,XAUUSD10R1Y BGN Curncy,PX_LAST,BBG_BDP,2026-09-20T17:00:00-04:00
2026-09-20,XAUUSD,1Y,RR25,1.52,XAUUSD25R1Y BGN Curncy,PX_LAST,BBG_BDP,2026-09-20T17:00:00-04:00
2026-09-20,XAUUSD,2M,ATM,21.89,XAUUSDV2M BGN Curncy,PX_LAST,BBG_BDP,2026-09-20T17:00:00-04:00
2026-09-20,XAUUSD,2M,BF10,2.55,XAUUSD10B2M BGN Curncy,PX_LAST,BBG_BDP,2026-09-20T17:00:00-04:00
2026-09-20,XAUUSD,2M,BF25,0.695,XAUUSD25B2M BGN Curncy,PX_LAST,BBG_BDP,2026-09-20T17:00:00-04:00
2026-09-20,XAUUSD,2M,RR10,1.755,XAUUSD10R2M BGN Curncy,PX_LAST,BBG_BDP,2026-09-20T17:00:00-04:00
2026-09-20,XAUUSD,2M,RR25,0.97,XAUUSD25R2M BGN Curncy,PX_LAST,BBG_BDP,2026-09-20T17:00:00-04:00
2026-09-20,XAUUSD,2W,ATM,20.6325,XAUUSDV2W BGN Curncy,PX_LAST,BBG_BDP,2026-09-20T17:00:00-04:00
2026-09-20,XAUUSD,2W,BF10,1.7325,XAUUSD10B2W BGN Curncy,PX_LAST,BBG_BDP,2026-09-20T17:00:00-04:00
2026-09-20,XAUUSD,2W,BF25,0.4925,XAUUSD25B2W BGN Curncy,PX_LAST,BBG_BDP,2026-09-20T17:00:00-04:00
2026-09-20,XAUUSD,2W,RR10,0.87,XAUUSD10R2W BGN Curncy,PX_LAST,BBG_BDP,2026-09-20T17:00:00-04:00
2026-09-20,XAUUSD,2W,RR25,0.4725,XAUUSD25R2W BGN Curncy,PX_LAST,BBG_BDP,2026-09-20T17:00:00-04:00
2026-09-20,XAUUSD,3M,ATM,22.07,XAUUSDV3M BGN Curncy,PX_LAST,BBG_BDP,2026-09-20T17:00:00-04:00
2026-09-20,XAUUSD,3M,BF10,2.685,XAUUSD10B3M BGN Curncy,PX_LAST,BBG_BDP,2026-09-20T17:00:00-04:00
2026-09-20,XAUUSD,3M,BF25,0.74,XAUUSD25B3M BGN Curncy,PX_LAST,BBG_BDP,2026-09-20T17:00:00-04:00
2026-09-20,XAUUSD,3M,RR10,2.06,XAUUSD10R3M BGN Curncy,PX_LAST,BBG_BDP,2026-09-20T17:00:00-04:00
2026-09-20,XAUUSD,3M,RR25,1.115,XAUUSD25R3M BGN Curncy,PX_LAST,BBG_BDP,2026-09-20T17:00:00-04:00
2026-09-20,XAUUSD,6M,ATM,21.975,XAUUSDV6M BGN Curncy,PX_LAST,BBG_BDP,2026-09-20T17:00:00-04:00
2026-09-20,XAUUSD,6M,BF10,2.945,XAUUSD10B6M BGN Curncy,PX_LAST,BBG_BDP,2026-09-20T17:00:00-04:00
2026-09-20,XAUUSD,6M,BF25,0.83,XAUUSD25B6M BGN Curncy,PX_LAST,BBG_BDP,2026-09-20T17:00:00-04:00
2026-09-20,XAUUSD,6M,RR10,2.465,XAUUSD10R6M BGN Curncy,PX_LAST,BBG_BDP,2026-09-20T17:00:00-04:00
2026-09-20,XAUUSD,6M,RR25,1.31,XAUUSD25R6M BGN Curncy,PX_LAST,BBG_BDP,2026-09-20T17:00:00-04:00
2026-09-20,XAUUSD,9M,ATM,22.0425,XAUUSDV9M BGN Curncy,PX_LAST,BBG_BDP,2026-09-20T17:00:00-04:00
2026-09-20,XAUUSD,9M,BF10,3.1425,XAUUSD10B9M BGN Curncy,PX_LAST,BBG_BDP,2026-09-20T17:00:00-04:00
2026-09-20,XAUUSD,9M,BF25,0.9225,XAUUSD25B9M BGN Curncy,PX_LAST,BBG_BDP,2026-09-20T17:00:00-04:00
2026-09-20,XAUUSD,9M,RR10,2.69,XAUUSD10R9M BGN Curncy,PX_LAST,BBG_BDP,2026-09-20T17:00:00-04:00
2026-09-20,XAUUSD,9M,RR25,1.435,XAUUSD25R9M BGN Curncy,PX_LAST,BBG_BDP,2026-09-20T17:00:00-04:00
2026-09-20,XAUUSD,ON,ATM,12.33,XAUUSDVON BGN Curncy,PX_LAST,BBG_BDP,2026-09-20T17:00:00-04:00
2026-09-20,XAUUSD,ON,BF10,0.8825,XAUUSD10BON BGN Curncy,PX_LAST,BBG_BDP,2026-09-20T17:00:00-04:00
2026-09-20,XAUUSD,ON,BF25,0.245,XAUUSD25BON BGN Curncy,PX_LAST,BBG_BDP,2026-09-20T17:00:00-04:00
2026-09-20,XAUUSD,ON,RR10,0.5575,XAUUSD10RON BGN Curncy,PX_LAST,BBG_BDP,2026-09-20T17:00:00-04:00
2026-09-20,XAUUSD,ON,RR25,0.2825,XAUUSD25RON BGN Curncy,PX_LAST,BBG_BDP,2026-09-20T17:00:00-04:00
2026-09-21,EURSEK,1M,ATM,5.375,EURSEKV1M BGN Curncy,PX_LAST,BBG_BDP,2026-09-21T15:00:00-04:00
2026-09-21,EURSEK,1M,BF10,0.35,EURSEK10B1M BGN Curncy,PX_LAST,BBG_BDP,2026-09-21T15:00:00-04:00
2026-09-21,EURSEK,1M,BF25,0.105,EURSEK25B1M BGN Curncy,PX_LAST,BBG_BDP,2026-09-21T15:00:00-04:00
2026-09-21,EURSEK,1M,RR10,0.665,EURSEK10R1M BGN Curncy,PX_LAST,BBG_BDP,2026-09-21T15:00:00-04:00
2026-09-21,EURSEK,1M,RR25,0.355,EURSEK25R1M BGN Curncy,PX_LAST,BBG_BDP,2026-09-21T15:00:00-04:00
2026-09-21,EURSEK,1W,ATM,5.595,EURSEKV1W BGN Curncy,PX_LAST,BBG_BDP,2026-09-21T15:00:00-04:00
2026-09-21,EURSEK,1W,BF10,0.3175,EURSEK10B1W BGN Curncy,PX_LAST,BBG_BDP,2026-09-21T15:00:00-04:00
2026-09-21,EURSEK,1W,BF25,0.0925,EURSEK25B1W BGN Curncy,PX_LAST,BBG_BDP,2026-09-21T15:00:00-04:00
2026-09-21,EURSEK,1W,RR10,0.4175,EURSEK10R1W BGN Curncy,PX_LAST,BBG_BDP,2026-09-21T15:00:00-04:00
2026-09-21,EURSEK,1W,RR25,0.2225,EURSEK25R1W BGN Curncy,PX_LAST,BBG_BDP,2026-09-21T15:00:00-04:00
2026-09-21,EURSEK,1Y,ATM,5.77,EURSEKV1Y BGN Curncy,PX_LAST,BBG_BDP,2026-09-21T15:00:00-04:00
2026-09-21,EURSEK,1Y,BF10,0.795,EURSEK10B1Y BGN Curncy,PX_LAST,BBG_BDP,2026-09-21T15:00:00-04:00
2026-09-21,EURSEK,1Y,BF25,0.2425,EURSEK25B1Y BGN Curncy,PX_LAST,BBG_BDP,2026-09-21T15:00:00-04:00
2026-09-21,EURSEK,1Y,RR10,1.3,EURSEK10R1Y BGN Curncy,PX_LAST,BBG_BDP,2026-09-21T15:00:00-04:00
2026-09-21,EURSEK,1Y,RR25,0.6675,EURSEK25R1Y BGN Curncy,PX_LAST,BBG_BDP,2026-09-21T15:00:00-04:00
2026-09-21,EURSEK,2M,ATM,5.46,EURSEKV2M BGN Curncy,PX_LAST,BBG_BDP,2026-09-21T15:00:00-04:00
2026-09-21,EURSEK,2M,BF10,0.405,EURSEK10B2M BGN Curncy,PX_LAST,BBG_BDP,2026-09-21T15:00:00-04:00
2026-09-21,EURSEK,2M,BF25,0.1225,EURSEK25B2M BGN Curncy,PX_LAST,BBG_BDP,2026-09-21T15:00:00-04:00
2026-09-21,EURSEK,2M,RR10,0.79,EURSEK10R2M BGN Curncy,PX_LAST,BBG_BDP,2026-09-21T15:00:00-04:00
2026-09-21,EURSEK,2M,RR25,0.4175,EURSEK25R2M BGN Curncy,PX_LAST,BBG_BDP,2026-09-21T15:00:00-04:00
2026-09-21,EURSEK,2W,ATM,5.395,EURSEKV2W BGN Curncy,PX_LAST,BBG_BDP,2026-09-21T15:00:00-04:00
2026-09-21,EURSEK,2W,BF10,0.3175,EURSEK10B2W BGN Curncy,PX_LAST,BBG_BDP,2026-09-21T15:00:00-04:00
2026-09-21,EURSEK,2W,BF25,0.095,EURSEK25B2W BGN Curncy,PX_LAST,BBG_BDP,2026-09-21T15:00:00-04:00
2026-09-21,EURSEK,2W,RR10,0.495,EURSEK10R2W BGN Curncy,PX_LAST,BBG_BDP,2026-09-21T15:00:00-04:00
2026-09-21,EURSEK,2W,RR25,0.2625,EURSEK25R2W BGN Curncy,PX_LAST,BBG_BDP,2026-09-21T15:00:00-04:00
2026-09-21,EURSEK,3M,ATM,5.505,EURSEKV3M BGN Curncy,PX_LAST,BBG_BDP,2026-09-21T15:00:00-04:00
2026-09-21,EURSEK,3M,BF10,0.445,EURSEK10B3M BGN Curncy,PX_LAST,BBG_BDP,2026-09-21T15:00:00-04:00
2026-09-21,EURSEK,3M,BF25,0.1375,EURSEK25B3M BGN Curncy,PX_LAST,BBG_BDP,2026-09-21T15:00:00-04:00
2026-09-21,EURSEK,3M,RR10,0.9275,EURSEK10R3M BGN Curncy,PX_LAST,BBG_BDP,2026-09-21T15:00:00-04:00
2026-09-21,EURSEK,3M,RR25,0.49,EURSEK25R3M BGN Curncy,PX_LAST,BBG_BDP,2026-09-21T15:00:00-04:00
2026-09-21,EURSEK,6M,ATM,5.545,EURSEKV6M BGN Curncy,PX_LAST,BBG_BDP,2026-09-21T15:00:00-04:00
2026-09-21,EURSEK,6M,BF10,0.5625,EURSEK10B6M BGN Curncy,PX_LAST,BBG_BDP,2026-09-21T15:00:00-04:00
2026-09-21,EURSEK,6M,BF25,0.17,EURSEK25B6M BGN Curncy,PX_LAST,BBG_BDP,2026-09-21T15:00:00-04:00
2026-09-21,EURSEK,6M,RR10,1.08,EURSEK10R6M BGN Curncy,PX_LAST,BBG_BDP,2026-09-21T15:00:00-04:00
2026-09-21,EURSEK,6M,RR25,0.57,EURSEK25R6M BGN Curncy,PX_LAST,BBG_BDP,2026-09-21T15:00:00-04:00
2026-09-21,EURSEK,9M,ATM,5.7,EURSEKV9M BGN Curncy,PX_LAST,BBG_BDP,2026-09-21T15:00:00-04:00
2026-09-21,EURSEK,9M,BF10,0.685,EURSEK10B9M BGN Curncy,PX_LAST,BBG_BDP,2026-09-21T15:00:00-04:00
2026-09-21,EURSEK,9M,BF25,0.2075,EURSEK25B9M BGN Curncy,PX_LAST,BBG_BDP,2026-09-21T15:00:00-04:00
2026-09-21,EURSEK,9M,RR10,1.1925,EURSEK10R9M BGN Curncy,PX_LAST,BBG_BDP,2026-09-21T15:00:00-04:00
2026-09-21,EURSEK,9M,RR25,0.6125,EURSEK25R9M BGN Curncy,PX_LAST,BBG_BDP,2026-09-21T15:00:00-04:00
2026-09-21,EURSEK,ON,ATM,7.335,EURSEKVON BGN Curncy,PX_LAST,BBG_BDP,2026-09-21T15:00:00-04:00
2026-09-21,EURSEK,ON,BF10,0.3875,EURSEK10BON BGN Curncy,PX_LAST,BBG_BDP,2026-09-21T15:00:00-04:00
2026-09-21,EURSEK,ON,BF25,0.1125,EURSEK25BON BGN Curncy,PX_LAST,BBG_BDP,2026-09-21T15:00:00-04:00
2026-09-21,EURSEK,ON,RR10,0.43,EURSEK10RON BGN Curncy,PX_LAST,BBG_BDP,2026-09-21T15:00:00-04:00
2026-09-21,EURSEK,ON,RR25,0.22,EURSEK25RON BGN Curncy,PX_LAST,BBG_BDP,2026-09-21T15:00:00-04:00
2026-09-21,EURUSD,1M,ATM,4.77,EURUSDV1M BGN Curncy,PX_LAST,BBG_BDP,2026-09-21T15:00:00-04:00
2026-09-21,EURUSD,1M,BF10,0.4075,EURUSD10B1M BGN Curncy,PX_LAST,BBG_BDP,2026-09-21T15:00:00-04:00
2026-09-21,EURUSD,1M,BF25,0.12,EURUSD25B1M BGN Curncy,PX_LAST,BBG_BDP,2026-09-21T15:00:00-04:00
2026-09-21,EURUSD,1M,RR10,-0.375,EURUSD10R1M BGN Curncy,PX_LAST,BBG_BDP,2026-09-21T15:00:00-04:00
2026-09-21,EURUSD,1M,RR25,-0.2025,EURUSD25R1M BGN Curncy,PX_LAST,BBG_BDP,2026-09-21T15:00:00-04:00
2026-09-21,EURUSD,1W,ATM,4.365,EURUSDV1W BGN Curncy,PX_LAST,BBG_BDP,2026-09-21T15:00:00-04:00
2026-09-21,EURUSD,1W,BF10,0.425,EURUSD10B1W BGN Curncy,PX_LAST,BBG_BDP,2026-09-21T15:00:00-04:00
2026-09-21,EURUSD,1W,BF25,0.125,EURUSD25B1W BGN Curncy,PX_LAST,BBG_BDP,2026-09-21T15:00:00-04:00
2026-09-21,EURUSD,1W,RR10,-0.585,EURUSD10R1W BGN Curncy,PX_LAST,BBG_BDP,2026-09-21T15:00:00-04:00
2026-09-21,EURUSD,1W,RR25,-0.315,EURUSD25R1W BGN Curncy,PX_LAST,BBG_BDP,2026-09-21T15:00:00-04:00
2026-09-21,EURUSD,1Y,ATM,6.26,EURUSDV1Y BGN Curncy,PX_LAST,BBG_BDP,2026-09-21T15:00:00-04:00
2026-09-21,EURUSD,1Y,BF10,1.0725,EURUSD10B1Y BGN Curncy,PX_LAST,BBG_BDP,2026-09-21T15:00:00-04:00
2026-09-21,EURUSD,1Y,BF25,0.2925,EURUSD25B1Y BGN Curncy,PX_LAST,BBG_BDP,2026-09-21T15:00:00-04:00
2026-09-21,EURUSD,1Y,RR10,-0.245,EURUSD10R1Y BGN Curncy,PX_LAST,BBG_BDP,2026-09-21T15:00:00-04:00
2026-09-21,EURUSD,1Y,RR25,-0.1375,EURUSD25R1Y BGN Curncy,PX_LAST,BBG_BDP,2026-09-21T15:00:00-04:00
2026-09-21,EURUSD,2M,ATM,5.2,EURUSDV2M BGN Curncy,PX_LAST,BBG_BDP,2026-09-21T15:00:00-04:00
2026-09-21,EURUSD,2M,BF10,0.5025,EURUSD10B2M BGN Curncy,PX_LAST,BBG_BDP,2026-09-21T15:00:00-04:00
2026-09-21,EURUSD,2M,BF25,0.135,EURUSD25B2M BGN Curncy,PX_LAST,BBG_BDP,2026-09-21T15:00:00-04:00
2026-09-21,EURUSD,2M,RR10,-0.3175,EURUSD10R2M BGN Curncy,PX_LAST,BBG_BDP,2026-09-21T15:00:00-04:00
2026-09-21,EURUSD,2M,RR25,-0.1675,EURUSD25R2M BGN Curncy,PX_LAST,BBG_BDP,2026-09-21T15:00:00-04:00
2026-09-21,EURUSD,2W,ATM,4.7025,EURUSDV2W BGN Curncy,PX_LAST,BBG_BDP,2026-09-21T15:00:00-04:00
2026-09-21,EURUSD,2W,BF10,0.42,EURUSD10B2W BGN Curncy,PX_LAST,BBG_BDP,2026-09-21T15:00:00-04:00
2026-09-21,EURUSD,2W,BF25,0.1225,EURUSD25B2W BGN Curncy,PX_LAST,BBG_BDP,2026-09-21T15:00:00-04:00
2026-09-21,EURUSD,2W,RR10,-0.505,EURUSD10R2W BGN Curncy,PX_LAST,BBG_BDP,2026-09-21T15:00:00-04:00
2026-09-21,EURUSD,2W,RR25,-0.2725,EURUSD25R2W BGN Curncy,PX_LAST,BBG_BDP,2026-09-21T15:00:00-04:00
2026-09-21,EURUSD,3M,ATM,5.35,EURUSDV3M BGN Curncy,PX_LAST,BBG_BDP,2026-09-21T15:00:00-04:00
2026-09-21,EURUSD,3M,BF10,0.5775,EURUSD10B3M BGN Curncy,PX_LAST,BBG_BDP,2026-09-21T15:00:00-04:00
2026-09-21,EURUSD,3M,BF25,0.1575,EURUSD25B3M BGN Curncy,PX_LAST,BBG_BDP,2026-09-21T15:00:00-04:00
2026-09-21,EURUSD,3M,RR10,-0.2925,EURUSD10R3M BGN Curncy,PX_LAST,BBG_BDP,2026-09-21T15:00:00-04:00
2026-09-21,EURUSD,3M,RR25,-0.155,EURUSD25R3M BGN Curncy,PX_LAST,BBG_BDP,2026-09-21T15:00:00-04:00
2026-09-21,EURUSD,6M,ATM,5.5825,EURUSDV6M BGN Curncy,PX_LAST,BBG_BDP,2026-09-21T15:00:00-04:00
2026-09-21,EURUSD,6M,BF10,0.7475,EURUSD10B6M BGN Curncy,PX_LAST,BBG_BDP,2026-09-21T15:00:00-04:00
2026-09-21,EURUSD,6M,BF25,0.2025,EURUSD25B6M BGN Curncy,PX_LAST,BBG_BDP,2026-09-21T15:00:00-04:00
2026-09-21,EURUSD,6M,RR10,-0.2625,EURUSD10R6M BGN Curncy,PX_LAST,BBG_BDP,2026-09-21T15:00:00-04:00
2026-09-21,EURUSD,6M,RR25,-0.1425,EURUSD25R6M BGN Curncy,PX_LAST,BBG_BDP,2026-09-21T15:00:00-04:00
2026-09-21,EURUSD,9M,ATM,6.0475,EURUSDV9M BGN Curncy,PX_LAST,BBG_BDP,2026-09-21T15:00:00-04:00
2026-09-21,EURUSD,9M,BF10,0.9275,EURUSD10B9M BGN Curncy,PX_LAST,BBG_BDP,2026-09-21T15:00:00-04:00
2026-09-21,EURUSD,9M,BF25,0.25,EURUSD25B9M BGN Curncy,PX_LAST,BBG_BDP,2026-09-21T15:00:00-04:00
2026-09-21,EURUSD,9M,RR10,-0.285,EURUSD10R9M BGN Curncy,PX_LAST,BBG_BDP,2026-09-21T15:00:00-04:00
2026-09-21,EURUSD,9M,RR25,-0.155,EURUSD25R9M BGN Curncy,PX_LAST,BBG_BDP,2026-09-21T15:00:00-04:00
2026-09-21,EURUSD,ON,ATM,5.7325,EURUSDVON BGN Curncy,PX_LAST,BBG_BDP,2026-09-21T15:00:00-04:00
2026-09-21,EURUSD,ON,BF10,0.465,EURUSD10BON BGN Curncy,PX_LAST,BBG_BDP,2026-09-21T15:00:00-04:00
2026-09-21,EURUSD,ON,BF25,0.15,EURUSD25BON BGN Curncy,PX_LAST,BBG_BDP,2026-09-21T15:00:00-04:00
2026-09-21,EURUSD,ON,RR10,-0.68,EURUSD10RON BGN Curncy,PX_LAST,BBG_BDP,2026-09-21T15:00:00-04:00
2026-09-21,EURUSD,ON,RR25,-0.38,EURUSD25RON BGN Curncy,PX_LAST,BBG_BDP,2026-09-21T15:00:00-04:00
2026-09-21,USDCHF,1M,ATM,6.155,USDCHFV1M BGN Curncy,PX_LAST,BBG_BDP,2026-09-21T15:00:00-04:00
2026-09-21,USDCHF,1M,BF10,0.4625,USDCHF10B1M BGN Curncy,PX_LAST,BBG_BDP,2026-09-21T15:00:00-04:00
2026-09-21,USDCHF,1M,BF25,0.13,USDCHF25B1M BGN Curncy,PX_LAST,BBG_BDP,2026-09-21T15:00:00-04:00
2026-09-21,USDCHF,1M,RR10,-0.68,USDCHF10R1M BGN Curncy,PX_LAST,BBG_BDP,2026-09-21T15:00:00-04:00
2026-09-21,USDCHF,1M,RR25,-0.3575,USDCHF25R1M BGN Curncy,PX_LAST,BBG_BDP,2026-09-21T15:00:00-04:00
2026-09-21,USDCHF,1W,ATM,6.015,USDCHFV1W BGN Curncy,PX_LAST,BBG_BDP,2026-09-21T15:00:00-04:00
2026-09-21,USDCHF,1W,BF10,0.39,USDCHF10B1W BGN Curncy,PX_LAST,BBG_BDP,2026-09-21T15:00:00-04:00
2026-09-21,USDCHF,1W,BF25,0.1125,USDCHF25B1W BGN Curncy,PX_LAST,BBG_BDP,2026-09-21T15:00:00-04:00
2026-09-21,USDCHF,1W,RR10,-0.515,USDCHF10R1W BGN Curncy,PX_LAST,BBG_BDP,2026-09-21T15:00:00-04:00
2026-09-21,USDCHF,1W,RR25,-0.2725,USDCHF25R1W BGN Curncy,PX_LAST,BBG_BDP,2026-09-21T15:00:00-04:00
2026-09-21,USDCHF,1Y,ATM,7.245,USDCHFV1Y BGN Curncy,PX_LAST,BBG_BDP,2026-09-21T15:00:00-04:00
2026-09-21,USDCHF,1Y,BF10,1.07,USDCHF10B1Y BGN Curncy,PX_LAST,BBG_BDP,2026-09-21T15:00:00-04:00
2026-09-21,USDCHF,1Y,BF25,0.3,USDCHF25B1Y BGN Curncy,PX_LAST,BBG_BDP,2026-09-21T15:00:00-04:00
2026-09-21,USDCHF,1Y,RR10,-1.245,USDCHF10R1Y BGN Curncy,PX_LAST,BBG_BDP,2026-09-21T15:00:00-04:00
2026-09-21,USDCHF,1Y,RR25,-0.68,USDCHF25R1Y BGN Curncy,PX_LAST,BBG_BDP,2026-09-21T15:00:00-04:00
2026-09-21,USDCHF,2M,ATM,6.46,USDCHFV2M BGN Curncy,PX_LAST,BBG_BDP,2026-09-21T15:00:00-04:00
2026-09-21,USDCHF,2M,BF10,0.55,USDCHF10B2M BGN Curncy,PX_LAST,BBG_BDP,2026-09-21T15:00:00-04:00
2026-09-21,USDCHF,2M,BF25,0.155,USDCHF25B2M BGN Curncy,PX_LAST,BBG_BDP,2026-09-21T15:00:00-04:00
2026-09-21,USDCHF,2M,RR10,-0.815,USDCHF10R2M BGN Curncy,PX_LAST,BBG_BDP,2026-09-21T15:00:00-04:00
2026-09-21,USDCHF,2M,RR25,-0.4325,USDCHF25R2M BGN Curncy,PX_LAST,BBG_BDP,2026-09-21T15:00:00-04:00
2026-09-21,USDCHF,2W,ATM,6.11,USDCHFV2W BGN Curncy,PX_LAST,BBG_BDP,2026-09-21T15:00:00-04:00
2026-09-21,USDCHF,2W,BF10,0.415,USDCHF10B2W BGN Curncy,PX_LAST,BBG_BDP,2026-09-21T15:00:00-04:00
2026-09-21,USDCHF,2W,BF25,0.1275,USDCHF25B2W BGN Curncy,PX_LAST,BBG_BDP,2026-09-21T15:00:00-04:00
2026-09-21,USDCHF,2W,RR10,-0.62,USDCHF10R2W BGN Curncy,PX_LAST,BBG_BDP,2026-09-21T15:00:00-04:00
2026-09-21,USDCHF,2W,RR25,-0.3275,USDCHF25R2W BGN Curncy,PX_LAST,BBG_BDP,2026-09-21T15:00:00-04:00
2026-09-21,USDCHF,3M,ATM,6.565,USDCHFV3M BGN Curncy,PX_LAST,BBG_BDP,2026-09-21T15:00:00-04:00
2026-09-21,USDCHF,3M,BF10,0.62,USDCHF10B3M BGN Curncy,PX_LAST,BBG_BDP,2026-09-21T15:00:00-04:00
2026-09-21,USDCHF,3M,BF25,0.17,USDCHF25B3M BGN Curncy,PX_LAST,BBG_BDP,2026-09-21T15:00:00-04:00
2026-09-21,USDCHF,3M,RR10,-0.92,USDCHF10R3M BGN Curncy,PX_LAST,BBG_BDP,2026-09-21T15:00:00-04:00
2026-09-21,USDCHF,3M,RR25,-0.48,USDCHF25R3M BGN Curncy,PX_LAST,BBG_BDP,2026-09-21T15:00:00-04:00
2026-09-21,USDCHF,6M,ATM,6.735,USDCHFV6M BGN Curncy,PX_LAST,BBG_BDP,2026-09-21T15:00:00-04:00
2026-09-21,USDCHF,6M,BF10,0.7875,USDCHF10B6M BGN Curncy,PX_LAST,BBG_BDP,2026-09-21T15:00:00-04:00
2026-09-21,USDCHF,6M,BF25,0.2125,USDCHF25B6M BGN Curncy,PX_LAST,BBG_BDP,2026-09-21T15:00:00-04:00
2026-09-21,USDCHF,6M,RR10,-1.0425,USDCHF10R6M BGN Curncy,PX_LAST,BBG_BDP,2026-09-21T15:00:00-04:00
2026-09-21,USDCHF,6M,RR25,-0.55,USDCHF25R6M BGN Curncy,PX_LAST,BBG_BDP,2026-09-21T15:00:00-04:00
2026-09-21,USDCHF,9M,ATM,7.025,USDCHFV9M BGN Curncy,PX_LAST,BBG_BDP,2026-09-21T15:00:00-04:00
2026-09-21,USDCHF,9M,BF10,0.93,USDCHF10B9M BGN Curncy,PX_LAST,BBG_BDP,2026-09-21T15:00:00-04:00
2026-09-21,USDCHF,9M,BF25,0.2425,USDCHF25B9M BGN Curncy,PX_LAST,BBG_BDP,2026-09-21T15:00:00-04:00
2026-09-21,USDCHF,9M,RR10,-1.14,USDCHF10R9M BGN Curncy,PX_LAST,BBG_BDP,2026-09-21T15:00:00-04:00
2026-09-21,USDCHF,9M,RR25,-0.6,USDCHF25R9M BGN Curncy,PX_LAST,BBG_BDP,2026-09-21T15:00:00-04:00
2026-09-21,USDCHF,ON,ATM,7.595,USDCHFVON BGN Curncy,PX_LAST,BBG_BDP,2026-09-21T15:00:00-04:00
2026-09-21,USDCHF,ON,BF10,0.46,USDCHF10BON BGN Curncy,PX_LAST,BBG_BDP,2026-09-21T15:00:00-04:00
2026-09-21,USDCHF,ON,BF25,0.145,USDCHF25BON BGN Curncy,PX_LAST,BBG_BDP,2026-09-21T15:00:00-04:00
2026-09-21,USDCHF,ON,RR10,-0.58,USDCHF10RON BGN Curncy,PX_LAST,BBG_BDP,2026-09-21T15:00:00-04:00
2026-09-21,USDCHF,ON,RR25,-0.3475,USDCHF25RON BGN Curncy,PX_LAST,BBG_BDP,2026-09-21T15:00:00-04:00
2026-09-21,USDJPY,1M,ATM,7.635,USDJPYV1M BGN Curncy,PX_LAST,BBG_BDP,2026-09-21T15:00:00-04:00
2026-09-21,USDJPY,1M,BF10,0.7725,USDJPY10B1M BGN Curncy,PX_LAST,BBG_BDP,2026-09-21T15:00:00-04:00
2026-09-21,USDJPY,1M,BF25,0.2525,USDJPY25B1M BGN Curncy,PX_LAST,BBG_BDP,2026-09-21T15:00:00-04:00
2026-09-21,USDJPY,1M,RR10,-3.7525,USDJPY10R1M BGN Curncy,PX_LAST,BBG_BDP,2026-09-21T15:00:00-04:00
2026-09-21,USDJPY,1M,RR25,-2.02,USDJPY25R1M BGN Curncy,PX_LAST,BBG_BDP,2026-09-21T15:00:00-04:00
2026-09-21,USDJPY,1W,ATM,7.105,USDJPYV1W BGN Curncy,PX_LAST,BBG_BDP,2026-09-21T15:00:00-04:00
2026-09-21,USDJPY,1W,BF10,0.8075,USDJPY10B1W BGN Curncy,PX_LAST,BBG_BDP,2026-09-21T15:00:00-04:00
2026-09-21,USDJPY,1W,BF25,0.275,USDJPY25B1W BGN Curncy,PX_LAST,BBG_BDP,2026-09-21T15:00:00-04:00
2026-09-21,USDJPY,1W,RR10,-4.0725,USDJPY10R1W BGN Curncy,PX_LAST,BBG_BDP,2026-09-21T15:00:00-04:00
2026-09-21,USDJPY,1W,RR25,-2.1875,USDJPY25R1W BGN Curncy,PX_LAST,BBG_BDP,2026-09-21T15:00:00-04:00
2026-09-21,USDJPY,1Y,ATM,8.435,USDJPYV1Y BGN Curncy,PX_LAST,BBG_BDP,2026-09-21T15:00:00-04:00
2026-09-21,USDJPY,1Y,BF10,1.2325,USDJPY10B1Y BGN Curncy,PX_LAST,BBG_BDP,2026-09-21T15:00:00-04:00
2026-09-21,USDJPY,1Y,BF25,0.3575,USDJPY25B1Y BGN Curncy,PX_LAST,BBG_BDP,2026-09-21T15:00:00-04:00
2026-09-21,USDJPY,1Y,RR10,-1.0975,USDJPY10R1Y BGN Curncy,PX_LAST,BBG_BDP,2026-09-21T15:00:00-04:00
2026-09-21,USDJPY,1Y,RR25,-0.57,USDJPY25R1Y BGN Curncy,PX_LAST,BBG_BDP,2026-09-21T15:00:00-04:00
2026-09-21,USDJPY,2M,ATM,8.01,USDJPYV2M BGN Curncy,PX_LAST,BBG_BDP,2026-09-21T15:00:00-04:00
2026-09-21,USDJPY,2M,BF10,0.8075,USDJPY10B2M BGN Curncy,PX_LAST,BBG_BDP,2026-09-21T15:00:00-04:00
2026-09-21,USDJPY,2M,BF25,0.2475,USDJPY25B2M BGN Curncy,PX_LAST,BBG_BDP,2026-09-21T15:00:00-04:00
2026-09-21,USDJPY,2M,RR10,-3.4675,USDJPY10R2M BGN Curncy,PX_LAST,BBG_BDP,2026-09-21T15:00:00-04:00
2026-09-21,USDJPY,2M,RR25,-1.86,USDJPY25R2M BGN Curncy,PX_LAST,BBG_BDP,2026-09-21T15:00:00-04:00
2026-09-21,USDJPY,2W,ATM,7.535,USDJPYV2W BGN Curncy,PX_LAST,BBG_BDP,2026-09-21T15:00:00-04:00
2026-09-21,USDJPY,2W,BF10,0.785,USDJPY10B2W BGN Curncy,PX_LAST,BBG_BDP,2026-09-21T15:00:00-04:00
2026-09-21,USDJPY,2W,BF25,0.25,USDJPY25B2W BGN Curncy,PX_LAST,BBG_BDP,2026-09-21T15:00:00-04:00
2026-09-21,USDJPY,2W,RR10,-3.915,USDJPY10R2W BGN Curncy,PX_LAST,BBG_BDP,2026-09-21T15:00:00-04:00
2026-09-21,USDJPY,2W,RR25,-2.09,USDJPY25R2W BGN Curncy,PX_LAST,BBG_BDP,2026-09-21T15:00:00-04:00
2026-09-21,USDJPY,3M,ATM,8.195,USDJPYV3M BGN Curncy,PX_LAST,BBG_BDP,2026-09-21T15:00:00-04:00
2026-09-21,USDJPY,3M,BF10,0.85,USDJPY10B3M BGN Curncy,PX_LAST,BBG_BDP,2026-09-21T15:00:00-04:00
2026-09-21,USDJPY,3M,BF25,0.2625,USDJPY25B3M BGN Curncy,PX_LAST,BBG_BDP,2026-09-21T15:00:00-04:00
2026-09-21,USDJPY,3M,RR10,-3.14,USDJPY10R3M BGN Curncy,PX_LAST,BBG_BDP,2026-09-21T15:00:00-04:00
2026-09-21,USDJPY,3M,RR25,-1.725,USDJPY25R3M BGN Curncy,PX_LAST,BBG_BDP,2026-09-21T15:00:00-04:00
2026-09-21,USDJPY,6M,ATM,8.235,USDJPYV6M BGN Curncy,PX_LAST,BBG_BDP,2026-09-21T15:00:00-04:00
2026-09-21,USDJPY,6M,BF10,0.9825,USDJPY10B6M BGN Curncy,PX_LAST,BBG_BDP,2026-09-21T15:00:00-04:00
2026-09-21,USDJPY,6M,BF25,0.28,USDJPY25B6M BGN Curncy,PX_LAST,BBG_BDP,2026-09-21T15:00:00-04:00
2026-09-21,USDJPY,6M,RR10,-2.3225,USDJPY10R6M BGN Curncy,PX_LAST,BBG_BDP,2026-09-21T15:00:00-04:00
2026-09-21,USDJPY,6M,RR25,-1.2425,USDJPY25R6M BGN Curncy,PX_LAST,BBG_BDP,2026-09-21T15:00:00-04:00
2026-09-21,USDJPY,9M,ATM,8.35,USDJPYV9M BGN Curncy,PX_LAST,BBG_BDP,2026-09-21T15:00:00-04:00
2026-09-21,USDJPY,9M,BF10,1.1,USDJPY10B9M BGN Curncy,PX_LAST,BBG_BDP,2026-09-21T15:00:00-04:00
2026-09-21,USDJPY,9M,BF25,0.3,USDJPY25B9M BGN Curncy,PX_LAST,BBG_BDP,2026-09-21T15:00:00-04:00
2026-09-21,USDJPY,9M,RR10,-1.645,USDJPY10R9M BGN Curncy,PX_LAST,BBG_BDP,2026-09-21T15:00:00-04:00
2026-09-21,USDJPY,9M,RR25,-0.85,USDJPY25R9M BGN Curncy,PX_LAST,BBG_BDP,2026-09-21T15:00:00-04:00
2026-09-21,USDJPY,ON,ATM,9.4125,USDJPYVON BGN Curncy,PX_LAST,BBG_BDP,2026-09-21T15:00:00-04:00
2026-09-21,USDJPY,ON,BF10,0.865,USDJPY10BON BGN Curncy,PX_LAST,BBG_BDP,2026-09-21T15:00:00-04:00
2026-09-21,USDJPY,ON,BF25,0.3325,USDJPY25BON BGN Curncy,PX_LAST,BBG_BDP,2026-09-21T15:00:00-04:00
2026-09-21,USDJPY,ON,RR10,-4.7175,USDJPY10RON BGN Curncy,PX_LAST,BBG_BDP,2026-09-21T15:00:00-04:00
2026-09-21,USDJPY,ON,RR25,-2.5525,USDJPY25RON BGN Curncy,PX_LAST,BBG_BDP,2026-09-21T15:00:00-04:00
2026-09-21,USDZAR,1M,ATM,10.245,USDZARV1M BGN Curncy,PX_LAST,BBG_BDP,2026-09-21T15:00:00-04:00
2026-09-21,USDZAR,1M,BF10,1.05,USDZAR10B1M BGN Curncy,PX_LAST,BBG_BDP,2026-09-21T15:00:00-04:00
2026-09-21,USDZAR,1M,BF25,0.31,USDZAR25B1M BGN Curncy,PX_LAST,BBG_BDP,2026-09-21T15:00:00-04:00
2026-09-21,USDZAR,1M,RR10,4.015,USDZAR10R1M BGN Curncy,PX_LAST,BBG_BDP,2026-09-21T15:00:00-04:00
2026-09-21,USDZAR,1M,RR25,2.08,USDZAR25R1M BGN Curncy,PX_LAST,BBG_BDP,2026-09-21T15:00:00-04:00
2026-09-21,USDZAR,1W,ATM,10.1625,USDZARV1W BGN Curncy,PX_LAST,BBG_BDP,2026-09-21T15:00:00-04:00
2026-09-21,USDZAR,1W,BF10,0.9925,USDZAR10B1W BGN Curncy,PX_LAST,BBG_BDP,2026-09-21T15:00:00-04:00
2026-09-21,USDZAR,1W,BF25,0.29,USDZAR25B1W BGN Curncy,PX_LAST,BBG_BDP,2026-09-21T15:00:00-04:00
2026-09-21,USDZAR,1W,RR10,3.645,USDZAR10R1W BGN Curncy,PX_LAST,BBG_BDP,2026-09-21T15:00:00-04:00
2026-09-21,USDZAR,1W,RR25,1.9425,USDZAR25R1W BGN Curncy,PX_LAST,BBG_BDP,2026-09-21T15:00:00-04:00
2026-09-21,USDZAR,1Y,ATM,11.935,USDZARV1Y BGN Curncy,PX_LAST,BBG_BDP,2026-09-21T15:00:00-04:00
2026-09-21,USDZAR,1Y,BF10,1.065,USDZAR10B1Y BGN Curncy,PX_LAST,BBG_BDP,2026-09-21T15:00:00-04:00
2026-09-21,USDZAR,1Y,BF25,0.325,USDZAR25B1Y BGN Curncy,PX_LAST,BBG_BDP,2026-09-21T15:00:00-04:00
2026-09-21,USDZAR,1Y,RR10,3.87,USDZAR10R1Y BGN Curncy,PX_LAST,BBG_BDP,2026-09-21T15:00:00-04:00
2026-09-21,USDZAR,1Y,RR25,1.91,USDZAR25R1Y BGN Curncy,PX_LAST,BBG_BDP,2026-09-21T15:00:00-04:00
2026-09-21,USDZAR,2M,ATM,10.57,USDZARV2M BGN Curncy,PX_LAST,BBG_BDP,2026-09-21T15:00:00-04:00
2026-09-21,USDZAR,2M,BF10,1.03,USDZAR10B2M BGN Curncy,PX_LAST,BBG_BDP,2026-09-21T15:00:00-04:00
2026-09-21,USDZAR,2M,BF25,0.305,USDZAR25B2M BGN Curncy,PX_LAST,BBG_BDP,2026-09-21T15:00:00-04:00
2026-09-21,USDZAR,2M,RR10,3.9975,USDZAR10R2M BGN Curncy,PX_LAST,BBG_BDP,2026-09-21T15:00:00-04:00
2026-09-21,USDZAR,2M,RR25,2.045,USDZAR25R2M BGN Curncy,PX_LAST,BBG_BDP,2026-09-21T15:00:00-04:00
2026-09-21,USDZAR,2W,ATM,10.18,USDZARV2W BGN Curncy,PX_LAST,BBG_BDP,2026-09-21T15:00:00-04:00
2026-09-21,USDZAR,2W,BF10,1.0,USDZAR10B2W BGN Curncy,PX_LAST,BBG_BDP,2026-09-21T15:00:00-04:00
2026-09-21,USDZAR,2W,BF25,0.2975,USDZAR25B2W BGN Curncy,PX_LAST,BBG_BDP,2026-09-21T15:00:00-04:00
2026-09-21,USDZAR,2W,RR10,3.755,USDZAR10R2W BGN Curncy,PX_LAST,BBG_BDP,2026-09-21T15:00:00-04:00
2026-09-21,USDZAR,2W,RR25,2.005,USDZAR25R2W BGN Curncy,PX_LAST,BBG_BDP,2026-09-21T15:00:00-04:00
2026-09-21,USDZAR,3M,ATM,10.76,USDZARV3M BGN Curncy,PX_LAST,BBG_BDP,2026-09-21T15:00:00-04:00
2026-09-21,USDZAR,3M,BF10,1.0275,USDZAR10B3M BGN Curncy,PX_LAST,BBG_BDP,2026-09-21T15:00:00-04:00
2026-09-21,USDZAR,3M,BF25,0.3025,USDZAR25B3M BGN Curncy,PX_LAST,BBG_BDP,2026-09-21T15:00:00-04:00
2026-09-21,USDZAR,3M,RR10,3.995,USDZAR10R3M BGN Curncy,PX_LAST,BBG_BDP,2026-09-21T15:00:00-04:00
2026-09-21,USDZAR,3M,RR25,2.0225,USDZAR25R3M BGN Curncy,PX_LAST,BBG_BDP,2026-09-21T15:00:00-04:00
2026-09-21,USDZAR,6M,ATM,11.13,USDZARV6M BGN Curncy,PX_LAST,BBG_BDP,2026-09-21T15:00:00-04:00
2026-09-21,USDZAR,6M,BF10,1.0,USDZAR10B6M BGN Curncy,PX_LAST,BBG_BDP,2026-09-21T15:00:00-04:00
2026-09-21,USDZAR,6M,BF25,0.2975,USDZAR25B6M BGN Curncy,PX_LAST,BBG_BDP,2026-09-21T15:00:00-04:00
2026-09-21,USDZAR,6M,RR10,3.945,USDZAR10R6M BGN Curncy,PX_LAST,BBG_BDP,2026-09-21T15:00:00-04:00
2026-09-21,USDZAR,6M,RR25,1.9575,USDZAR25R6M BGN Curncy,PX_LAST,BBG_BDP,2026-09-21T15:00:00-04:00
2026-09-21,USDZAR,9M,ATM,11.6,USDZARV9M BGN Curncy,PX_LAST,BBG_BDP,2026-09-21T15:00:00-04:00
2026-09-21,USDZAR,9M,BF10,1.02,USDZAR10B9M BGN Curncy,PX_LAST,BBG_BDP,2026-09-21T15:00:00-04:00
2026-09-21,USDZAR,9M,BF25,0.3075,USDZAR25B9M BGN Curncy,PX_LAST,BBG_BDP,2026-09-21T15:00:00-04:00
2026-09-21,USDZAR,9M,RR10,3.88,USDZAR10R9M BGN Curncy,PX_LAST,BBG_BDP,2026-09-21T15:00:00-04:00
2026-09-21,USDZAR,9M,RR25,1.91,USDZAR25R9M BGN Curncy,PX_LAST,BBG_BDP,2026-09-21T15:00:00-04:00
2026-09-21,USDZAR,ON,ATM,13.745,USDZARVON BGN Curncy,PX_LAST,BBG_BDP,2026-09-21T15:00:00-04:00
2026-09-21,USDZAR,ON,BF10,1.215,USDZAR10BON BGN Curncy,PX_LAST,BBG_BDP,2026-09-21T15:00:00-04:00
2026-09-21,USDZAR,ON,BF25,0.365,USDZAR25BON BGN Curncy,PX_LAST,BBG_BDP,2026-09-21T15:00:00-04:00
2026-09-21,USDZAR,ON,RR10,4.2125,USDZAR10RON BGN Curncy,PX_LAST,BBG_BDP,2026-09-21T15:00:00-04:00
2026-09-21,USDZAR,ON,RR25,2.27,USDZAR25RON BGN Curncy,PX_LAST,BBG_BDP,2026-09-21T15:00:00-04:00
2026-09-21,XAUUSD,1M,ATM,20.595,XAUUSDV1M BGN Curncy,PX_LAST,BBG_BDP,2026-09-21T15:00:00-04:00
2026-09-21,XAUUSD,1M,BF10,2.1925,XAUUSD10B1M BGN Curncy,PX_LAST,BBG_BDP,2026-09-21T15:00:00-04:00
2026-09-21,XAUUSD,1M,BF25,0.6025,XAUUSD25B1M BGN Curncy,PX_LAST,BBG_BDP,2026-09-21T15:00:00-04:00
2026-09-21,XAUUSD,1M,RR10,1.0775,XAUUSD10R1M BGN Curncy,PX_LAST,BBG_BDP,2026-09-21T15:00:00-04:00
2026-09-21,XAUUSD,1M,RR25,0.575,XAUUSD25R1M BGN Curncy,PX_LAST,BBG_BDP,2026-09-21T15:00:00-04:00
2026-09-21,XAUUSD,1W,ATM,18.955,XAUUSDV1W BGN Curncy,PX_LAST,BBG_BDP,2026-09-21T15:00:00-04:00
2026-09-21,XAUUSD,1W,BF10,1.4675,XAUUSD10B1W BGN Curncy,PX_LAST,BBG_BDP,2026-09-21T15:00:00-04:00
2026-09-21,XAUUSD,1W,BF25,0.4125,XAUUSD25B1W BGN Curncy,PX_LAST,BBG_BDP,2026-09-21T15:00:00-04:00
2026-09-21,XAUUSD,1W,RR10,0.305,XAUUSD10R1W BGN Curncy,PX_LAST,BBG_BDP,2026-09-21T15:00:00-04:00
2026-09-21,XAUUSD,1W,RR25,0.1625,XAUUSD25R1W BGN Curncy,PX_LAST,BBG_BDP,2026-09-21T15:00:00-04:00
2026-09-21,XAUUSD,1Y,ATM,22.12,XAUUSDV1Y BGN Curncy,PX_LAST,BBG_BDP,2026-09-21T15:00:00-04:00
2026-09-21,XAUUSD,1Y,BF10,3.1675,XAUUSD10B1Y BGN Curncy,PX_LAST,BBG_BDP,2026-09-21T15:00:00-04:00
2026-09-21,XAUUSD,1Y,BF25,0.915,XAUUSD25B1Y BGN Curncy,PX_LAST,BBG_BDP,2026-09-21T15:00:00-04:00
2026-09-21,XAUUSD,1Y,RR10,2.9725,XAUUSD10R1Y BGN Curncy,PX_LAST,BBG_BDP,2026-09-21T15:00:00-04:00
2026-09-21,XAUUSD,1Y,RR25,1.475,XAUUSD25R1Y BGN Curncy,PX_LAST,BBG_BDP,2026-09-21T15:00:00-04:00
2026-09-21,XAUUSD,2M,ATM,21.47,XAUUSDV2M BGN Curncy,PX_LAST,BBG_BDP,2026-09-21T15:00:00-04:00
2026-09-21,XAUUSD,2M,BF10,2.5225,XAUUSD10B2M BGN Curncy,PX_LAST,BBG_BDP,2026-09-21T15:00:00-04:00
2026-09-21,XAUUSD,2M,BF25,0.6925,XAUUSD25B2M BGN Curncy,PX_LAST,BBG_BDP,2026-09-21T15:00:00-04:00
2026-09-21,XAUUSD,2M,RR10,1.59,XAUUSD10R2M BGN Curncy,PX_LAST,BBG_BDP,2026-09-21T15:00:00-04:00
2026-09-21,XAUUSD,2M,RR25,0.8375,XAUUSD25R2M BGN Curncy,PX_LAST,BBG_BDP,2026-09-21T15:00:00-04:00
2026-09-21,XAUUSD,2W,ATM,19.75,XAUUSDV2W BGN Curncy,PX_LAST,BBG_BDP,2026-09-21T15:00:00-04:00
2026-09-21,XAUUSD,2W,BF10,1.8225,XAUUSD10B2W BGN Curncy,PX_LAST,BBG_BDP,2026-09-21T15:00:00-04:00
2026-09-21,XAUUSD,2W,BF25,0.5125,XAUUSD25B2W BGN Curncy,PX_LAST,BBG_BDP,2026-09-21T15:00:00-04:00
2026-09-21,XAUUSD,2W,RR10,0.68,XAUUSD10R2W BGN Curncy,PX_LAST,BBG_BDP,2026-09-21T15:00:00-04:00
2026-09-21,XAUUSD,2W,RR25,0.3625,XAUUSD25R2W BGN Curncy,PX_LAST,BBG_BDP,2026-09-21T15:00:00-04:00
2026-09-21,XAUUSD,3M,ATM,21.66,XAUUSDV3M BGN Curncy,PX_LAST,BBG_BDP,2026-09-21T15:00:00-04:00
2026-09-21,XAUUSD,3M,BF10,2.6775,XAUUSD10B3M BGN Curncy,PX_LAST,BBG_BDP,2026-09-21T15:00:00-04:00
2026-09-21,XAUUSD,3M,BF25,0.74,XAUUSD25B3M BGN Curncy,PX_LAST,BBG_BDP,2026-09-21T15:00:00-04:00
2026-09-21,XAUUSD,3M,RR10,1.925,XAUUSD10R3M BGN Curncy,PX_LAST,BBG_BDP,2026-09-21T15:00:00-04:00
2026-09-21,XAUUSD,3M,RR25,1.0,XAUUSD25R3M BGN Curncy,PX_LAST,BBG_BDP,2026-09-21T15:00:00-04:00
2026-09-21,XAUUSD,6M,ATM,21.78,XAUUSDV6M BGN Curncy,PX_LAST,BBG_BDP,2026-09-21T15:00:00-04:00
2026-09-21,XAUUSD,6M,BF10,2.85,XAUUSD10B6M BGN Curncy,PX_LAST,BBG_BDP,2026-09-21T15:00:00-04:00
2026-09-21,XAUUSD,6M,BF25,0.8075,XAUUSD25B6M BGN Curncy,PX_LAST,BBG_BDP,2026-09-21T15:00:00-04:00
2026-09-21,XAUUSD,6M,RR10,2.395,XAUUSD10R6M BGN Curncy,PX_LAST,BBG_BDP,2026-09-21T15:00:00-04:00
2026-09-21,XAUUSD,6M,RR25,1.2225,XAUUSD25R6M BGN Curncy,PX_LAST,BBG_BDP,2026-09-21T15:00:00-04:00
2026-09-21,XAUUSD,9M,ATM,22.04,XAUUSDV9M BGN Curncy,PX_LAST,BBG_BDP,2026-09-21T15:00:00-04:00
2026-09-21,XAUUSD,9M,BF10,3.0325,XAUUSD10B9M BGN Curncy,PX_LAST,BBG_BDP,2026-09-21T15:00:00-04:00
2026-09-21,XAUUSD,9M,BF25,0.8725,XAUUSD25B9M BGN Curncy,PX_LAST,BBG_BDP,2026-09-21T15:00:00-04:00
2026-09-21,XAUUSD,9M,RR10,2.6475,XAUUSD10R9M BGN Curncy,PX_LAST,BBG_BDP,2026-09-21T15:00:00-04:00
2026-09-21,XAUUSD,9M,RR25,1.35,XAUUSD25R9M BGN Curncy,PX_LAST,BBG_BDP,2026-09-21T15:00:00-04:00
2026-09-21,XAUUSD,ON,ATM,23.2725,XAUUSDVON BGN Curncy,PX_LAST,BBG_BDP,2026-09-21T15:00:00-04:00
2026-09-21,XAUUSD,ON,BF10,1.565,XAUUSD10BON BGN Curncy,PX_LAST,BBG_BDP,2026-09-21T15:00:00-04:00
2026-09-21,XAUUSD,ON,BF25,0.4425,XAUUSD25BON BGN Curncy,PX_LAST,BBG_BDP,2026-09-21T15:00:00-04:00
2026-09-21,XAUUSD,ON,RR10,0.345,XAUUSD10RON BGN Curncy,PX_LAST,BBG_BDP,2026-09-21T15:00:00-04:00
2026-09-21,XAUUSD,ON,RR25,0.18,XAUUSD25RON BGN Curncy,PX_LAST,BBG_BDP,2026-09-21T15:00:00-04:00
